{
    "@class": "com.kony.gen.viz.model.component.KVizButton",
    "DNDConfig": null,
    "_height_": {
        "type": "string",
        "value": "100%"
    },
    "_left_": {
        "type": "string",
        "value": "0dp"
    },
    "_margin_": [
        6,
        6,
        6,
        6
    ],
    "_padding_": [
        0,
        0,
        0,
        0
    ],
    "_skin_": "s9d5bdc7b9e1401a8912498b17184713",
    "_text_": "Look & Feel",
    "_top_": {
        "type": "string",
        "value": "0dp"
    },
    "_width_": {
        "type": "string",
        "value": "100%"
    },
    "canUpdateUI": true,
    "containerweight": 100,
    "contentalignment": 5,
    "disabledSkins": {},
    "displaytext": true,
    "focusskin": "s9d5bdc7b9e1401a8912498b17184713",
    "id": "btnOption3",
    "info": null,
    "iscustomlayout": false,
    "isvisible": true,
    "kuid": "f3b5719163b8472d97dc6f4e2dafc7fe",
    "name": "kony.ui.Button",
    "parent": "flxButtonOption3",
    "pf": "frmInAppFeedbackRating",
    "retaincontentalignment": false,
    "retainflexpositionproperties": false,
    "wType": "Button",
    "zindex": 1
}