{
    "@class": "com.kony.gen.viz.model.component.KVizButton",
    "DNDConfig": null,
    "_height_": {
        "type": "string",
        "value": "100%"
    },
    "_left_": {
        "type": "string",
        "value": "0dp"
    },
    "_margin_": [
        6,
        6,
        6,
        6
    ],
    "_padding_": [
        0,
        0,
        0,
        0
    ],
    "_skin_": "s9d5bdc7b9e1401a8912498b17184713",
    "_text_": "Features",
    "_top_": {
        "type": "string",
        "value": "0dp"
    },
    "_width_": {
        "type": "string",
        "value": "100%"
    },
    "canUpdateUI": true,
    "containerweight": 100,
    "contentalignment": 5,
    "displaytext": true,
    "focusskin": "s31beeb1acb948a9ab9cfb48513042ca",
    "id": "btnOption6",
    "info": null,
    "iscustomlayout": false,
    "isvisible": true,
    "kuid": "a9ed9cdd95be4e17b6b008ef3c42e2d5",
    "name": "kony.ui.Button",
    "parent": "flxButtonOption6",
    "pf": "frmInAppFeedbackRating",
    "retaincontentalignment": false,
    "retainflexpositionproperties": false,
    "wType": "Button",
    "zindex": 1
}