{
    "@class": "com.kony.gen.viz.model.component.KVizButton",
    "DNDConfig": null,
    "_height_": {
        "type": "string",
        "value": "50dp"
    },
    "_margin_": [
        6,
        6,
        6,
        6
    ],
    "_padding_": [
        0,
        0,
        0,
        0
    ],
    "_skin_": "s30d39ca8c744d388569c1d52d0824b6",
    "_text_": "VERIFY",
    "_top_": {
        "type": "string",
        "value": "10dp"
    },
    "_width_": {
        "type": "string",
        "value": "90%"
    },
    "accessibilityconfig": {
        "a11yHint": "Tap Verify to verify the information",
        "a11yLabel": "Verify"
    },
    "canUpdateUI": true,
    "centerx": {
        "type": "string",
        "value": "50%"
    },
    "containerweight": 100,
    "contentalignment": 5,
    "disabledSkins": {},
    "displaytext": true,
    "focusskin": "s77f5e4693994923b02a151cae68403f",
    "id": "btnSubmit",
    "info": null,
    "isvisible": true,
    "kuid": "a6bb70cf7ef34a66886ce6ed57d30389",
    "name": "kony.ui.Button",
    "parent": "flxBottomContainer",
    "pf": "frmInAppFeedbackRating",
    "texti18n": "kony.mb.common.submit",
    "wType": "Button",
    "zindex": 1
}