{
    "@class": "com.kony.gen.viz.model.component.KVizUserWidget",
    "DNDConfig": null,
    "_children_": [],
    "_height_": {
        "type": "string",
        "value": "100%"
    },
    "_left_": {
        "type": "string",
        "value": "0dp"
    },
    "_margin_": [
        0,
        0,
        0,
        0
    ],
    "_orientation_": 1,
    "_padding_": [
        0,
        0,
        0,
        0
    ],
    "_percent_": true,
    "_render_": true,
    "_skin_": "s966eaf1ea1441148b4828270a782f8b",
    "_top_": {
        "type": "string",
        "value": "0dp"
    },
    "_width_": {
        "type": "string",
        "value": "100%"
    },
    "areflexpropsreferenced": false,
    "canUpdateUI": true,
    "clipbounds": false,
    "containerweight": 0,
    "dataDiffs": {
        "btnLeft": {
            "__events__": {},
            "__info__": {
                "kuid": "i76b512d2eb045c8a53288f598a5e87b",
                "srcKUID": "a92fc4f8fe924a5a95a2b7f3de772c04",
                "wType": "Button"
            }
        },
        "btnRight": {
            "__events__": {},
            "__info__": {
                "kuid": "aa8f558197994fa093a7ee4c91bd75b1",
                "srcKUID": "a4ee84ad1d214582898217af1d05a7d5",
                "wType": "Button"
            },
            "i18n_text": "kony.mb.common.Cancel",
            "isVisible": true
        },
        "customHeader": {
            "__events__": {},
            "__info__": {
                "isRoot": true,
                "kuid": "e7045bd1d6ab4a6d8ad0d0aaad6ad17f",
                "srcKUID": "cf270a797f14497bb1bba45b251f1a06",
                "wType": "FlexContainer"
            }
        },
        "flxBack": {
            "__events__": {},
            "__info__": {
                "kuid": "g0b82474864e4c9ea8ccc2f418ebd4f0",
                "srcKUID": "dd5ab076f18a49149f542c0d2b517ac2",
                "wType": "FlexContainer"
            },
            "isVisible": false
        },
        "flxHeader": {
            "__events__": {},
            "__info__": {
                "kuid": "d3b063933c0c407d8c8c90c2f63a68f1",
                "srcKUID": "d9ee03385e1f41a79b8e123b6dda48c5",
                "wType": "FlexContainer"
            }
        },
        "flxHeaderShadow": {
            "__events__": {},
            "__info__": {
                "kuid": "e83c6cea1d2c44dc96acd87bf718e547",
                "srcKUID": "fd3eb3ca751e4798b59a12af8de4fd04",
                "wType": "FlexContainer"
            }
        },
        "flxSearch": {
            "__events__": {},
            "__info__": {
                "kuid": "c555d153114e4ccb8fee6a96d8308269",
                "srcKUID": "f46eab5e257a4a5faca8d9c8b16f58bb",
                "wType": "FlexContainer"
            },
            "isVisible": false
        },
        "imgBack": {
            "__events__": {},
            "__info__": {
                "kuid": "d8089ae1cb94471f899ba43fd8b579d2",
                "srcKUID": "a54167a680ef4852826dcbc71ac31f89",
                "wType": "Image"
            },
            "src": "backbutton.png"
        },
        "imgSearch": {
            "__events__": {},
            "__info__": {
                "kuid": "c41c2a0185ce484996d2a8442ac59634",
                "srcKUID": "d5b6a4c443884b6e920a9e69bfa3cf50",
                "wType": "Image"
            },
            "src": "searchicon.png"
        },
        "lblLocateUs": {
            "__events__": {},
            "__info__": {
                "kuid": "j36185a59c144c75a1c9f2e371570cb6",
                "srcKUID": "c6589a12cf8e43e685fa0a5b4a9223f6",
                "wType": "Label"
            },
            "centerX": {
                "Default": {
                    "type": "string",
                    "value": ""
                }
            },
            "i18n_text": "kony.mb.feedback.feedback",
            "left": {
                "Default": {
                    "type": "string",
                    "value": "40%"
                }
            },
            "text": "Feedback"
        }
    },
    "id": "customHeader",
    "info": null,
    "iscustomlayout": false,
    "isdatareferenced": false,
    "isvisible": true,
    "kuid": "e7045bd1d6ab4a6d8ad0d0aaad6ad17f",
    "layouttype": 2,
    "masterType": 0,
    "name": "kony.ui.UserWidgetInstance",
    "parent": "flxHeader",
    "pf": "frmInAppFeedbackRating",
    "retaincontentalignment": false,
    "retainflexpositionproperties": false,
    "snaptogrid": true,
    "sourceUserWidget": "cf270a797f14497bb1bba45b251f1a06",
    "wType": "UserWidgetInstance"
}