{
    "DNDConfig": null,
    "_height_": {
        "type": "string",
        "value": "55dp"
    },
    "_left_": {
        "type": "string",
        "value": "0dp"
    },
    "_margin_": [
        0,
        0,
        0,
        0
    ],
    "_orientation_": 6,
    "_padding_": [
        0,
        0,
        0,
        0
    ],
    "_percent_": true,
    "_skin_": "s966eaf1ea1441148b4828270a782f8b",
    "_top_": {
        "type": "string",
        "value": "0dp"
    },
    "_width_": {
        "type": "string",
        "value": "100%"
    },
    "allboxes": [],
    "autogrowmode": 0,
    "canUpdateUI": true,
    "children": [
        "flxButtonOption3",
        "flxButtonOption4"
    ],
    "clipbounds": true,
    "containerweight": 100,
    "enablescrolling": true,
    "id": "flxButtons2",
    "info": null,
    "iscustomlayout": false,
    "isvisible": true,
    "kuid": "fda5696807424a8987535545a1dbe06c",
    "layouttype": 2,
    "name": "kony.ui.FlexContainer",
    "parent": "flxFeedbackOptions",
    "pf": "frmInAppFeedbackRating",
    "retaincontentalignment": false,
    "retainflexpositionproperties": false,
    "retainflowhorizontalalignment": false,
    "snapgridsize": 10,
    "snaptogrid": true,
    "wType": "FlexContainer",
    "widgetalignment": 1,
    "zindex": 1
}