{
    "DNDConfig": null,
    "_height_": {
        "type": "string",
        "value": "32dp"
    },
    "_left_": {
        "type": "string",
        "value": "50%"
    },
    "_margin_": [
        0,
        0,
        0,
        0
    ],
    "_orientation_": 6,
    "_padding_": [
        0,
        0,
        0,
        0
    ],
    "_percent_": true,
    "_skin_": "sad077efce234e80ad42206562b7d2ba",
    "_top_": {
        "type": "string",
        "value": "13dp"
    },
    "_width_": {
        "type": "string",
        "value": "45%"
    },
    "allboxes": [],
    "autogrowmode": 0,
    "canUpdateUI": true,
    "children": [
        "btnOption6",
        "imgTick6"
    ],
    "clipbounds": true,
    "containerweight": 100,
    "enablescrolling": true,
    "id": "flxButtonOption6",
    "info": null,
    "iscustomlayout": false,
    "isvisible": false,
    "kuid": "gc9e45d905c34a6697883308e155c303",
    "layouttype": 2,
    "name": "kony.ui.FlexContainer",
    "parent": "flxButtons3",
    "pf": "frmInAppFeedbackRating",
    "retaincontentalignment": false,
    "retainflexpositionproperties": false,
    "retainflowhorizontalalignment": false,
    "snapgridsize": 10,
    "snaptogrid": true,
    "wType": "FlexContainer",
    "widgetalignment": 1,
    "zindex": 1
}