{
    "DNDConfig": null,
    "_height_": {
        "type": "string",
        "value": "45%"
    },
    "_left_": {
        "type": "string",
        "value": "0dp"
    },
    "_margin_": [
        0,
        0,
        0,
        0
    ],
    "_orientation_": 6,
    "_padding_": [
        0,
        0,
        0,
        0
    ],
    "_percent_": true,
    "_skin_": "s966eaf1ea1441148b4828270a782f8b",
    "_top_": {
        "type": "string",
        "value": "10dp"
    },
    "_width_": {
        "type": "string",
        "value": "75%"
    },
    "allboxes": [],
    "autogrowmode": 0,
    "canUpdateUI": true,
    "centerx": {
        "type": "string",
        "value": "50%"
    },
    "children": [
        "flxStar1",
        "flxStar2",
        "flxStar3",
        "flxStar4",
        "flxStar5"
    ],
    "clipbounds": true,
    "containerweight": 100,
    "enablescrolling": true,
    "id": "flxStarRatingsContainer",
    "info": null,
    "iscustomlayout": false,
    "isvisible": true,
    "kuid": "e6ef7d1a42ee47cc9fdbe57996cdd25c",
    "layouttype": 3,
    "name": "kony.ui.FlexContainer",
    "parent": "flexStarRating",
    "pf": "frmInAppFeedbackRating",
    "retaincontentalignment": false,
    "retainflexpositionproperties": false,
    "retainflowhorizontalalignment": false,
    "snapgridsize": 10,
    "snaptogrid": true,
    "wType": "FlexContainer",
    "widgetalignment": 1,
    "zindex": 1
}