{
    "@class": "com.kony.gen.viz.model.component.KVizImage2",
    "DNDConfig": null,
    "_base64_": null,
    "_height_": {
        "type": "string",
        "value": "10dp"
    },
    "_margin_": [
        0,
        0,
        0,
        0
    ],
    "_padding_": [
        0,
        0,
        0,
        0
    ],
    "_right_": {
        "type": "string",
        "value": "10dp"
    },
    "_skin_": "s679032976ec4441b527ec218f32745a",
    "_src_": "tickmark_green.png",
    "_top_": {
        "type": "string",
        "value": "7dp"
    },
    "_width_": {
        "type": "string",
        "value": "10dp"
    },
    "canUpdateUI": true,
    "centery": {
        "type": "string",
        "value": "50%"
    },
    "containerweight": 100,
    "id": "imgTick6",
    "imagescalemode": 1,
    "info": null,
    "invokedProperty": "src",
    "iscustomlayout": false,
    "isvisible": false,
    "kuid": "ceb6ca63599c4e2f8540a9ab1cc1257f",
    "name": "kony.ui.Image2",
    "parent": "flxButtonOption6",
    "pf": "frmInAppFeedbackRating",
    "retaincontentalignment": false,
    "retainflexpositionproperties": false,
    "srcType": 1,
    "wType": "Image",
    "widgetalignment": 5,
    "zindex": 5
}