{
    "@class": "com.kony.gen.viz.model.component.KVizTextArea2",
    "DNDConfig": null,
    "_bottom_": {
        "type": "string",
        "value": "10dp"
    },
    "_height_": {
        "type": "string",
        "value": "80dp"
    },
    "_left_": {
        "type": "string",
        "value": "20dp"
    },
    "_margin_": [
        2,
        2,
        2,
        2
    ],
    "_padding_": [
        2,
        2,
        2,
        2
    ],
    "_placeholder_": "",
    "_right_": {
        "type": "string",
        "value": "10dp"
    },
    "_skin_": "s9f8b6aa85b947808372081c3ac50ebd",
    "_text_": "",
    "_top_": {
        "type": "string",
        "value": "30dp"
    },
    "_width_": {
        "type": "string",
        "value": "90%"
    },
    "android": {
        "psp": {
            "placeholderSkin": "s93cd1515db64ff3af772bbae7035383"
        }
    },
    "autocapitalize": "sentences",
    "autocomplete": false,
    "autocorrect": false,
    "autofilter": false,
    "canUpdateUI": true,
    "closebuttontext": "",
    "containerheight": "",
    "containerheightmode": 1,
    "containerweight": 100,
    "contentalignment": 1,
    "focusskin": "s00cdebb5738478681782dffa442ed4e",
    "id": "textarea",
    "info": null,
    "iphone": {},
    "iscustomlayout": false,
    "isvisible": true,
    "keyboardstyle": "A",
    "keyboardtype": "A",
    "kuid": "a48db40895da4b5cb8cec8a9db028188",
    "maxtextlength": 1000,
    "mode": "A",
    "name": "kony.ui.TextArea2",
    "numberofvisiblelines": 3,
    "parent": "flxcomments",
    "pf": "frmInAppFeedbackRating",
    "placeholderi18n": "i18n.transfers.optional",
    "placeholderskin": "s93cd1515db64ff3af772bbae7035383",
    "restrictcharactersset": "1000",
    "retaincontentalignment": false,
    "retainflexpositionproperties": false,
    "securetextentry": false,
    "showoprogressindicator": false,
    "showprogressindicator": false,
    "textinputmode": "A",
    "tooltip": "",
    "viewtype": "default",
    "wType": "TextArea",
    "zindex": 1
}