{
    "@class": "com.kony.gen.viz.model.component.KVizButton",
    "DNDConfig": null,
    "__parentReadjusting__": false,
    "_bottom_": {
        "type": "string",
        "value": "25dp"
    },
    "_height_": {
        "type": "string",
        "value": "40dp"
    },
    "_left_": {
        "type": "string",
        "value": "3.95%"
    },
    "_margin_": [
        6,
        6,
        6,
        6
    ],
    "_padding_": [
        0,
        0,
        0,
        0
    ],
    "_right_": {
        "type": "number",
        "value": ""
    },
    "_skin_": "s215ef7edf8c4ddb8f9f91fcc80f7b42",
    "_text_": "CANCEL",
    "_top_": {
        "type": "number",
        "value": ""
    },
    "_width_": {
        "type": "string",
        "value": "44.47%"
    },
    "accessibilityconfig": {
        "a11yLabel": "Cancel"
    },
    "canUpdateUI": true,
    "centery": {
        "type": "number",
        "value": ""
    },
    "containerweight": 100,
    "contentalignment": 5,
    "disabledSkins": {
        "focusSkin": "sf44d06ca8224832827ea7fdff757013"
    },
    "displaytext": true,
    "id": "btnShareCancel",
    "info": null,
    "isvisible": true,
    "kuid": "hf3b54b17d04410b900f719bdeb4aa57",
    "name": "kony.ui.Button",
    "parent": "flxEditEmailButtons",
    "pf": "frmLocateUs",
    "responsiveData": {
        "b1": {
            "left": {
                "type": "string",
                "value": ""
            },
            "right": {
                "type": "string",
                "value": "258dp"
            },
            "width": {
                "type": "string",
                "value": "198dp"
            }
        },
        "b2": {
            "left": {
                "type": "string",
                "value": ""
            },
            "right": {
                "type": "number",
                "value": "258"
            },
            "skin": "s215ef7edf8c4ddb8f9f91fcc80f7b42",
            "width": {
                "type": "string",
                "value": "198dp"
            }
        },
        "b3": {
            "centerY": {
                "type": "string",
                "value": "50%"
            },
            "left": {
                "type": "string",
                "value": ""
            },
            "right": {
                "type": "string",
                "value": "52.50%"
            },
            "top": {
                "type": "string",
                "value": "80dp"
            },
            "width": {
                "type": "string",
                "value": "42.50%"
            }
        },
        "b4": {
            "left": {
                "type": "string",
                "value": ""
            },
            "right": {
                "type": "string",
                "value": "258dp"
            },
            "top": {
                "type": "string",
                "value": "20dp"
            },
            "width": {
                "type": "string",
                "value": "198dp"
            }
        }
    },
    "texti18n": "i18n.transfers.Cancel",
    "wType": "Button",
    "zindex": 1
}