{
    "@class": "com.kony.gen.viz.model.component.KVizButton",
    "DNDConfig": null,
    "__parentReadjusting__": false,
    "_bottom_": {
        "type": "string",
        "value": "25dp"
    },
    "_height_": {
        "type": "string",
        "value": "40dp"
    },
    "_left_": {
        "type": "string",
        "value": "51.58%"
    },
    "_margin_": [
        6,
        6,
        6,
        6
    ],
    "_padding_": [
        0,
        0,
        0,
        0
    ],
    "_right_": {
        "type": "number",
        "value": ""
    },
    "_skin_": "s993539fd7aa48fd9240f78908b82f08",
    "_text_": "SEND",
    "_top_": {
        "type": "number",
        "value": ""
    },
    "_width_": {
        "type": "string",
        "value": "44.47%"
    },
    "accessibilityconfig": {
        "a11yLabel": "Send"
    },
    "canUpdateUI": true,
    "centery": {
        "type": "number",
        "value": ""
    },
    "containerweight": 100,
    "contentalignment": 5,
    "disabledSkins": {
        "focusSkin": "sf44d06ca8224832827ea7fdff757013"
    },
    "displaytext": true,
    "id": "btnShareSend",
    "info": null,
    "isvisible": true,
    "kuid": "bfc70e5acd5144be9215a15a1f95fe53",
    "name": "kony.ui.Button",
    "parent": "flxEditEmailButtons",
    "pf": "frmLocateUs",
    "responsiveData": {
        "b1": {
            "left": {
                "type": "string",
                "value": ""
            },
            "right": {
                "type": "string",
                "value": "30dp"
            },
            "width": {
                "type": "string",
                "value": "198dp"
            }
        },
        "b2": {
            "left": {
                "type": "string",
                "value": ""
            },
            "right": {
                "type": "string",
                "value": "30dp"
            },
            "skin": "s993539fd7aa48fd9240f78908b82f08",
            "width": {
                "type": "string",
                "value": "198dp"
            }
        },
        "b3": {
            "centerY": {
                "type": "string",
                "value": "50%"
            },
            "left": {
                "type": "string",
                "value": ""
            },
            "right": {
                "type": "string",
                "value": "5%"
            },
            "top": {
                "type": "string",
                "value": "20dp"
            },
            "width": {
                "type": "string",
                "value": "42.50%"
            }
        },
        "b4": {
            "left": {
                "type": "string",
                "value": ""
            },
            "right": {
                "type": "string",
                "value": "30dp"
            },
            "top": {
                "type": "string",
                "value": "20dp"
            },
            "width": {
                "type": "string",
                "value": "198dp"
            }
        }
    },
    "texti18n": "i18n.common.send",
    "wType": "Button",
    "zindex": 1
}