{
    "@class": "com.kony.gen.viz.model.component.KVizUserWidget",
    "DNDConfig": null,
    "_children_": [],
    "_height_": {
        "type": "string",
        "value": "120px"
    },
    "_left_": {
        "type": "string",
        "value": "0dp"
    },
    "_margin_": [
        0,
        0,
        0,
        0
    ],
    "_orientation_": 1,
    "_padding_": [
        0,
        0,
        0,
        0
    ],
    "_percent_": true,
    "_render_": true,
    "_skin_": "s24c92fc23b14f5484b693ee9b8a9b35",
    "_top_": {
        "type": "string",
        "value": "0dp"
    },
    "_width_": {
        "type": "string",
        "value": "100%"
    },
    "areflexpropsreferenced": false,
    "canUpdateUI": true,
    "clipbounds": false,
    "containerweight": 0,
    "dataDiffs": {
        "CopyflxUserDetails0b35eb5be884043": {
            "__events__": {},
            "__info__": {
                "kuid": "f862cee9bcfc4de1addfbf6cccfd4538",
                "srcKUID": "b692716bd51e422ead7f111a1bfbe5cb",
                "wType": "FlexContainer"
            }
        },
        "CopyflxVerticalSeperator0b961fc23108f4b": {
            "__events__": {},
            "__info__": {
                "kuid": "d428c9f7b1544fa3b3a9f4756a34de69",
                "srcKUID": "b6e0434c2f904010bfff7590777daf67",
                "wType": "FlexContainer"
            }
        },
        "CopyflxVerticalSeperator0dbd20466efa64b": {
            "__events__": {},
            "__info__": {
                "kuid": "d08d7b4219104d71bb14da676fbe34d4",
                "srcKUID": "d06f368d0065481d81dc512212fd2b95",
                "wType": "FlexContainer"
            }
        },
        "CopyimgToolTip0i580d9acc07c42": {
            "__events__": {},
            "__info__": {
                "kuid": "ed2e9b6c2bf045318ec0690ac8ecbd81",
                "srcKUID": "f5065fdfa2d0406bb7fafd4073fe33c5",
                "wType": "Image"
            }
        },
        "FlexContainer0e2898aa93bca45": {
            "__events__": {},
            "__info__": {
                "kuid": "i0feb94123764d04b26d007894c20017",
                "srcKUID": "f85d68fc07dd44c2938e507df0fe87fc",
                "wType": "FlexContainer"
            },
            "autogrowMode": {
                "Default": 0
            },
            "height": {},
            "responsiveData": {
                "b2": {
                    "width": {
                        "type": "string",
                        "value": "100%"
                    }
                },
                "b3": {
                    "height": {
                        "type": "string",
                        "value": "50px"
                    },
                    "isVisible": true,
                    "width": {
                        "type": "string",
                        "value": "100%"
                    }
                },
                "b4": {
                    "width": {
                        "type": "string",
                        "value": "100%"
                    }
                }
            },
            "width": {}
        },
        "FlexContainer0ed2389df69044b": {
            "__events__": {},
            "__info__": {
                "kuid": "d37b845aecbd4f00a807d1d1241cd650",
                "srcKUID": "d4ff74890f3b45428cab934f27aa658f",
                "wType": "FlexContainer"
            }
        },
        "customhamburger": {
            "__events__": {},
            "__info__": {
                "kuid": "d95e97d6f4994e05bce5ca504c8eab11",
                "srcKUID": "dea66199c9fd433fab636de553a6116f",
                "wType": "UserWidgetInstance"
            }
        },
        "customhamburger.CopyFlexContainer0f46534a0a94e41": {
            "__events__": {},
            "__info__": {
                "kuid": "bee81cff52444282acff2991bc192336",
                "srcKUID": "ba7b5440b44f4e7a88be10a58c83104e",
                "wType": "FlexContainer"
            }
        },
        "customhamburger.CopyflxSeperator0dfcbfe80de1946": {
            "__events__": {},
            "__info__": {
                "kuid": "i944431732014cb7ab553fbc1eda0778",
                "srcKUID": "ec5e9cdda1b4473aa156d59730730f65",
                "wType": "FlexContainer"
            }
        },
        "customhamburger.FlexContainer0a82014659b0e48": {
            "__events__": {},
            "__info__": {
                "kuid": "h370c406b4bc42a0b5c0e11e99ec2700",
                "srcKUID": "h7ad82c8fb9b437486ad6c4d49320ce2",
                "wType": "FlexContainer"
            }
        },
        "customhamburger.flxAccountsCollapse": {
            "__events__": {},
            "__info__": {
                "kuid": "ee26247e3b1c40afb56d7df3e52c6344",
                "srcKUID": "e0af0f6ab9614020b7fc5e89406a63dc",
                "wType": "FlexContainer"
            }
        },
        "customhamburger.flxAccountsMenu": {
            "__events__": {},
            "__info__": {
                "kuid": "i95bbe5a2a0944a3a0a34a45f0374bec",
                "srcKUID": "cf43ccc491384cce8e692bf0c7b73f90",
                "wType": "FlexContainer"
            }
        },
        "customhamburger.flxAccountsSubMenu": {
            "__events__": {},
            "__info__": {
                "kuid": "g14ed614ce7642df9e01af6f586ffb27",
                "srcKUID": "dc00eecfa1d34328ba4230f17db49066",
                "wType": "FlexContainer"
            }
        },
        "customhamburger.flxClose": {
            "__events__": {},
            "__info__": {
                "kuid": "db93ecc64b6d44a1882029a728318e9c",
                "srcKUID": "c66fd7f3bd2c4e6e8f7bd01e6287550e",
                "wType": "FlexContainer"
            }
        },
        "customhamburger.flxHamburgerHeader": {
            "__events__": {},
            "__info__": {
                "kuid": "j0ebfdb442114e13b4a5b8aa514ce211",
                "srcKUID": "h465700017fe4781975045dab9ed41c5",
                "wType": "FlexContainer"
            }
        },
        "customhamburger.flxLogout": {
            "__events__": {},
            "__info__": {
                "kuid": "d760c00c5df6454288531aa97a4e4415",
                "srcKUID": "c9904c20e8a5464285e846a22514783d",
                "wType": "FlexContainer"
            }
        },
        "customhamburger.flxMenu": {
            "__events__": {},
            "__info__": {
                "kuid": "j40b4a5c9b6e44f7963a523b54a09b73",
                "srcKUID": "i1c684442e854218bc2c08f78c55f971",
                "wType": "FlexContainer"
            }
        },
        "customhamburger.flxMenuWrapper": {
            "__events__": {},
            "__info__": {
                "kuid": "c897db3ccd274a26bad39678d0c4669f",
                "srcKUID": "ad010d1f868d49eea330fb84586cbd46",
                "wType": "FlexScrollContainer"
            }
        },
        "customhamburger.flxMyAccounts": {
            "__events__": {},
            "__info__": {
                "kuid": "d75627ad13c445ebab2a316059738c6e",
                "srcKUID": "f7379b95da4148de8bad2885b68ce3c6",
                "wType": "FlexContainer"
            }
        },
        "customhamburger.flxSeperator16": {
            "__events__": {},
            "__info__": {
                "kuid": "gf438358aefc44f784ff9db01431f5ae",
                "srcKUID": "if0c694e156a4703b7545e789492c020",
                "wType": "FlexContainer"
            }
        },
        "customhamburger.imgClose": {
            "__events__": {},
            "__info__": {
                "kuid": "b869fac3de394ae09928dfbd1a5642f3",
                "srcKUID": "b16e44ed01844172894d7476bf054a4e",
                "wType": "Image"
            }
        },
        "customhamburger.imgCollapseAccounts": {
            "__events__": {},
            "__info__": {
                "kuid": "d09d4bf3e7cc4515b1f1ab8e471b8ad0",
                "srcKUID": "cc9717fdf0ce469aa167f4b79dc1f439",
                "wType": "Image"
            }
        },
        "customhamburger.imgKony": {
            "__events__": {},
            "__info__": {
                "kuid": "d4fa91566de24073af5c8bc1e447e74c",
                "srcKUID": "e51c8a8198184739b48a18c3fbc65273",
                "wType": "Image"
            }
        },
        "customhamburger.imgLogout": {
            "__events__": {},
            "__info__": {
                "kuid": "eda890312e834e6a8cf9b2e236b5b752",
                "srcKUID": "g8c77dbeed3b43038e912f34fbe614fd",
                "wType": "Image"
            }
        },
        "customhamburger.lbfonticonlLogout": {
            "__events__": {},
            "__info__": {
                "kuid": "h180cf0304b342d99e78a20a1c4842e5",
                "srcKUID": "cbdcdc5074da426f9d8d67372468d417",
                "wType": "Label"
            }
        },
        "customhamburger.lblAccounts": {
            "__events__": {},
            "__info__": {
                "kuid": "i19b3d283f954fd385268914c75647eb",
                "srcKUID": "aed697189cee47098907b5f830c7134b",
                "wType": "Label"
            }
        },
        "customhamburger.lblCollapseAccounts": {
            "__events__": {},
            "__info__": {
                "kuid": "afc63230174a40bd87f675dc24e965bd",
                "srcKUID": "abf182ade073495492dcb8ccb85e46dd",
                "wType": "Label"
            }
        },
        "customhamburger.lblImgAccounts": {
            "__events__": {},
            "__info__": {
                "kuid": "e1614b78dbdf49f1ac26b07b903a73d8",
                "srcKUID": "j1310b4359bd4b55a330313f954c89f4",
                "wType": "Label"
            }
        },
        "customhamburger.lblLogout": {
            "__events__": {},
            "__info__": {
                "kuid": "cae0ba4aa57142ed9581e9f2c892def6",
                "srcKUID": "h4feb1ebd1d844adbbb270e5f22582cd",
                "wType": "Label"
            }
        },
        "customhamburger.lblMyAccounts": {
            "__events__": {},
            "__info__": {
                "kuid": "ddeadb290a644c00ad1d6b02bb4f589d",
                "srcKUID": "a202b406f5f04a1698b17c9f0f9e1694",
                "wType": "Label"
            }
        },
        "customheader": {
            "__events__": {},
            "__info__": {
                "isRoot": true,
                "kuid": "c3c054f47bf34df19d2f86c03d7ebc18",
                "srcKUID": "c04bbf50611342ca895c5e0a329aeb52",
                "wType": "FlexContainer"
            },
            "autogrowMode": {
                "Default": 0
            },
            "height": {},
            "left": {},
            "minWidth": {},
            "responsiveData": {
                "b2": {
                    "top": {
                        "type": "string",
                        "value": "0dp"
                    }
                },
                "b3": {
                    "height": {
                        "type": "string",
                        "value": "50px"
                    },
                    "isVisible": true,
                    "left": {
                        "type": "string",
                        "value": "0dp"
                    },
                    "top": {
                        "type": "string",
                        "value": "0dp"
                    }
                },
                "b4": {
                    "minWidth": {
                        "type": "string",
                        "value": ""
                    },
                    "top": {
                        "type": "string",
                        "value": "0dp"
                    },
                    "width": {
                        "type": "string",
                        "value": "100%"
                    }
                }
            },
            "top": {},
            "width": {},
            "zIndex": {
                "Default": 1000
            }
        },
        "flxAccountTypesSegment": {
            "__events__": {},
            "__info__": {
                "kuid": "bc4475cfc833465b939f038d4050de8d",
                "srcKUID": "d431114047984f3ba84cf9829500caf5",
                "wType": "FlexContainer"
            }
        },
        "flxBottomBlue": {
            "__events__": {},
            "__info__": {
                "kuid": "j166a8d0561c4b02a0429843d46c6bef",
                "srcKUID": "a3c7c667e8bb4a0da597ebde4b02694b",
                "wType": "FlexContainer"
            },
            "autogrowMode": {
                "Default": 0
            },
            "height": {
                "Default": {
                    "type": "string",
                    "value": "51dp"
                }
            },
            "responsiveData": {
                "b4": {}
            }
        },
        "flxBottomContainer": {
            "__events__": {},
            "__info__": {
                "kuid": "a0e2c02f522d4504aba5838d5cdbafad",
                "srcKUID": "h9bdf039c3f54878b18ff66171c8c6c6",
                "wType": "FlexContainer"
            },
            "autogrowMode": {
                "Default": 0
            },
            "height": {},
            "responsiveData": {
                "b3": {
                    "height": {
                        "type": "string",
                        "value": "50dp"
                    }
                }
            }
        },
        "flxHamburger": {
            "__events__": {},
            "__info__": {
                "kuid": "e3317dc35b1c46af8b94ac63b20cf8d0",
                "srcKUID": "f04c6e11e7da43b49dd181b8b47d93c4",
                "wType": "FlexContainer"
            },
            "left": {
                "Default": {
                    "type": "string",
                    "value": "-35%"
                }
            },
            "responsiveData": {
                "b3": {}
            },
            "width": {
                "Default": {
                    "type": "string",
                    "value": "35%"
                }
            },
            "zIndex": {
                "Default": 900
            }
        },
        "flxHamburgerBack": {
            "__events__": {},
            "__info__": {
                "kuid": "d83e40bd7b26436397cf9e0bc88190bd",
                "srcKUID": "d74ea43244984beda96f3fdfd7e1de6b",
                "wType": "FlexContainer"
            }
        },
        "flxSeperatorHor2": {
            "__events__": {},
            "__info__": {
                "kuid": "fcf521a7362e41eb97c34b3d67f8289e",
                "srcKUID": "hadeefb9ccf84d75b58e19e7a860af8f",
                "wType": "FlexContainer"
            },
            "isVisible": true,
            "responsiveData": {
                "b3": {
                    "isVisible": false,
                    "top": {
                        "type": "string",
                        "value": "50dp"
                    }
                }
            },
            "top": {}
        },
        "flxTopmenu": {
            "__events__": {},
            "__info__": {
                "kuid": "fbdb25339e104bff9c4314335effb913",
                "srcKUID": "ed60ec01cd4843d8acaf4c0c4767b493",
                "wType": "FlexContainer"
            },
            "isVisible": true,
            "responsiveData": {
                "b2": {
                    "width": {
                        "type": "string",
                        "value": "100%"
                    }
                },
                "b3": {
                    "isVisible": true,
                    "top": {
                        "type": "string",
                        "value": "0dp"
                    },
                    "width": {
                        "type": "string",
                        "value": "100%"
                    }
                },
                "b4": {
                    "width": {
                        "type": "string",
                        "value": "100%"
                    }
                }
            },
            "top": {},
            "width": {}
        },
        "flxUserActions": {
            "__events__": {},
            "__info__": {
                "kuid": "c3846490fdb64d6d9428369e3ba54ae6",
                "srcKUID": "j914824243a446a18dc539def72a7642",
                "wType": "FlexContainer"
            },
            "isVisible": false,
            "responsiveData": {
                "b1": {
                    "isVisible": false
                },
                "b3": {
                    "isVisible": false
                },
                "b4": {
                    "isVisible": false
                }
            }
        },
        "headermenu": {
            "__events__": {},
            "__info__": {
                "kuid": "acd94fbc1f85486db54fbee71696af21",
                "srcKUID": "haabafcdc12f4455b3af44d1e0d8f80b",
                "wType": "UserWidgetInstance"
            },
            "autogrowMode": {
                "Default": 0
            },
            "height": {
                "Default": {
                    "type": "string",
                    "value": "70dp"
                }
            },
            "left": {},
            "responsiveData": {
                "b2": {
                    "right": {
                        "type": "string",
                        "value": "6%"
                    }
                },
                "b3": {
                    "height": {
                        "type": "string",
                        "value": "50dp"
                    },
                    "isVisible": false
                },
                "b4": {
                    "right": {
                        "type": "string",
                        "value": "24dp"
                    },
                    "width": {
                        "type": "string",
                        "value": "100%"
                    }
                }
            },
            "right": {},
            "width": {},
            "zIndex": {
                "Default": 1
            }
        },
        "headermenu.btnLogout": {
            "__events__": {},
            "__info__": {
                "kuid": "cd10448a76864dad9ea635b54eb88af1",
                "srcKUID": "a766f3cd9f714697b54e4cdcbe1c544b",
                "wType": "Button"
            },
            "i18n_text": null
        },
        "headermenu.flxMessages": {
            "__events__": {},
            "__info__": {
                "kuid": "i2198f6d26c548baba37597bec03c869",
                "srcKUID": "a3a2c85df1ce44b4ad11832c28bce011",
                "wType": "FlexContainer"
            },
            "isVisible": false,
            "responsiveData": {
                "b1": {
                    "isVisible": true
                },
                "b2": {
                    "isVisible": true
                },
                "b4": {
                    "isVisible": true
                }
            }
        },
        "headermenu.flxNotifications": {
            "__events__": {},
            "__info__": {
                "kuid": "de9872aa7976493aa0b04a2839fd2bc8",
                "srcKUID": "ac3447a671db4ff79c563e385d237583",
                "wType": "FlexContainer"
            },
            "responsiveData": {
                "b2": {
                    "right": {
                        "type": "string",
                        "value": "145dp"
                    }
                },
                "b4": {
                    "right": {
                        "type": "string",
                        "value": "145dp"
                    }
                }
            },
            "right": {}
        },
        "headermenu.flxResetUserImg": {
            "__events__": {},
            "__info__": {
                "kuid": "f3fa8724178042bcaa3b4874d2373a06",
                "srcKUID": "adcf593a077c4c0cb56c90ee73238583",
                "wType": "FlexContainer"
            },
            "responsiveData": {},
            "right": {}
        },
        "headermenu.flxUserId": {
            "__events__": {},
            "__info__": {
                "kuid": "a0b8f58c94084110b578d172714d620b",
                "srcKUID": "c135ea56ffd24834a20c4f3af08e75ed",
                "wType": "FlexContainer"
            },
            "responsiveData": {},
            "right": {}
        },
        "headermenu.flxVerticalSeperator1": {
            "__events__": {},
            "__info__": {
                "kuid": "j71ec4f63675465ca50cef9244b48381",
                "srcKUID": "g1cf2c5ea04748138b67069bf6443784",
                "wType": "FlexContainer"
            }
        },
        "headermenu.flxVerticalSeperator2": {
            "__events__": {},
            "__info__": {
                "kuid": "c8f9620b14d84a3faa79dfd4e6581911",
                "srcKUID": "i869d64f25f744c7a219ce87160f4fa9",
                "wType": "FlexContainer"
            }
        },
        "headermenu.flxVerticalSeperator3": {
            "__events__": {},
            "__info__": {
                "kuid": "efa0d25835d14a238e099c5c2fb6315f",
                "srcKUID": "ed4ae387593d4f509d7542c9677a49e4",
                "wType": "FlexContainer"
            },
            "isVisible": false,
            "responsiveData": {
                "b1": {
                    "isVisible": true
                },
                "b2": {
                    "isVisible": true
                },
                "b4": {
                    "isVisible": true
                }
            }
        },
        "headermenu.flxWarning": {
            "__events__": {},
            "__info__": {
                "kuid": "g7db84fab59b4fc5b194b7b537bfd11a",
                "srcKUID": "a3f637c9fa154e6ca5621edf7af7f744",
                "wType": "FlexContainer"
            }
        },
        "headermenu.flximgUserResetWrapper": {
            "__events__": {},
            "__info__": {
                "kuid": "j0ec8bea76a443f0bfe1044a140fa2f5",
                "srcKUID": "e3916b40967c456aa3942940472ad47e",
                "wType": "FlexContainer"
            }
        },
        "headermenu.imgDropdown": {
            "__events__": {},
            "__info__": {
                "kuid": "a9da8b4287af484ea79d98d1ba3cdd85",
                "srcKUID": "h3d2b4b7f954464d931e34492064ab17",
                "wType": "Image"
            },
            "src": "profile_dropdown_arrow.png"
        },
        "headermenu.imgLogout": {
            "__events__": {},
            "__info__": {
                "kuid": "facfd9f37bf14c22ba64e355638a12dc",
                "srcKUID": "ea749115721c4958af968ab52ef8529f",
                "wType": "Image"
            },
            "src": "logout.png"
        },
        "headermenu.imgMessages": {
            "__events__": {},
            "__info__": {
                "kuid": "bc03b51a557144fea7f3edeb2c4c15f0",
                "srcKUID": "e210e728a3d64107876615d205a2d4c8",
                "wType": "Label"
            }
        },
        "headermenu.imgNotifications": {
            "__events__": {},
            "__info__": {
                "kuid": "a61955a5b35947c4973ff88c3b4884f3",
                "srcKUID": "j053dc709b2c497681932e7129f70ddb",
                "wType": "Image"
            },
            "src": "notification_flag.png"
        },
        "headermenu.imgUserBoundary": {
            "__events__": {},
            "__info__": {
                "kuid": "f3adb5ef6b7e414a8018fe08313a185d",
                "srcKUID": "g6047dd874ff440fab7ed86f7b808fdd",
                "wType": "Image"
            },
            "src": "verify_user.png"
        },
        "headermenu.imgUserReset": {
            "__events__": {},
            "__info__": {
                "kuid": "i3e8d3c351814e5d83355a6486d2312a",
                "srcKUID": "d155016ff2f34df99cd72e103964fb82",
                "wType": "Image"
            },
            "src": "profile_header.png"
        },
        "headermenu.imgWarning": {
            "__events__": {},
            "__info__": {
                "kuid": "ca00f9d5d4154be2888721131d95f033",
                "srcKUID": "j00ce4f7525e4f2aa69884ac2cc7b8a0",
                "wType": "Image"
            },
            "src": "error_yellow.png"
        },
        "headermenu.imgheaderdefault": {
            "__events__": {},
            "__info__": {
                "kuid": "j0a697abedd94f04b619ff1471b05bf4",
                "srcKUID": "i589d54c00ef4b33bc0e54ccd9b1e9b9",
                "wType": "Image"
            },
            "src": "default_username.png"
        },
        "headermenu.lblImageLogout": {
            "__events__": {},
            "__info__": {
                "kuid": "b81670003cb54cf0b7b2aa7a3a426591",
                "srcKUID": "f96e1012115540aebf364b900bd0ac3b",
                "wType": "Label"
            }
        },
        "headermenu.lblNewMessages": {
            "__events__": {},
            "__info__": {
                "kuid": "a0ea2c56d0ed4e9da47a48cd119a9bf3",
                "srcKUID": "eb2b58f5c0fe4a178d7b685995b78747",
                "wType": "Label"
            }
        },
        "headermenu.lblNewNotifications": {
            "__events__": {},
            "__info__": {
                "kuid": "g05f78a975fa408884ff4831e4fedf11",
                "srcKUID": "bc2f4a9f76164bc18e8e1663bbba3a61",
                "wType": "Label"
            }
        },
        "headermenu.lblNotifications": {
            "__events__": {},
            "__info__": {
                "kuid": "aea1f88e463e49538f8de7e40144cb43",
                "srcKUID": "ia435cbbf32f4cc9900e89096e8c2c52",
                "wType": "Label"
            }
        },
        "headermenu.rtxWarning": {
            "__events__": {},
            "__info__": {
                "kuid": "c3bc1552384b4e0cab8cce10f9a2eed4",
                "srcKUID": "i05c5f9533194937886bb0d238f640e3",
                "wType": "RichText"
            },
            "i18n_text": "i18n.CustomerFeedback.YouHaveNotLoggedIn",
            "isVisible": true
        },
        "imgKony": {
            "__events__": {},
            "__info__": {
                "kuid": "db6f8c7bbdb94da28af55c42534bf21f",
                "srcKUID": "i89a4c93ab68416c8f6a24b3e85d037c",
                "wType": "Image"
            },
            "left": {},
            "responsiveData": {
                "b3": {
                    "isVisible": false
                },
                "b4": {
                    "left": {
                        "type": "string",
                        "value": "24dp"
                    },
                    "top": {
                        "type": "string",
                        "value": "18px"
                    }
                }
            },
            "src": "kony_logo.png",
            "top": {}
        },
        "imgToolTip": {
            "__events__": {},
            "__info__": {
                "kuid": "fc92d8cfdcaa4d058aba9dfc491c0f33",
                "srcKUID": "b05c4200ee7747f2b596bc0eafc18760",
                "wType": "Image"
            }
        },
        "lblHeaderMobile": {
            "__events__": {},
            "__info__": {
                "kuid": "b93f0894dfb7418bbb07b2d91ae91d6d",
                "srcKUID": "f601c2dac7d4490fb32b2040ad16ca87",
                "wType": "Label"
            },
            "i18n_text": "i18n.footer.locateUs",
            "isVisible": true,
            "responsiveData": {
                "b3": {
                    "text": "Locate Us"
                }
            },
            "text": ""
        },
        "lblHeaderMobileView": {
            "__events__": {},
            "__info__": {
                "kuid": "de18b7a7a41e465c9742c3793422faac",
                "srcKUID": "e845559aef0c4fb9b6a4354975cce47c",
                "wType": "Label"
            }
        },
        "lblName": {
            "__events__": {},
            "__info__": {
                "kuid": "f58dff0586a2400dae1b55fcfc8d15ea",
                "srcKUID": "e4ac7c6df45f47999b2250e0bcb58bcb",
                "wType": "Label"
            },
            "i18n_text": "i18n.AccountsDetails.Loggedinas",
            "text": "Logged in as:"
        },
        "lblUserEmail": {
            "__events__": {},
            "__info__": {
                "kuid": "e24c36783c3449639d3b20778174e828",
                "srcKUID": "cd423535a51f4a4bb95d5056c43f5d13",
                "wType": "RichText"
            }
        },
        "lblUserEmail1": {
            "__events__": {},
            "__info__": {
                "kuid": "gf58b4ae61ce4edc948f7f20a8e99eb0",
                "srcKUID": "j0ea4a96f1104289ad3d0312ed141d3b",
                "wType": "Label"
            },
            "i18n_text": "i18n.AccountsDetails.usernamekonycom"
        },
        "segUserActions": {
            "__events__": {},
            "__info__": {
                "kuid": "d214ba44f71d476c948c7c7392e77292",
                "srcKUID": "h6bf423223694ef0be1f75d0abee1c0a",
                "wType": "Segment"
            },
            "isVisible": true
        },
        "topmenu": {
            "__events__": {},
            "__info__": {
                "kuid": "e40eeceb51a741d488ba16d17bb7a565",
                "srcKUID": "f3bc1d211a8342419317a1f649e456a0",
                "wType": "UserWidgetInstance"
            },
            "responsiveData": {
                "b3": {
                    "isVisible": true
                },
                "b4": {
                    "width": {
                        "type": "string",
                        "value": "100%"
                    }
                }
            },
            "width": {}
        },
        "topmenu.CopyLabel0a8b12f7002084d": {
            "__events__": {},
            "__info__": {
                "kuid": "d9218cafcdef4b9a9e46d7451539564a",
                "srcKUID": "c6970a565fc545a99c0e118b2e0fd447",
                "wType": "Label"
            }
        },
        "topmenu.CopyLabel0bb648d916e554d": {
            "__events__": {},
            "__info__": {
                "kuid": "c910d977e92f49b39146359d98edacb2",
                "srcKUID": "jff9fe4733df441da45df3e9e7077c16",
                "wType": "Label"
            }
        },
        "topmenu.CopyLabel0h9e71b8a76ad44": {
            "__events__": {},
            "__info__": {
                "kuid": "c65982fa54d74194814a9eb9b15230c5",
                "srcKUID": "db7ed17156b3455982f6d5e9ec649426",
                "wType": "Label"
            }
        },
        "topmenu.Label0dcf00103bdba46": {
            "__events__": {},
            "__info__": {
                "kuid": "ad674365c5754b8792a215b1de388be7",
                "srcKUID": "f93434834b0144ffb8f03bbbe1edf740",
                "wType": "Label"
            }
        },
        "topmenu.flxCombined": {
            "__events__": {},
            "__info__": {
                "kuid": "ed8678ace4fc4cbf9ea849b2a693bea5",
                "srcKUID": "ia75c62782304b3db8698da48f580b35",
                "wType": "FlexContainer"
            }
        },
        "topmenu.flxCombinedAccess": {
            "__events__": {},
            "__info__": {
                "kuid": "b3f87f717c844a5985278d243b0a2b13",
                "srcKUID": "b4fbc28380364865bbfe12defa72c365",
                "wType": "FlexContainer"
            }
        },
        "topmenu.flxCombinedAccessMenu": {
            "__events__": {},
            "__info__": {
                "kuid": "h89d6f3d8cd14b38a4cbfcbbf8349ef2",
                "srcKUID": "dbc3eec174e7474c887b9bc82e30b4d5",
                "wType": "FlexContainer"
            }
        },
        "topmenu.flxCombinedAccessMenuMobile": {
            "__events__": {},
            "__info__": {
                "kuid": "c9228a44f3d64872b60fc73ecca3d33c",
                "srcKUID": "h37db148c1be4747b25b61b848ebea88",
                "wType": "FlexContainer"
            }
        },
        "topmenu.flxCombinedAccessMobile": {
            "__events__": {},
            "__info__": {
                "kuid": "c40372641c2a49bdb8de53fc3a09bc12",
                "srcKUID": "cff3966829d04b9da4ea5ffbf721ad43",
                "wType": "FlexContainer"
            }
        },
        "topmenu.flxCombinedMobile": {
            "__events__": {},
            "__info__": {
                "kuid": "h1400b21fff142e3a885955190a3ede4",
                "srcKUID": "c6282db2327448d3a1d309d0c8257027",
                "wType": "FlexContainer"
            }
        },
        "topmenu.flxContextualMenu": {
            "__events__": {},
            "__info__": {
                "kuid": "f6264c99bdd14c52b285c021df4e18fc",
                "srcKUID": "iaedc8bb3b254e219e0ec496d08636d8",
                "wType": "FlexContainer"
            },
            "isVisible": false,
            "responsiveData": {
                "b3": {}
            }
        },
        "topmenu.flxFeedback": {
            "__events__": {},
            "__info__": {
                "kuid": "i2ee2dc09475460ea18b9017af4727a6",
                "srcKUID": "cd10d4b4f565433fb35f2d2d0a97fe1e",
                "wType": "FlexContainer"
            },
            "responsiveData": {
                "b3": {
                    "isVisible": false
                },
                "b4": {
                    "right": {
                        "type": "string",
                        "value": "75dp"
                    },
                    "width": {
                        "type": "string",
                        "value": "16%"
                    }
                }
            },
            "right": {},
            "width": {}
        },
        "topmenu.flxFeedbackimg": {
            "__events__": {},
            "__info__": {
                "kuid": "fa104833127b4e30a36fe4631b96729f",
                "srcKUID": "g11b5488a8d343ae866e1de13660acda",
                "wType": "FlexContainer"
            },
            "responsiveData": {
                "b2": {
                    "right": {
                        "type": "string",
                        "value": "10dp"
                    },
                    "width": {
                        "type": "string",
                        "value": "80%"
                    }
                },
                "b4": {
                    "right": {
                        "type": "string",
                        "value": "5%"
                    },
                    "width": {
                        "type": "string",
                        "value": "85%"
                    }
                }
            },
            "right": {},
            "width": {}
        },
        "topmenu.flxHelp": {
            "__events__": {},
            "__info__": {
                "kuid": "a9408be498f3457f9e35b0cad2d8735f",
                "srcKUID": "i2d06c634cdc4172ba80e744bcdcfebb",
                "wType": "FlexContainer"
            },
            "responsiveData": {
                "b2": {
                    "right": {
                        "type": "string",
                        "value": "6%"
                    },
                    "width": {
                        "type": "string",
                        "value": "55dp"
                    }
                },
                "b3": {
                    "isVisible": false
                },
                "b4": {
                    "right": {
                        "type": "string",
                        "value": "2.50%"
                    },
                    "width": {
                        "type": "string",
                        "value": "60dp"
                    }
                }
            },
            "right": {
                "Default": {
                    "type": "string",
                    "value": "5%"
                }
            },
            "width": {
                "Default": {
                    "type": "string",
                    "value": "70dp"
                }
            }
        },
        "topmenu.flxMenu": {
            "__events__": {},
            "__info__": {
                "kuid": "a4df820194544cd5a36caae846c9889a",
                "srcKUID": "e3be9a8fdce047e6bfc57c6134e9a975",
                "wType": "FlexContainer"
            },
            "left": {},
            "responsiveData": {
                "b2": {
                    "left": {
                        "type": "string",
                        "value": "78dp"
                    }
                },
                "b3": {
                    "isVisible": true,
                    "left": {
                        "type": "string",
                        "value": "10dp"
                    },
                    "top": {
                        "type": "string",
                        "value": "0dp"
                    }
                },
                "b4": {
                    "left": {
                        "type": "string",
                        "value": "20dp"
                    }
                }
            },
            "top": {},
            "width": {}
        },
        "topmenu.flxMenusMain": {
            "__events__": {},
            "__info__": {
                "kuid": "ca1abe1797cf4772adc1bb28344c2f0a",
                "srcKUID": "da5555fd4c164726bf9860ec53363048",
                "wType": "FlexContainer"
            },
            "responsiveData": {
                "b3": {
                    "isVisible": true,
                    "top": {
                        "type": "string",
                        "value": "0dp"
                    }
                }
            },
            "top": {}
        },
        "topmenu.flxMyBills": {
            "__events__": {},
            "__info__": {
                "kuid": "a82716b8d1e54de1b323167a156e7ce9",
                "srcKUID": "a4da8c0229454e98aa76669ee85574cb",
                "wType": "FlexContainer"
            }
        },
        "topmenu.flxPayBills": {
            "__events__": {},
            "__info__": {
                "kuid": "ja929013e74e443faddb380c757fca93",
                "srcKUID": "ea97a9ae24004e468bb62c6e11cff833",
                "wType": "FlexContainer"
            }
        },
        "topmenu.flxPayMultipleBeneficiaries": {
            "__events__": {},
            "__info__": {
                "kuid": "cccfff1691b447798479f92da958a42d",
                "srcKUID": "de653a693d5143f8a86ed23628877bac",
                "wType": "FlexContainer"
            }
        },
        "topmenu.flxSendMoney": {
            "__events__": {},
            "__info__": {
                "kuid": "i612ba1f2b92463b913de1bc4531ca75",
                "srcKUID": "h1bb64a044404681858216ea0afef3cf",
                "wType": "FlexContainer"
            }
        },
        "topmenu.flxSeperator1": {
            "__events__": {},
            "__info__": {
                "kuid": "eb40105748de48f38f57db42a23adc0d",
                "srcKUID": "i09ec806e136452589e84e2f83e53e68",
                "wType": "FlexContainer"
            },
            "responsiveData": {
                "b3": {
                    "isVisible": false
                }
            }
        },
        "topmenu.flxSeperator4": {
            "__events__": {},
            "__info__": {
                "kuid": "f01520d474cb4f6d904d042c46735a53",
                "srcKUID": "cb1d2b3f8bf64e53abc8fe2029b5055a",
                "wType": "FlexContainer"
            }
        },
        "topmenu.flxTransferMoney": {
            "__events__": {},
            "__info__": {
                "kuid": "b8c68e0a7ddd4be5aca901b5b26bea06",
                "srcKUID": "j0b6f93293e948bbaad52b4f16db8bea",
                "wType": "FlexContainer"
            }
        },
        "topmenu.flxTransfersAndPay": {
            "__events__": {},
            "__info__": {
                "kuid": "f6a2db0a83504554aaa93133bb351dba",
                "srcKUID": "j83fe7fb58c04ec394a0d8313351f539",
                "wType": "FlexContainer"
            },
            "responsiveData": {
                "b3": {
                    "isVisible": false
                }
            }
        },
        "topmenu.flxWireMoney": {
            "__events__": {},
            "__info__": {
                "kuid": "d6b4dae798894b51bdd8ebfb5597cd25",
                "srcKUID": "ed2961fbd05f4e8eb5ae5d530848a7da",
                "wType": "FlexContainer"
            }
        },
        "topmenu.flxaccounts": {
            "__events__": {},
            "__info__": {
                "kuid": "d9fb835c69ec4838a313be0fe363fda0",
                "srcKUID": "b6366fc9b5854ca5aecefb68e89386e7",
                "wType": "FlexContainer"
            },
            "responsiveData": {
                "b3": {
                    "isVisible": false
                }
            }
        },
        "topmenu.flxverseperator2": {
            "__events__": {},
            "__info__": {
                "kuid": "c78bc1e78295411980530bfdae9104de",
                "srcKUID": "f9719a0b9d3f42b690d0b92a4477ec5d",
                "wType": "FlexContainer"
            }
        },
        "topmenu.imgLblTransfers": {
            "__events__": {},
            "__info__": {
                "kuid": "gf850c66e5f743328ba527c7d571ff23",
                "srcKUID": "i6ce4bbe9a904933bf2c217077d91a6f",
                "wType": "Label"
            }
        },
        "topmenu.imgMenu": {
            "__events__": {},
            "__info__": {
                "kuid": "c211e5fef75d447e9a5e2f32db9f1fb8",
                "srcKUID": "be1e045b3a3347d88509b7efc7d8015b",
                "wType": "Image"
            },
            "left": {},
            "responsiveData": {
                "b3": {
                    "width": {
                        "type": "string",
                        "value": "25dp"
                    }
                }
            },
            "src": "menu_icon.png",
            "width": {}
        },
        "topmenu.lblAccounts": {
            "__events__": {},
            "__info__": {
                "kuid": "df84d66b421a408694b1c85313b7ceff",
                "srcKUID": "bcf724a120b24fdbb2278444060c639c",
                "wType": "Label"
            }
        },
        "topmenu.lblDashboard": {
            "__events__": {},
            "__info__": {
                "kuid": "c9a86cab0f0940c7a2bdc32624159d7e",
                "srcKUID": "i230559c4e194a67933901b9936958bd",
                "wType": "Label"
            }
        },
        "topmenu.lblDashboardHeader": {
            "__events__": {},
            "__info__": {
                "kuid": "f52d534be9044611a2b2bf915fa38e5d",
                "srcKUID": "gf3a6b9b54b048fc88af1a277a814f00",
                "wType": "Label"
            }
        },
        "topmenu.lblDashboardIcon": {
            "__events__": {},
            "__info__": {
                "kuid": "ec8359bf32e548b2beffd34336b0196d",
                "srcKUID": "cb6af2dadd2147068fe7977967ed48d3",
                "wType": "Label"
            }
        },
        "topmenu.lblDashboardIconMobile": {
            "__events__": {},
            "__info__": {
                "kuid": "aae196cc9938462386a2fcb6ce6cec25",
                "srcKUID": "d810310301f748e484f38777d90fbf09",
                "wType": "Label"
            }
        },
        "topmenu.lblDropbox": {
            "__events__": {},
            "__info__": {
                "kuid": "ac43c8bc41c344568c96dd2a39738f6a",
                "srcKUID": "ec1ce5d231134d4f8cfb0842f7538da3",
                "wType": "Label"
            }
        },
        "topmenu.lblDropboxMobile": {
            "__events__": {},
            "__info__": {
                "kuid": "d6592403b00e4a5d866eacdbe3274409",
                "srcKUID": "d5987c906f8f432ea7c31a58772ad7a0",
                "wType": "Label"
            }
        },
        "topmenu.lblFeedback": {
            "__events__": {},
            "__info__": {
                "kuid": "f1940c3b071349fd84327975b5f44455",
                "srcKUID": "i45ffb2e674e425ba9e5542807008a2e",
                "wType": "Label"
            },
            "responsiveData": {}
        },
        "topmenu.lblHelp": {
            "__events__": {},
            "__info__": {
                "kuid": "c139079edcb5455dbf5596b94668c2d9",
                "srcKUID": "b910c72e31ac4950b9d4fcca565a1df4",
                "wType": "Label"
            },
            "centerX": {
                "Default": {
                    "type": "string",
                    "value": "50%"
                }
            },
            "responsiveData": {
                "b2": {
                    "centerX": {
                        "type": "string",
                        "value": ""
                    },
                    "right": {
                        "type": "string",
                        "value": "0dp"
                    }
                },
                "b4": {
                    "centerX": {
                        "type": "string",
                        "value": ""
                    },
                    "right": {
                        "type": "string",
                        "value": "0dp"
                    }
                }
            },
            "right": {
                "Default": {
                    "type": "string",
                    "value": ""
                }
            }
        },
        "topmenu.lblMyBills": {
            "__events__": {},
            "__info__": {
                "kuid": "d7ddad5a213b4cf1ad08fac13cb87d0d",
                "srcKUID": "d8925fb060194253ba463a13de343eac",
                "wType": "Label"
            }
        },
        "topmenu.lblPayMultipleBeneficiaries": {
            "__events__": {},
            "__info__": {
                "kuid": "g9e61e7083804e53b3f73354897a94cb",
                "srcKUID": "cedc3a7abf744c1c80199066b1f9a252",
                "wType": "Label"
            }
        },
        "topmenu.lblTransferAndPay": {
            "__events__": {},
            "__info__": {
                "kuid": "dfa59978ff9749978c04817a2a2dd974",
                "srcKUID": "gf970d4c8185498db726665e80e4fff7",
                "wType": "Label"
            }
        },
        "topmenu.segCombinedAccessMenuMobile": {
            "__events__": {},
            "__info__": {
                "kuid": "j27a59561ba047fabb8ddf7f9fd451cc",
                "srcKUID": "fc65c13a65044f12b6e9da428e059df4",
                "wType": "Segment"
            }
        },
        "topmenu.segMenuDropdown": {
            "__events__": {},
            "__info__": {
                "kuid": "e0d851b254e449ddb13642587c4baa87",
                "srcKUID": "h8894426165e4ae3bc9b8480f4c0affa",
                "wType": "Segment"
            }
        }
    },
    "id": "customheader",
    "info": null,
    "isdatareferenced": false,
    "isvisible": true,
    "kuid": "ad4f6de72aa246b1bfa9f46cd9c199df",
    "layouttype": 2,
    "masterType": 0,
    "name": "kony.ui.UserWidgetInstance",
    "parent": "flxHeader",
    "pf": "frmLocateUs",
    "snaptogrid": true,
    "sourceUserWidget": "c04bbf50611342ca895c5e0a329aeb52",
    "vizprops": {
        "hidewidgethierarchy": false
    },
    "wType": "UserWidgetInstance",
    "zindex": 1000
}