{
    "@class": "com.kony.gen.viz.model.component.KVizUserWidget",
    "DNDConfig": null,
    "__parentReadjusting__": false,
    "_android_": {},
    "_androidwearos_": {},
    "_children_": [],
    "_desktopweb_": {
        "render": true
    },
    "_height_": {
        "type": "string",
        "value": "150dp"
    },
    "_ipad_": {},
    "_iphone_": {},
    "_kiosk_": {
        "render": true
    },
    "_left_": {
        "type": "string",
        "value": "0dp"
    },
    "_margin_": [
        0,
        0,
        0,
        0
    ],
    "_orientation_": 1,
    "_padding_": [
        0,
        0,
        0,
        0
    ],
    "_percent_": true,
    "_render_": true,
    "_responsiveData_": {
        "b4": {
            "width": {
                "type": "string",
                "value": "100%"
            }
        }
    },
    "_skin_": "s24c92fc23b14f5484b693ee9b8a9b35",
    "_spa_": {},
    "_spaan_": {},
    "_spaandroidtablet_": {},
    "_spabb_": {},
    "_spaip_": {},
    "_spaipad_": {},
    "_spamobile_": {},
    "_spatablet_": {},
    "_spawindowstablet_": {},
    "_spawinphone8_": {},
    "_tabrcandroid_": {},
    "_top_": {
        "type": "string",
        "value": "0dp"
    },
    "_vizProps_": {
        "hidewidgethierarchy": false
    },
    "_width_": {
        "type": "string",
        "value": "1366dp"
    },
    "_windows10_": {},
    "_windows8_": {},
    "_winphone10_": {},
    "_winphone8_": {},
    "areflexpropsreferenced": false,
    "canUpdateUI": true,
    "centerx": {
        "type": "string",
        "value": "50%"
    },
    "clipbounds": true,
    "containerweight": 0,
    "dataDiffs": {
        "btnContactUs": {
            "__events__": {},
            "__info__": {
                "kuid": "bf4a5b3dfb1a4fcf8b04c0b557e2cbf3",
                "srcKUID": "c47b0c9af1b84e63aa01af59eb52124a",
                "wType": "Button"
            },
            "left": {},
            "responsiveData": {
                "b3": {
                    "left": {
                        "type": "string",
                        "value": "20dp"
                    }
                }
            }
        },
        "btnFaqs": {
            "__events__": {},
            "__info__": {
                "kuid": "i08eec186497475483802bc86557f793",
                "srcKUID": "ced702d00bc5426892e4632faec9df5d",
                "wType": "Button"
            },
            "responsiveData": {
                "b3": {
                    "isVisible": false
                }
            }
        },
        "btnLocateUs": {
            "__events__": {},
            "__info__": {
                "kuid": "gdafc44e1fac45e4b16a9a1d346fd8d8",
                "srcKUID": "i52587cdcb68471f9e389671ddc5f138",
                "wType": "Button"
            },
            "centerX": {},
            "left": {},
            "responsiveData": {
                "b3": {
                    "centerX": {
                        "type": "string",
                        "value": ""
                    },
                    "left": {
                        "type": "string",
                        "value": "0%"
                    }
                },
                "b4": {
                    "left": {
                        "type": "string",
                        "value": "0dp"
                    }
                }
            }
        },
        "btnPrivacy": {
            "__events__": {},
            "__info__": {
                "kuid": "j359bc02f98e495d9f785b7829aa738d",
                "srcKUID": "c3810888a2304c409e04db4cd519b8ee",
                "wType": "Button"
            },
            "responsiveData": {
                "b3": {
                    "isVisible": false
                }
            }
        },
        "btnTermsAndConditions": {
            "__events__": {},
            "__info__": {
                "kuid": "c33ba621089443a0920bfab74af42f2e",
                "srcKUID": "baf7c8f817b34b618b7e1f148f49770a",
                "wType": "Button"
            },
            "responsiveData": {
                "b3": {
                    "isVisible": false
                }
            }
        },
        "customfooter": {
            "__events__": {},
            "__info__": {
                "isRoot": true,
                "kuid": "e2c7142ec45344baa55541eb6a951870",
                "srcKUID": "a142e816812a4b5b80f84484dcef7232",
                "wType": "FlexContainer"
            },
            "centerX": {
                "Default": {
                    "type": "string",
                    "value": "50%"
                }
            },
            "responsiveData": {
                "b3": {
                    "width": {
                        "type": "string",
                        "value": "100%"
                    }
                },
                "b4": {
                    "width": {
                        "type": "string",
                        "value": "100%"
                    }
                },
                "b2": {
                    "width": {
                        "type": "string",
                        "value": "100%"
                    }
                }
            },
            "width": {
                "Default": {
                    "type": "string",
                    "value": "1366dp"
                }
            },
            "zIndex": {
                "Default": 2
            }
        },
        "flxFooterMenu": {
            "__events__": {},
            "__info__": {
                "kuid": "f23d6097998d4b96b2aa361516d30086",
                "srcKUID": "e6b5bc6faf00428680c4dedfe25a0b9a",
                "wType": "FlexContainer"
            },
            "centerX": {
                "Default": {
                    "type": "string",
                    "value": "50%"
                }
            },
            "left": {
                "Default": {
                    "type": "string",
                    "value": ""
                }
            },
            "responsiveData": {
                "b3": {
                    "width": {
                        "type": "string",
                        "value": "180dp"
                    }
                },
                "b4": {
                    "centerX": {
                        "type": "string",
                        "value": ""
                    },
                    "left": {
                        "type": "string",
                        "value": "2.50%"
                    },
                    "width": {
                        "type": "string",
                        "value": "90%"
                    }
                },
                "b2": {
                    "centerX": {
                        "type": "string",
                        "value": ""
                    },
                    "left": {
                        "type": "string",
                        "value": "6%"
                    },
                    "width": {
                        "type": "string",
                        "value": "87%"
                    }
                }
            },
            "right": {},
            "top": {},
            "width": {
                "Default": {
                    "type": "string",
                    "value": "1200dp"
                }
            }
        },
        "flxVBar1": {
            "__events__": {},
            "__info__": {
                "kuid": "f1192884989848168ac3ce48615fa072",
                "srcKUID": "f31fd58a22cc496a93899a924cf2927d",
                "wType": "FlexContainer"
            },
            "centerX": {},
            "left": {},
            "responsiveData": {
                "b3": {
                    "centerX": {
                        "type": "string",
                        "value": ""
                    },
                    "left": {
                        "type": "string",
                        "value": "20dp"
                    }
                }
            }
        },
        "flxVBar2": {
            "__events__": {},
            "__info__": {
                "kuid": "ee7a9f85340d43cb92c0c2fbc08c7992",
                "srcKUID": "j39a662286e64bbc9be78a96bb491e27",
                "wType": "FlexContainer"
            },
            "responsiveData": {
                "b3": {
                    "isVisible": false
                }
            }
        },
        "flxVBar3": {
            "__events__": {},
            "__info__": {
                "kuid": "b3f5a912c7f4471f85e70432ccb6d061",
                "srcKUID": "a6990ffd77914b8e8757540cb40cad1a",
                "wType": "FlexContainer"
            },
            "responsiveData": {
                "b3": {
                    "isVisible": false
                }
            }
        },
        "flxVBar4": {
            "__events__": {},
            "__info__": {
                "kuid": "bf3cca94340a4a808bd8768142ff02fa",
                "srcKUID": "e75f96d248634147afa5b6848252df6e",
                "wType": "FlexContainer"
            },
            "responsiveData": {
                "b3": {
                    "isVisible": false
                }
            }
        },
        "imgFooterIconOne": {
            "__events__": {},
            "__info__": {
                "kuid": "ffb9382b4ef3427d80b36acbedab8539",
                "srcKUID": "f2305e3d65bb448e9d68f5608421f28a",
                "wType": "Image"
            },
            "responsiveData": {
                "b3": {
                    "isVisible": false
                },
                "b4": {
                    "centerY": {
                        "type": "string",
                        "value": "75%"
                    },
                    "isVisible": false,
                    "right": {
                        "type": "string",
                        "value": "10dp"
                    }
                }
            },
            "right": {},
            "centerY": {}
        },
        "imgFooterIconThree": {
            "__events__": {},
            "__info__": {
                "kuid": "abff40719efe4e388621f52662d56293",
                "srcKUID": "hc27193bc4d14f24b60f03ac3c2bddb7",
                "wType": "Image"
            },
            "responsiveData": {
                "b3": {
                    "isVisible": false
                },
                "b4": {
                    "centerY": {
                        "type": "string",
                        "value": "40%"
                    },
                    "isVisible": false,
                    "right": {
                        "type": "string",
                        "value": "60dp"
                    }
                }
            },
            "right": {},
            "centerY": {}
        },
        "imgFooterIconTwo": {
            "__events__": {},
            "__info__": {
                "kuid": "da538727744a4ed0ac3eab5702d3e0c5",
                "srcKUID": "cf67ed169e364ace9f62b5aa10dcf1d8",
                "wType": "Image"
            },
            "responsiveData": {
                "b3": {
                    "isVisible": false
                },
                "b4": {
                    "centerY": {
                        "type": "string",
                        "value": "40%"
                    },
                    "isVisible": false,
                    "right": {
                        "type": "string",
                        "value": "10dp"
                    }
                }
            },
            "right": {},
            "centerY": {}
        },
        "lblCopyright": {
            "__events__": {},
            "__info__": {
                "kuid": "f86421c91d744fb4be5f6d3473b142e7",
                "srcKUID": "a696ff4e198a4124810242908deae798",
                "wType": "Label"
            },
            "centerX": {
                "Default": {
                    "type": "string",
                    "value": ""
                }
            },
            "left": {
                "Default": {
                    "type": "string",
                    "value": "6%"
                }
            },
            "responsiveData": {
                "b3": {},
                "b4": {
                    "left": {
                        "type": "string",
                        "value": "2.50%"
                    },
                    "width": {
                        "type": "string",
                        "value": "90%"
                    }
                },
                "b2": {}
            },
            "right": {},
            "width": {
                "Default": {
                    "type": "ref",
                    "value": "preferred"
                }
            }
        }
    },
    "id": "CustomFooterMain",
    "info": null,
    "isdatareferenced": false,
    "isvisible": true,
    "kuid": "j4fb99b1837e4fae84719580afa56c8d",
    "layouttype": 2,
    "masterType": 0,
    "name": "kony.ui.UserWidgetInstance",
    "parent": "flxFooter",
    "pf": "frmLocateUs",
    "snaptogrid": true,
    "sourceUserWidget": "a142e816812a4b5b80f84484dcef7232",
    "vizprops": {
        "hidewidgethierarchy": false
    },
    "wType": "UserWidgetInstance",
    "zindex": 2
}