{
    "DNDConfig": null,
    "__parentReadjusting__": false,
    "_height_": {
        "type": "string",
        "value": "220dp"
    },
    "_left_": {
        "type": "string",
        "value": "82dp"
    },
    "_margin_": [
        0,
        0,
        0,
        0
    ],
    "_orientation_": 6,
    "_padding_": [
        0,
        0,
        0,
        0
    ],
    "_percent_": true,
    "_skin_": "s88bd58a585345878d6a909075f24918",
    "_top_": {
        "type": "string",
        "value": "6dp"
    },
    "_width_": {
        "type": "string",
        "value": "100%"
    },
    "allboxes": [],
    "canUpdateUI": true,
    "centerx": {
        "type": "number",
        "value": ""
    },
    "centery": {
        "type": "number",
        "value": ""
    },
    "children": [
        "flxShowListView",
        "flxShowMapView"
    ],
    "clipbounds": false,
    "containerweight": 100,
    "enablescrolling": true,
    "id": "flxButtonsWrapper",
    "info": null,
    "iscustomlayout": false,
    "isvisible": true,
    "kuid": "cba821c6605a4579a80913c7f3a1987c",
    "layouttype": 2,
    "name": "kony.ui.FlexContainer",
    "parent": "flxMapAndListButtons",
    "pf": "frmLocateUs",
    "responsiveData": {
        "b3": {
            "centerX": {
                "type": "string",
                "value": "50%"
            },
            "centerY": {
                "type": "string",
                "value": "50%"
            },
            "height": {
                "type": "string",
                "value": "40dp"
            },
            "skin": "s88bd58a585345878d6a909075f24918",
            "width": {
                "type": "string",
                "value": "240px"
            }
        }
    },
    "retaincontentalignment": false,
    "retainflexpositionproperties": false,
    "snapgridsize": 10,
    "snaptogrid": true,
    "wType": "FlexContainer",
    "widgetalignment": 1,
    "zindex": 1
}