{
    "DNDConfig": null,
    "__parentReadjusting__": false,
    "_bottom_": {
        "type": "number",
        "value": ""
    },
    "_height_": {
        "type": "string",
        "value": "740dp"
    },
    "_left_": {
        "type": "string",
        "value": "0%"
    },
    "_margin_": [
        0,
        0,
        0,
        0
    ],
    "_orientation_": 6,
    "_padding_": [
        0,
        0,
        0,
        0
    ],
    "_percent_": true,
    "_skin_": "sba5a7627a5d4fa3befc93e669f0f2b0",
    "_top_": {
        "type": "string",
        "value": "0dp"
    },
    "_width_": {
        "type": "string",
        "value": "100%"
    },
    "allboxes": [],
    "allowhorizontalbounce": false,
    "allowverticalbounce": true,
    "bounces": true,
    "canUpdateUI": true,
    "children": [
        "flxMain"
    ],
    "clipbounds": false,
    "containerweight": 100,
    "decelerat": false,
    "dragg": false,
    "enablescrolling": false,
    "horizontalscrollindicator": true,
    "id": "flxContainer",
    "info": null,
    "iscustomlayout": false,
    "isvisible": true,
    "kuid": "b11237d502714ea193a930dac4ee0cf1",
    "layouttype": 4,
    "minheight": {
        "type": "number",
        "value": ""
    },
    "minwidth": {
        "type": "number",
        "value": ""
    },
    "name": "kony.ui.FlexScrollContainer",
    "pagingenabled": false,
    "parent": "flxFormContent",
    "pf": "frmLocateUs",
    "responsiveData": {
        "b1": {},
        "b2": {
            "minHeight": {
                "type": "string",
                "value": ""
            },
            "minWidth": {
                "type": "string",
                "value": ""
            },
            "top": {
                "type": "string",
                "value": "0dp"
            },
            "width": {
                "type": "string",
                "value": "100%"
            }
        },
        "b3": {
            "bottom": {
                "type": "string",
                "value": "0dp"
            },
            "height": {
                "type": "string",
                "value": ""
            },
            "layoutType": 4,
            "skin": "sba5a7627a5d4fa3befc93e669f0f2b0",
            "top": {
                "type": "string",
                "value": "0dp"
            },
            "zIndex": 3
        },
        "b4": {}
    },
    "retaincontentalignment": false,
    "retainflexpositionproperties": false,
    "scrolldirection": 2,
    "snapgridsize": 10,
    "snaptogrid": true,
    "track": false,
    "verticalscrollindicator": true,
    "vizProps": {},
    "wType": "FlexScrollContainer",
    "widgetalignment": 1,
    "zindex": 2000
}