{
    "DNDConfig": null,
    "__parentReadjusting__": false,
    "_bottom_": {
        "type": "number",
        "value": "0"
    },
    "_height_": {
        "type": "string",
        "value": "90px"
    },
    "_left_": {
        "type": "string",
        "value": "0dp"
    },
    "_margin_": [
        0,
        0,
        0,
        0
    ],
    "_orientation_": 6,
    "_padding_": [
        0,
        0,
        0,
        0
    ],
    "_percent_": true,
    "_skin_": "s24c92fc23b14f5484b693ee9b8a9b35",
    "_top_": {
        "type": "string",
        "value": "0dp"
    },
    "_width_": {
        "type": "string",
        "value": "100%"
    },
    "allboxes": [],
    "canUpdateUI": true,
    "children": [
        "btnShareSend",
        "btnShareCancel"
    ],
    "clipbounds": true,
    "containerweight": 100,
    "enablescrolling": true,
    "id": "flxEditEmailButtons",
    "info": null,
    "isvisible": true,
    "kuid": "a9b5ebeb578b4462864b7a0d68c164f3",
    "layouttype": 2,
    "name": "kony.ui.FlexContainer",
    "parent": "flxShare",
    "pf": "frmLocateUs",
    "responsiveData": {
        "b3": {
            "height": {
                "type": "string",
                "value": "140px"
            }
        },
        "b4": {
            "height": {
                "type": "string",
                "value": "80px"
            }
        }
    },
    "snapgridsize": 10,
    "snaptogrid": true,
    "wType": "FlexContainer",
    "widgetalignment": 1,
    "zindex": 1
}