{
    "DNDConfig": null,
    "__parentReadjusting__": false,
    "_height_": {
        "type": "string",
        "value": "150dp"
    },
    "_left_": {
        "type": "string",
        "value": "0dp"
    },
    "_margin_": [
        0,
        0,
        0,
        0
    ],
    "_orientation_": 6,
    "_padding_": [
        0,
        0,
        0,
        0
    ],
    "_percent_": true,
    "_skin_": "s24c92fc23b14f5484b693ee9b8a9b35",
    "_top_": {
        "type": "string",
        "value": "0dp"
    },
    "_width_": {
        "type": "string",
        "value": "100%"
    },
    "allboxes": [],
    "autogrowmode": 0,
    "canUpdateUI": true,
    "children": [
        "CustomFooterMain"
    ],
    "clipbounds": false,
    "containerweight": 100,
    "enablescrolling": true,
    "id": "flxFooter",
    "info": null,
    "isvisible": true,
    "kuid": "gae176d1dc484911b94a03383f12a5f5",
    "layouttype": 2,
    "name": "kony.ui.FlexContainer",
    "parent": "flxFormContent",
    "pf": "frmLocateUs",
    "responsiveData": {
        "b1": {
            "isVisible": true,
            "skin": "s24c92fc23b14f5484b693ee9b8a9b35"
        },
        "b2": {
            "skin": "s24c92fc23b14f5484b693ee9b8a9b35",
            "top": {
                "type": "string",
                "value": "0dp"
            }
        },
        "b3": {
            "isVisible": false,
            "skin": "s24c92fc23b14f5484b693ee9b8a9b35",
            "zIndex": 2
        },
        "b4": {
            "skin": "sb75f187c17c456fb0450d66550451bb"
        }
    },
    "snapgridsize": 10,
    "snaptogrid": true,
    "wType": "FlexContainer",
    "widgetalignment": 1,
    "zindex": 2000
}