{
    "DNDConfig": null,
    "__parentReadjusting__": false,
    "_height_": {
        "type": "string",
        "value": "100%"
    },
    "_left_": {
        "type": "string",
        "value": "-100%"
    },
    "_margin_": [
        0,
        0,
        0,
        0
    ],
    "_orientation_": 6,
    "_padding_": [
        0,
        0,
        0,
        0
    ],
    "_percent_": true,
    "_skin_": "s33fa12a911a45c49c6435621160a9c1",
    "_top_": {
        "type": "string",
        "value": "0dp"
    },
    "_width_": {
        "type": "string",
        "value": "100%"
    },
    "allboxes": [],
    "canUpdateUI": true,
    "children": [
        "CustomPopup"
    ],
    "clipbounds": true,
    "containerweight": 100,
    "enablescrolling": true,
    "id": "flxLogout",
    "info": null,
    "isvisible": false,
    "kuid": "bb665a5690d4410c955ab60b14fef5b7",
    "layouttype": 2,
    "name": "kony.ui.FlexContainer",
    "parent": "frmLocateUs",
    "pf": "frmLocateUs",
    "responsiveData": {
        "b1": {
            "height": {
                "type": "string",
                "value": "100%"
            },
            "left": {
                "type": "string",
                "value": "0dp"
            }
        },
        "b2": {
            "left": {
                "type": "string",
                "value": "-100%"
            }
        },
        "b3": {
            "height": {
                "type": "string",
                "value": "100%"
            },
            "isVisible": false,
            "left": {
                "type": "string",
                "value": "-100%"
            },
            "zIndex": 2006
        }
    },
    "snapgridsize": 10,
    "snaptogrid": true,
    "wType": "FlexContainer",
    "widgetalignment": 1,
    "zindex": 2600
}