{
    "DNDConfig": null,
    "_bottom_": {
        "type": "number",
        "value": ""
    },
    "_height_": {
        "type": "string",
        "value": "650dp"
    },
    "_left_": {
        "type": "string",
        "value": "6.08%"
    },
    "_margin_": [
        0,
        0,
        0,
        0
    ],
    "_orientation_": 6,
    "_padding_": [
        0,
        0,
        0,
        0
    ],
    "_percent_": true,
    "_right_": {
        "type": "number",
        "value": ""
    },
    "_skin_": "sdc143f0e5b64ae3a3f155f691c73fa7",
    "_top_": {
        "type": "string",
        "value": "70dp"
    },
    "_width_": {
        "type": "string",
        "value": "87.85%"
    },
    "allboxes": [],
    "canUpdateUI": true,
    "children": [
        "LocateUs"
    ],
    "clipbounds": false,
    "containerweight": 100,
    "enablescrolling": true,
    "id": "flxLocateUsWrapper",
    "info": null,
    "isvisible": true,
    "kuid": "e577c8a9cddc4cc39e03376c2794adb6",
    "layouttype": 2,
    "name": "kony.ui.FlexContainer",
    "parent": "flxMain",
    "pf": "frmLocateUs",
    "responsiveData": {
        "b1": {
            "skin": "sdc143f0e5b64ae3a3f155f691c73fa7",
            "width": {
                "type": "string",
                "value": "1266dp"
            }
        },
        "b2": {
            "isVisible": true,
            "left": {
                "type": "string",
                "value": "6.08%"
            },
            "width": {
                "type": "string",
                "value": "88.40%"
            }
        },
        "b3": {
            "bottom": {
                "type": "string",
                "value": ""
            },
            "height": {
                "type": "string",
                "value": "820dp"
            },
            "left": {
                "type": "string",
                "value": "0%"
            },
            "top": {
                "type": "string",
                "value": "5dp"
            },
            "width": {
                "type": "string",
                "value": "100%"
            }
        },
        "b4": {
            "left": {
                "type": "string",
                "value": "24dp"
            },
            "right": {
                "type": "string",
                "value": "24dp"
            },
            "skin": "sdc143f0e5b64ae3a3f155f691c73fa7",
            "width": {
                "type": "string",
                "value": ""
            }
        }
    },
    "snapgridsize": 10,
    "snaptogrid": true,
    "wType": "FlexContainer",
    "widgetalignment": 1,
    "zindex": 1
}