{
    "DNDConfig": null,
    "__parentReadjusting__": false,
    "_height_": {
        "type": "string",
        "value": "220dp"
    },
    "_left_": {
        "type": "string",
        "value": "556dp"
    },
    "_margin_": [
        0,
        0,
        0,
        0
    ],
    "_orientation_": 6,
    "_padding_": [
        0,
        0,
        0,
        0
    ],
    "_percent_": true,
    "_right_": {
        "type": "number",
        "value": ""
    },
    "_skin_": "s24c92fc23b14f5484b693ee9b8a9b35",
    "_top_": {
        "type": "string",
        "value": "-52dp"
    },
    "_width_": {
        "type": "string",
        "value": "10%"
    },
    "allboxes": [],
    "canUpdateUI": true,
    "children": [
        "lblLoginMobile"
    ],
    "clipbounds": false,
    "containerweight": 100,
    "enablescrolling": true,
    "id": "flxLoginMobile",
    "info": null,
    "iscustomlayout": false,
    "isvisible": true,
    "kuid": "c5f780e76ac4468aa9d92d7955e92bdd",
    "layouttype": 2,
    "name": "kony.ui.FlexContainer",
    "parent": "flxHeader",
    "pf": "frmLocateUs",
    "responsiveData": {
        "b1": {
            "height": {
                "type": "string",
                "value": "0dp"
            },
            "isVisible": false,
            "top": {
                "type": "string",
                "value": "0dp"
            },
            "width": {
                "type": "string",
                "value": "0%"
            }
        },
        "b2": {
            "height": {
                "type": "string",
                "value": "0dp"
            },
            "isVisible": false,
            "top": {
                "type": "string",
                "value": "0dp"
            },
            "width": {
                "type": "string",
                "value": "0%"
            }
        },
        "b3": {
            "height": {
                "type": "string",
                "value": "50dp"
            },
            "isVisible": false,
            "left": {
                "type": "string",
                "value": ""
            },
            "right": {
                "type": "string",
                "value": "20dp"
            },
            "width": {
                "type": "string",
                "value": "20%"
            }
        },
        "b4": {
            "height": {
                "type": "string",
                "value": "0dp"
            },
            "isVisible": false,
            "top": {
                "type": "string",
                "value": "0dp"
            },
            "width": {
                "type": "string",
                "value": "0%"
            }
        }
    },
    "retaincontentalignment": false,
    "retainflexpositionproperties": false,
    "snapgridsize": 10,
    "snaptogrid": true,
    "wType": "FlexContainer",
    "widgetalignment": 1,
    "zindex": 2000,
    "accessibilityconfig": {
        "a11yARIA": {
            "tabindex": 1
        }
    }
}