{
    "DNDConfig": null,
    "__parentReadjusting__": false,
    "_bottom_": {
        "type": "number",
        "value": ""
    },
    "_height_": {
        "type": "string",
        "value": "740dp"
    },
    "_left_": {
        "type": "string",
        "value": "0dp"
    },
    "_margin_": [
        0,
        0,
        0,
        0
    ],
    "_orientation_": 6,
    "_padding_": [
        0,
        0,
        0,
        0
    ],
    "_percent_": true,
    "_skin_": "s24c92fc23b14f5484b693ee9b8a9b35",
    "_top_": {
        "type": "string",
        "value": "0dp"
    },
    "_width_": {
        "type": "string",
        "value": "1366dp"
    },
    "allboxes": [],
    "canUpdateUI": true,
    "centerx": {
        "type": "string",
        "value": "50%"
    },
    "children": [
        "lblLocateUsHeader",
        "flxLocateUsWrapper",
        "flxShareDirection"
    ],
    "clipbounds": false,
    "containerweight": 100,
    "enablescrolling": true,
    "id": "flxMain",
    "info": null,
    "isvisible": true,
    "kuid": "ee7f8bc2e8e8400183b18263d29f0d4f",
    "layouttype": 2,
    "name": "kony.ui.FlexContainer",
    "parent": "flxContainer",
    "pf": "frmLocateUs",
    "responsiveData": {
        "b1": {
            "skin": "s24c92fc23b14f5484b693ee9b8a9b35"
        },
        "b2": {
            "skin": "s24c92fc23b14f5484b693ee9b8a9b35",
            "width": {
                "type": "string",
                "value": "100%"
            }
        },
        "b3": {
            "bottom": {
                "type": "string",
                "value": ""
            },
            "height": {
                "type": "string",
                "value": "100%"
            },
            "width": {
                "type": "string",
                "value": "100%"
            }
        },
        "b4": {
            "skin": "s24c92fc23b14f5484b693ee9b8a9b35",
            "width": {
                "type": "string",
                "value": "100%"
            }
        }
    },
    "snapgridsize": 10,
    "snaptogrid": true,
    "wType": "FlexContainer",
    "widgetalignment": 1,
    "zindex": 1
}