{
    "DNDConfig": null,
    "_bottom_": {
        "type": "number",
        "value": ""
    },
    "_height_": {
        "type": "string",
        "value": "80dp"
    },
    "_left_": {
        "type": "string",
        "value": "0dp"
    },
    "_margin_": [
        0,
        0,
        0,
        0
    ],
    "_orientation_": 6,
    "_padding_": [
        0,
        0,
        0,
        0
    ],
    "_percent_": true,
    "_skin_": "s24c92fc23b14f5484b693ee9b8a9b35",
    "_top_": {
        "type": "string",
        "value": "-80dp"
    },
    "_width_": {
        "type": "string",
        "value": "100%"
    },
    "allboxes": [],
    "autogrowmode": 0,
    "canUpdateUI": true,
    "children": [
        "flxButtonsWrapper",
        "imgMyLocationIcon"
    ],
    "clipbounds": true,
    "containerweight": 100,
    "enablescrolling": true,
    "id": "flxMapAndListButtons",
    "info": null,
    "iscustomlayout": false,
    "isvisible": false,
    "kuid": "c71084e7075a45c9a3c49ecfd6fafad8",
    "layouttype": 2,
    "name": "kony.ui.FlexContainer",
    "parent": "frmLocateUs",
    "pf": "frmLocateUs",
    "responsiveData": {
        "b3": {
            "bottom": {
                "type": "number",
                "value": "0"
            },
            "isVisible": true,
            "top": {
                "type": "string",
                "value": ""
            },
            "width": {
                "type": "string",
                "value": "100%"
            },
            "zIndex": 2004
        }
    },
    "retaincontentalignment": false,
    "retainflexpositionproperties": false,
    "snapgridsize": 10,
    "snaptogrid": true,
    "wType": "FlexContainer",
    "widgetalignment": 1,
    "zindex": 2
}