{
    "DNDConfig": null,
    "__parentReadjusting__": false,
    "_height_": {
        "type": "string",
        "value": "1dp"
    },
    "_left_": {
        "type": "string",
        "value": "0dp"
    },
    "_margin_": [
        0,
        0,
        0,
        0
    ],
    "_orientation_": 6,
    "_padding_": [
        0,
        0,
        0,
        0
    ],
    "_percent_": true,
    "_skin_": "s12e9117552b4e45a2f5f2631b232fc5",
    "_top_": {
        "type": "string",
        "value": "120dp"
    },
    "_width_": {
        "type": "string",
        "value": "100%"
    },
    "allboxes": [],
    "autogrowmode": 0,
    "canUpdateUI": true,
    "children": [],
    "clipbounds": false,
    "containerweight": 100,
    "enablescrolling": true,
    "id": "flxseperator",
    "info": null,
    "isvisible": true,
    "kuid": "jc49f28dd41642b7bac518ef0939f48a",
    "layouttype": 2,
    "name": "kony.ui.FlexContainer",
    "parent": "frmLocateUs",
    "pf": "frmLocateUs",
    "responsiveData": {
        "b1": {
            "isVisible": false
        },
        "b3": {
            "isVisible": false
        }
    },
    "snapgridsize": 10,
    "snaptogrid": true,
    "wType": "FlexContainer",
    "widgetalignment": 1,
    "zindex": 1
}