{
    "DNDConfig": null,
    "__parentReadjusting__": false,
    "_height_": {
        "type": "string",
        "value": "200dp"
    },
    "_left_": {
        "type": "string",
        "value": "0dp"
    },
    "_margin_": [
        0,
        0,
        0,
        0
    ],
    "_orientation_": 6,
    "_padding_": [
        0,
        0,
        0,
        0
    ],
    "_percent_": true,
    "_skin_": "s24c92fc23b14f5484b693ee9b8a9b35",
    "_top_": {
        "type": "string",
        "value": "0dp"
    },
    "_width_": {
        "type": "string",
        "value": "100%"
    },
    "allboxes": [],
    "canUpdateUI": true,
    "children": [
        "tbxMapUrl",
        "lblSendMapTo",
        "lbxSendMapTo",
        "tbxSendMapTo"
    ],
    "clipbounds": true,
    "containerweight": 100,
    "enablescrolling": true,
    "id": "flxShareContents",
    "info": null,
    "isvisible": true,
    "kuid": "dfa26fcc4a4c473ab0718c48b044b766",
    "layouttype": 2,
    "name": "kony.ui.FlexContainer",
    "parent": "flxShare",
    "pf": "frmLocateUs",
    "responsiveData": {
        "b3": {
            "height": {
                "type": "ref",
                "value": "preferred"
            },
            "isVisible": true
        },
        "b4": {
            "height": {
                "type": "string",
                "value": "200dp"
            },
            "isVisible": true,
            "top": {
                "type": "string",
                "value": "0dp"
            }
        }
    },
    "snapgridsize": 10,
    "snaptogrid": true,
    "wType": "FlexContainer",
    "widgetalignment": 1,
    "zindex": 1
}