{
    "DNDConfig": null,
    "__parentReadjusting__": false,
    "_height_": {
        "type": "string",
        "value": "342dp"
    },
    "_left_": {
        "type": "string",
        "value": "28.35%"
    },
    "_margin_": [
        0,
        0,
        0,
        0
    ],
    "_orientation_": 6,
    "_padding_": [
        0,
        0,
        0,
        0
    ],
    "_percent_": true,
    "_right_": {
        "type": "number",
        "value": ""
    },
    "_skin_": "sf0439c0e6d14f78bab27a3db3208817",
    "_top_": {
        "type": "string",
        "value": "334dp"
    },
    "_width_": {
        "type": "string",
        "value": "43.26%"
    },
    "allboxes": [],
    "canUpdateUI": true,
    "children": [
        "flxShareHeader",
        "flxShareSeperator",
        "flxShareContents",
        "flxShareSeperator2",
        "flxEditEmailButtons"
    ],
    "clipbounds": true,
    "containerweight": 100,
    "enablescrolling": true,
    "id": "flxShare",
    "info": null,
    "isvisible": true,
    "kuid": "cdc0a08760cd440c89bc9de9a5ac91c0",
    "layouttype": 4,
    "name": "kony.ui.FlexContainer",
    "parent": "flxShareDirection",
    "pf": "frmLocateUs",
    "responsiveData": {
        "b3": {
            "height": {
                "type": "ref",
                "value": "preferred"
            },
            "left": {
                "type": "string",
                "value": "10dp"
            },
            "right": {
                "type": "string",
                "value": "10dp"
            },
            "top": {
                "type": "string",
                "value": "120dp"
            },
            "width": {
                "type": "string",
                "value": ""
            }
        },
        "b4": {
            "height": {
                "type": "ref",
                "value": "preferred"
            },
            "left": {
                "type": "string",
                "value": "20%"
            },
            "right": {
                "type": "string",
                "value": "20%"
            },
            "width": {
                "type": "string",
                "value": ""
            }
        }
    },
    "snapgridsize": 10,
    "snaptogrid": true,
    "wType": "FlexContainer",
    "widgetalignment": 1,
    "zindex": 1,
    "accessibilityconfig": {
        "a11yARIA": {
            "tabindex": 1
        }
    }
}