{
    "DNDConfig": null,
    "__parentReadjusting__": false,
    "_height_": {
        "type": "string",
        "value": "220dp"
    },
    "_left_": {
        "type": "string",
        "value": "14dp"
    },
    "_margin_": [
        0,
        0,
        0,
        0
    ],
    "_orientation_": 6,
    "_padding_": [
        0,
        0,
        0,
        0
    ],
    "_percent_": true,
    "_skin_": "s24c92fc23b14f5484b693ee9b8a9b35",
    "_top_": {
        "type": "string",
        "value": "4dp"
    },
    "_width_": {
        "type": "string",
        "value": "100%"
    },
    "allboxes": [],
    "canUpdateUI": true,
    "children": [
        "lblListViewIcon",
        "lblListView"
    ],
    "clipbounds": true,
    "containerweight": 100,
    "enablescrolling": true,
    "id": "flxShowListView",
    "info": null,
    "iscustomlayout": false,
    "isvisible": true,
    "kuid": "be34744536a84b6eae7bd18ee8c3a67b",
    "layouttype": 2,
    "name": "kony.ui.FlexContainer",
    "parent": "flxButtonsWrapper",
    "pf": "frmLocateUs",
    "responsiveData": {
        "b3": {
            "height": {
                "type": "string",
                "value": "40dp"
            },
            "left": {
                "type": "string",
                "value": "0dp"
            },
            "top": {
                "type": "string",
                "value": "0dp"
            },
            "width": {
                "type": "string",
                "value": "50%"
            }
        }
    },
    "retaincontentalignment": false,
    "retainflexpositionproperties": false,
    "snapgridsize": 10,
    "snaptogrid": true,
    "wType": "FlexContainer",
    "widgetalignment": 1,
    "zindex": 1,
    "accessibilityconfig": {
        "a11yARIA": {
            "tabindex": 1
        }
    }
}