{
    "@class": "com.kony.gen.viz.model.container.KVizScrollFlexForm",
    "DNDConfig": null,
    "_margin_": [
        0,
        0,
        0,
        0
    ],
    "_orientation_": 1,
    "_padding_": [
        0,
        0,
        0,
        0
    ],
    "_percent_": true,
    "_skin_": "s2f58a140c5647b8a643edf5a6309600",
    "_title_": null,
    "addWidgetsdone": false,
    "allboxes": [],
    "android": {
        "psp": {
            "windowSoftInputMode": 2
        }
    },
    "breakpointInfo": {
        "b1": {
            "width": 1379
        },
        "b2": {
            "width": 1366
        },
        "b3": {
            "width": 640
        },
        "b4": {
            "width": 1024
        }
    },
    "canUpdateUI": true,
    "canvasWidth": 2000,
    "children": [
        "flxHeader",
        "flxFormContent",
        "flxLoading",
        "flxLogout",
        "flxseperator",
        "flxMapAndListButtons"
    ],
    "containerweight": 100,
    "controllerInfo": {
        "default": {
            "channel": "desktop",
            "name": "frmLocateUsController"
        }
    },
    "currentLocale": "default",
    "desktopweb": {
        "needAppMenu": false
    },
    "device": "desktopweb",
    "displayorientation": 1,
    "enabledforidletimeout": true,
    "friendlyName": "frmLocateUs",
    "id": "frmLocateUs",
    "ide_onDeviceBack": "AS_Form_c726cc5535004e8286163944bcd6c94d",
    "ide_onTouchEnd": "AS_Form_c359f271da264268a61a5e6d1e47746a",
    "ide_postShow": "AS_Form_f61793624dac44e2a92a68d8a966552d",
    "ide_preShow": "AS_Form_a53ed9c9cdb645898d1c6a3cbcd07ce6",
    "info": null,
    "initdone": false,
    "inputaccessoryviewtype": 4,
    "ipad": {
        "psp": {
            "inputAccessoryViewType": 4
        }
    },
    "iphone": {
        "psp": {
            "inputAccessoryViewType": 4
        }
    },
    "isvisible": true,
    "kuid": "i1112cee4e884991ad42fd579d977bbf",
    "layouttype": 2,
    "name": "kony.ui.Form2",
    "needappmenu": true,
    "paddinginpixel": false,
    "platform": "desktopweb",
    "prevDevice": "desktopweb",
    "prevPlatform": "desktopweb",
    "responsiveData": {
        "b1": {
            "skin": "s2f58a140c5647b8a643edf5a6309600"
        }
    },
    "retainscrollposition": false,
    "shellCSS": "desktop",
    "snapgridsize": 10,
    "snaptogrid": true,
    "titleBarSkin": "s2e24ee0a8ca46b089d8a5bea8a1a32e",
    "titlebar": true,
    "type": 3,
    "vizProps": {
        "globalRespDesignEnabled": false
    },
    "wType": "Form"
}