{
    "@class": "com.kony.gen.viz.model.component.KVizImage2",
    "DNDConfig": null,
    "_base64_": null,
    "_bottom_": {
        "type": "number",
        "value": "20"
    },
    "_height_": {
        "type": "string",
        "value": "40dp"
    },
    "_margin_": [
        0,
        0,
        0,
        0
    ],
    "_padding_": [
        0,
        0,
        0,
        0
    ],
    "_right_": {
        "type": "string",
        "value": "2.88%"
    },
    "_skin_": "s78a5f26c9f14cec9ebed1bb46098f80",
    "_src_": "centralize_location_blue.png",
    "_width_": {
        "type": "string",
        "value": "40dp"
    },
    "accessibilityconfig": {
        "a11yLabel": "Locate us",
        "a11yValue": ""
    },
    "canUpdateUI": true,
    "containerweight": 100,
    "id": "imgMyLocationIcon",
    "imagescalemode": 1,
    "info": null,
    "invokedProperty": "src",
    "isvisible": true,
    "kuid": "dbef5608c2794d06bd7faae391646080",
    "name": "kony.ui.Image2",
    "parent": "flxMapAndListButtons",
    "pf": "frmLocateUs",
    "srcType": 1,
    "wType": "Image",
    "widgetalignment": 5,
    "zindex": 2
}