{
    "@class": "com.kony.gen.viz.model.component.KVizImage2",
    "DNDConfig": null,
    "__parentReadjusting__": false,
    "_base64_": null,
    "_height_": {
        "type": "string",
        "value": "15dp"
    },
    "_margin_": [
        0,
        0,
        0,
        0
    ],
    "_padding_": [
        0,
        0,
        0,
        0
    ],
    "_right_": {
        "type": "string",
        "value": "5.08%"
    },
    "_skin_": "s78a5f26c9f14cec9ebed1bb46098f80",
    "_src_": "bbcloseicon.png",
    "_width_": {
        "type": "string",
        "value": "15dp"
    },
    "canUpdateUI": true,
    "centery": {
        "type": "string",
        "value": "50%"
    },
    "containerweight": 100,
    "context": {
        "channel": "desktop",
        "formID": "frmLocateUs",
        "platform": "desktopweb",
        "templateType": "forms",
        "topLevelBox": null
    },
    "id": "imgShareClose",
    "imagescalemode": 0,
    "info": null,
    "invokedProperty": "src",
    "isvisible": true,
    "kuid": "da7fcb70e23243a3b82fe553b75e4d27",
    "name": "kony.ui.Image2",
    "parent": "flxShareHeader",
    "pf": "frmLocateUs",
    "responsiveData": {
        "b1": {
            "right": {
                "type": "string",
                "value": "30dp"
            }
        },
        "b2": {
            "right": {
                "type": "string",
                "value": "30dp"
            }
        },
        "b4": {
            "right": {
                "type": "string",
                "value": "23dp"
            }
        }
    },
    "srcType": 1,
    "wType": "Image",
    "widgetalignment": 5,
    "zindex": 1,
    "accessibilityconfig": {
        "a11yLabel": "Close",
        "a11yValue": ""
    }
}