{
    "@class": "com.kony.gen.viz.model.component.KVizLabel",
    "DNDConfig": null,
    "__parentReadjusting__": false,
    "_height_": {
        "type": "string",
        "value": "25dp"
    },
    "_left_": {
        "type": "string",
        "value": "6.08%"
    },
    "_margin_": [
        1,
        1,
        1,
        1
    ],
    "_padding_": [
        0,
        0,
        0,
        0
    ],
    "_skin_": "s18d3552bc4143569a7c5aef6bd5eaa1",
    "_text_": "Label",
    "_top_": {
        "type": "string",
        "value": "25dp"
    },
    "_width_": {
        "type": "ref",
        "value": "preferred"
    },
    "_wrapping_": 2,
    "accessibilityconfig": {
        "a11yLabel": "Locate Us"
    },
    "android": {
        "textStyle": {
            "letterSpacing": 0,
            "strikeThrough": false
        }
    },
    "canUpdateUI": true,
    "containerweight": 100,
    "contentalignment": 4,
    "id": "lblLocateUsHeader",
    "info": null,
    "ipad": {
        "psp": {
            "wrapping": 2
        }
    },
    "iphone": {
        "psp": {
            "wrapping": 2
        }
    },
    "iscustomlayout": false,
    "isvisible": true,
    "kuid": "ifa65fcae97c4c5888cbc78ec84424f5",
    "name": "kony.ui.Label",
    "parent": "flxMain",
    "pf": "frmLocateUs",
    "responsiveData": {
        "b1": {
            "left": {
                "type": "string",
                "value": "6.08%"
            }
        },
        "b2": {},
        "b3": {
            "isVisible": false
        },
        "b4": {
            "left": {
                "type": "string",
                "value": "24dp"
            },
            "skin": "s18d3552bc4143569a7c5aef6bd5eaa1",
            "text": "Locate Us"
        }
    },
    "retaincontentalignment": false,
    "retainflexpositionproperties": false,
    "texti18n": "i18n.footer.locateUs",
    "tooltip": "",
    "wType": "Label",
    "zindex": 1
}