{
    "@class": "com.kony.gen.viz.model.component.KVizLabel",
    "DNDConfig": null,
    "__parentReadjusting__": false,
    "_height_": {
        "type": "ref",
        "value": "preferred"
    },
    "_left_": {
        "type": "string",
        "value": "3.38%"
    },
    "_margin_": [
        1,
        1,
        1,
        1
    ],
    "_padding_": [
        0,
        0,
        0,
        0
    ],
    "_skin_": "se56454286124fef97a46e7249497088",
    "_text_": "SHARE",
    "_top_": {
        "type": "string",
        "value": "16dp"
    },
    "_width_": {
        "type": "ref",
        "value": "preferred"
    },
    "_wrapping_": 2,
    "accessibilityconfig": {
        "a11yLabel": "Share"
    },
    "android": {
        "textStyle": {
            "letterSpacing": 0,
            "strikeThrough": false
        }
    },
    "canUpdateUI": true,
    "containerweight": 100,
    "contentalignment": 4,
    "id": "lblShareHeader",
    "info": null,
    "ipad": {
        "psp": {
            "wrapping": 2
        }
    },
    "iphone": {
        "psp": {
            "wrapping": 2
        }
    },
    "isvisible": true,
    "kuid": "de1fd31eb9854e8fbca7ed21782e2bb7",
    "name": "kony.ui.Label",
    "parent": "flxShareHeader",
    "pf": "frmLocateUs",
    "responsiveData": {
        "b1": {
            "left": {
                "type": "string",
                "value": "30dp"
            }
        },
        "b2": {
            "left": {
                "type": "string",
                "value": "30dp"
            }
        },
        "b3": {
            "left": {
                "type": "string",
                "value": "10dp"
            }
        },
        "b4": {
            "left": {
                "type": "string",
                "value": "20dp"
            }
        }
    },
    "texti18n": "i18n.LocateUs.SHARE",
    "tooltip": "",
    "wType": "Label",
    "zindex": 1
}