{
    "@class": "com.kony.gen.viz.model.component.KVizLabel",
    "DNDConfig": null,
    "__parentReadjusting__": false,
    "_height_": {
        "type": "ref",
        "value": "preferred"
    },
    "_left_": {
        "type": "string",
        "value": "3.38%"
    },
    "_margin_": [
        1,
        1,
        1,
        1
    ],
    "_padding_": [
        0,
        0,
        0,
        0
    ],
    "_right_": {
        "type": "number",
        "value": ""
    },
    "_skin_": "sb57ddd930ef42d5b307efc805cba3d6",
    "_text_": "Send Map to:",
    "_top_": {
        "type": "string",
        "value": "90px"
    },
    "_width_": {
        "type": "ref",
        "value": "preferred"
    },
    "_wrapping_": 2,
    "accessibilityconfig": {
        "a11yLabel": "Send Map to:"
    },
    "android": {
        "textStyle": {
            "letterSpacing": 0,
            "strikeThrough": false
        }
    },
    "canUpdateUI": true,
    "containerweight": 100,
    "contentalignment": 4,
    "id": "lblSendMapTo",
    "info": null,
    "ipad": {
        "psp": {
            "wrapping": 2
        }
    },
    "iphone": {
        "psp": {
            "wrapping": 2
        }
    },
    "isvisible": true,
    "kuid": "ad64360d47c54deeb53b8949dd0238bb",
    "name": "kony.ui.Label",
    "parent": "flxShareContents",
    "pf": "frmLocateUs",
    "responsiveData": {
        "b1": {
            "left": {
                "type": "string",
                "value": "30dp"
            }
        },
        "b2": {
            "left": {
                "type": "string",
                "value": "30dp"
            }
        },
        "b3": {
            "left": {
                "type": "string",
                "value": "10dp"
            },
            "right": {
                "type": "string",
                "value": "10dp"
            },
            "top": {
                "type": "string",
                "value": "83px"
            },
            "width": {
                "type": "string",
                "value": ""
            }
        },
        "b4": {
            "left": {
                "type": "string",
                "value": "20dp"
            }
        }
    },
    "texti18n": "i18n.LocateUs.SendMapto",
    "tooltip": "",
    "wType": "Label",
    "zindex": 1
}