{
    "@class": "com.kony.gen.viz.model.component.KVizListBox",
    "DNDConfig": null,
    "__parentReadjusting__": false,
    "_bottom_": {
        "type": "number",
        "value": ""
    },
    "_height_": {
        "type": "string",
        "value": "40dp"
    },
    "_left_": {
        "type": "string",
        "value": "23.18%"
    },
    "_margin_": [
        0,
        0,
        0,
        0
    ],
    "_padding_": [
        0,
        0,
        0,
        0
    ],
    "_right_": {
        "type": "number",
        "value": ""
    },
    "_skin_": "sfae4459590b4f39af6863186b5f2646",
    "_top_": {
        "type": "string",
        "value": "80dp"
    },
    "_width_": {
        "type": "string",
        "value": "59.22%"
    },
    "canUpdateUI": true,
    "containerweight": 100,
    "contentalignment": 4,
    "context": {
        "channel": "desktop",
        "formID": "frmLocateUs",
        "platform": "desktopweb",
        "templateType": "forms",
        "topLevelBox": null
    },
    "groupcells": false,
    "id": "lbxSendMapTo",
    "info": null,
    "isvisible": true,
    "kuid": "d4bc56695fde4133a678f6e4e9ba7ee3",
    "masterdata": [
        [
            "key1",
            "Select a device"
        ],
        [
            "key2",
            "Phone"
        ]
    ],
    "name": "kony.ui.ListBox",
    "parent": "flxShareContents",
    "pf": "frmLocateUs",
    "responsiveData": {
        "b1": {
            "left": {
                "type": "string",
                "value": "23.18%"
            }
        },
        "b3": {
            "bottom": {
                "type": "string",
                "value": "20dp"
            },
            "left": {
                "type": "string",
                "value": "10dp"
            },
            "right": {
                "type": "string",
                "value": "10dp"
            },
            "top": {
                "type": "string",
                "value": "107dp"
            },
            "width": {
                "type": "string",
                "value": ""
            }
        },
        "b4": {
            "bottom": {
                "type": "string",
                "value": "20dp"
            },
            "left": {
                "type": "string",
                "value": "120dp"
            },
            "right": {
                "type": "string",
                "value": "20dp"
            },
            "width": {
                "type": "string",
                "value": ""
            }
        }
    },
    "selectedkey": "key1",
    "selectedkeys": null,
    "selectedkeyvalue": [
        "key1",
        "Select a device"
    ],
    "selectedkeyvalues": null,
    "size": 18,
    "viewconfig": {
        "toggleViewConfig": {
            "viewStyle": 0
        }
    },
    "viewtype": 0,
    "wType": "ListBox",
    "zindex": 1,
    "focusskin": "s9eb08f78097439eb767801e8fdeb5cd"
}