{
    "@class": "com.kony.gen.viz.model.component.KVizTextBox2",
    "DNDConfig": null,
    "__parentReadjusting__": false,
    "_height_": {
        "type": "string",
        "value": "40dp"
    },
    "_left_": {
        "type": "string",
        "value": "3.38%"
    },
    "_margin_": [
        0,
        0,
        0,
        0
    ],
    "_padding_": [
        3,
        0,
        0,
        0
    ],
    "_placeholder_": "",
    "_right_": {
        "type": "number",
        "value": ""
    },
    "_skin_": "sd91788aa8ad4f3ea57365241c5a4711",
    "_text_": "https://www.google.co.in/maps/dir/17.4479494,78.3713151/'' kkkk",
    "_top_": {
        "type": "string",
        "value": "20px"
    },
    "_width_": {
        "type": "string",
        "value": "89.85%"
    },
    "autocapitalize": "none",
    "autocomplete": false,
    "autocorrect": false,
    "autofilter": false,
    "canUpdateUI": true,
    "containerheight": "",
    "containerheightmode": 1,
    "containerweight": 100,
    "contentalignment": 4,
    "id": "tbxMapUrl",
    "info": null,
    "isvisible": true,
    "keyboardtype": "A",
    "kiosk": {
        "psp": {
            "toolTip": "Search Keywords such as Name, Bank, Account Type etc..."
        }
    },
    "kuid": "f45015accea146258085dc09fa922b64",
    "mode": "A",
    "name": "kony.ui.TextBox2",
    "parent": "flxShareContents",
    "pf": "frmLocateUs",
    "responsiveData": {
        "b1": {
            "left": {
                "type": "string",
                "value": "30dp"
            },
            "right": {
                "type": "string",
                "value": "30dp"
            },
            "width": {
                "type": "string",
                "value": ""
            }
        },
        "b2": {
            "left": {
                "type": "string",
                "value": "30dp"
            },
            "right": {
                "type": "string",
                "value": "30dp"
            },
            "width": {
                "type": "string",
                "value": ""
            }
        },
        "b3": {
            "left": {
                "type": "string",
                "value": "10dp"
            },
            "right": {
                "type": "string",
                "value": "10dp"
            },
            "width": {
                "type": "string",
                "value": ""
            }
        },
        "b4": {
            "left": {
                "type": "string",
                "value": "20dp"
            },
            "right": {
                "type": "string",
                "value": "20dp"
            },
            "width": {
                "type": "string",
                "value": ""
            }
        }
    },
    "securetextentry": false,
    "textinputmode": "A",
    "viewtype": "default",
    "wType": "TextField",
    "zindex": 1,
    "focusskin": "s2faf9c2766d4142ab33d0bf97445ae0"
}