{
    "@class": "com.kony.gen.viz.model.component.KVizTextBox2",
    "DNDConfig": null,
    "__parentReadjusting__": false,
    "_bottom_": {
        "type": "number",
        "value": ""
    },
    "_height_": {
        "type": "string",
        "value": "40dp"
    },
    "_left_": {
        "type": "string",
        "value": "23.18%"
    },
    "_margin_": [
        0,
        0,
        0,
        0
    ],
    "_padding_": [
        3,
        0,
        0,
        0
    ],
    "_placeholder_": "",
    "_right_": {
        "type": "number",
        "value": ""
    },
    "_skin_": "sd91788aa8ad4f3ea57365241c5a4711",
    "_text_": "0451- 7775504940 ",
    "_top_": {
        "type": "string",
        "value": "140px"
    },
    "_width_": {
        "type": "string",
        "value": "59.22%"
    },
    "autocapitalize": "none",
    "autocomplete": false,
    "autocorrect": false,
    "autofilter": false,
    "canUpdateUI": true,
    "containerheight": "",
    "containerheightmode": 1,
    "containerweight": 100,
    "contentalignment": 4,
    "id": "tbxSendMapTo",
    "info": null,
    "isvisible": false,
    "keyboardtype": "A",
    "kiosk": {
        "psp": {
            "toolTip": "Search Keywords such as Name, Bank, Account Type etc..."
        }
    },
    "kuid": "j8d9b9bf32d9427f905439e0132e653d",
    "mode": "A",
    "name": "kony.ui.TextBox2",
    "parent": "flxShareContents",
    "pf": "frmLocateUs",
    "responsiveData": {
        "b3": {
            "bottom": {
                "type": "string",
                "value": "20dp"
            },
            "isVisible": false,
            "left": {
                "type": "string",
                "value": "10dp"
            },
            "right": {
                "type": "string",
                "value": "10dp"
            },
            "top": {
                "type": "string",
                "value": "163px"
            },
            "width": {
                "type": "string",
                "value": ""
            }
        },
        "b4": {
            "bottom": {
                "type": "string",
                "value": "20dp"
            },
            "height": {
                "type": "string",
                "value": "40dp"
            },
            "isVisible": false,
            "left": {
                "type": "string",
                "value": "120dp"
            },
            "right": {
                "type": "string",
                "value": "20dp"
            },
            "width": {
                "type": "string",
                "value": ""
            }
        }
    },
    "securetextentry": false,
    "textinputmode": "A",
    "viewtype": "default",
    "wType": "TextField",
    "zindex": 1,
    "focusskin": "s2faf9c2766d4142ab33d0bf97445ae0"
}