{
    "@class": "com.kony.gen.viz.model.component.KVizUserWidget",
    "DNDConfig": null,
    "_children_": [],
    "_height_": {
        "type": "string",
        "value": "268px"
    },
    "_left_": {
        "type": "string",
        "value": ""
    },
    "_margin_": [
        0,
        0,
        0,
        0
    ],
    "_orientation_": 1,
    "_padding_": [
        0,
        0,
        0,
        0
    ],
    "_percent_": true,
    "_skin_": "s701065f11074080832b59947e731160",
    "_top_": {
        "type": "string",
        "value": ""
    },
    "_width_": {
        "type": "string",
        "value": "500px"
    },
    "areflexpropsreferenced": false,
    "canUpdateUI": true,
    "centerx": {
        "type": "string",
        "value": "50%"
    },
    "centery": {
        "type": "string",
        "value": "50%"
    },
    "clipbounds": false,
    "containerweight": 0,
    "dataDiffs": {
        "CustomPopup": {
            "__events__": {},
            "__info__": {
                "isRoot": true,
                "kuid": "fbd8200c8d5e4f948f16e02d068652c4",
                "srcKUID": "eb2d311dcb4744a7b05aa4f5428a6c53",
                "wType": "FlexContainer"
            }
        },
        "btnNo": {
            "__events__": {},
            "__info__": {
                "kuid": "b5bc6277a6af4fd1a552cac07101b06a",
                "srcKUID": "h61577b4448c4e22a2636221e8fe0d6d",
                "wType": "Button"
            }
        },
        "btnYes": {
            "__events__": {},
            "__info__": {
                "kuid": "a6b3e12bf5d24d8694b01030c3b7b40f",
                "srcKUID": "e1c11d09edb846848d4aaf921cb1e5a0",
                "wType": "Button"
            }
        },
        "flxCross": {
            "__events__": {},
            "__info__": {
                "kuid": "bbee4e232af24ffc834cbcfab8bdf5d8",
                "srcKUID": "h0a23469e8f44a2a81ff2a93652c5ead",
                "wType": "Button"
            }
        },
        "flxHeader": {
            "__events__": {},
            "__info__": {
                "kuid": "d17301bc60084673bf38695b02aa1297",
                "srcKUID": "b6d465d7232a428eba11c466c6843856",
                "wType": "FlexContainer"
            }
        },
        "flxSeperator": {
            "__events__": {},
            "__info__": {
                "kuid": "a8447c0ecb4a4449aa33ffc1fb9b2ef9",
                "srcKUID": "b469cc45156e429d8fa47b9786168d10",
                "wType": "FlexContainer"
            }
        },
        "flxSeperator2": {
            "__events__": {},
            "__info__": {
                "kuid": "d55ea2eda82c4d5cbe223cc13d15e058",
                "srcKUID": "e909e4e4b4a145b1aa92b22ece7050d3",
                "wType": "FlexContainer"
            }
        },
        "lblHeading": {
            "__events__": {},
            "__info__": {
                "kuid": "j7816c1ade71436bb4479113e9c64ded",
                "srcKUID": "f97c1408984847af9f3cd9984a260c74",
                "wType": "Label"
            }
        },
        "lblPopupMessage": {
            "__events__": {},
            "__info__": {
                "kuid": "d890354c9acd42e3954f636c2484a7cc",
                "srcKUID": "f7c7509dccf24b88aeb13dc3d34fcc6b",
                "wType": "Label"
            }
        }
    },
    "enablescrolling": true,
    "id": "CustomPopupLogout",
    "info": null,
    "isdatareferenced": false,
    "isvisible": true,
    "kuid": "fbd8200c8d5e4f948f16e02d068652c4",
    "layouttype": 2,
    "masterType": 0,
    "name": "kony.ui.UserWidgetInstance",
    "parent": "flxLogout",
    "pf": "frmOnlineHelp",
    "snapgridsize": 10,
    "snaptogrid": true,
    "sourceUserWidget": "eb2d311dcb4744a7b05aa4f5428a6c53",
    "wType": "UserWidgetInstance"
}