{
    "@class": "com.kony.gen.viz.model.component.KVizUserWidget",
    "DNDConfig": null,
    "_children_": [],
    "_height_": {
        "type": "string",
        "value": "150dp"
    },
    "_left_": {
        "type": "string",
        "value": "0dp"
    },
    "_margin_": [
        0,
        0,
        0,
        0
    ],
    "_orientation_": 1,
    "_padding_": [
        0,
        0,
        0,
        0
    ],
    "_percent_": true,
    "_skin_": "s24c92fc23b14f5484b693ee9b8a9b35",
    "_top_": {
        "type": "string",
        "value": "0dp"
    },
    "_width_": {
        "type": "string",
        "value": "100%"
    },
    "areflexpropsreferenced": true,
    "canUpdateUI": true,
    "clipbounds": false,
    "containerweight": 0,
    "dataDiffs": {
        "btnContactUs": {
            "__events__": {},
            "__info__": {
                "kuid": "add51d3f425340c89f296e3412c57737",
                "srcKUID": "ecc25bc7153f457ab1ba632ef717cd45",
                "wType": "Button"
            }
        },
        "btnFaqs": {
            "__events__": {},
            "__info__": {
                "kuid": "dc76e6edb4fb42ba9ea693976f1f4cd1",
                "srcKUID": "b944dd400d92446cac05298aa3a9c3ac",
                "wType": "Button"
            }
        },
        "btnLocateUs": {
            "__events__": {},
            "__info__": {
                "kuid": "f546307d0b8b483ea60dbfd596526091",
                "srcKUID": "cba2d54eb0404403a4e4114e564327e5",
                "wType": "Button"
            }
        },
        "btnPrivacy": {
            "__events__": {},
            "__info__": {
                "kuid": "d4d6096c302645c0899f38a02df40b5e",
                "srcKUID": "fe75665892ee4a40970c4666de147ae2",
                "wType": "Button"
            }
        },
        "btnTermsAndConditions": {
            "__events__": {},
            "__info__": {
                "kuid": "b3a8cc1cb7d54a8aba579a6525f6d512",
                "srcKUID": "a9613de4c0cb40d0afdd09fc05d3dc16",
                "wType": "Button"
            }
        },
        "customfooternew": {
            "__events__": {},
            "__info__": {
                "isRoot": true,
                "kuid": "dfbfd585b5ff40a8ba6b6f3bf027800d",
                "srcKUID": "fa97e826f07b4e11b7b2f05a53498e1b",
                "wType": "FlexContainer"
            }
        },
        "flxFooterMenu": {
            "__events__": {},
            "__info__": {
                "kuid": "bd72de74f41948e3b88adca009650a8d",
                "srcKUID": "c3f613e8e19b466e9898f5923eac6dac",
                "wType": "FlexContainer"
            }
        },
        "flxVBar1": {
            "__events__": {},
            "__info__": {
                "kuid": "g1907eaab6504120a46527ca75382794",
                "srcKUID": "a88c7eae5e8a4493a5be272244d91c7a",
                "wType": "FlexContainer"
            }
        },
        "flxVBar2": {
            "__events__": {},
            "__info__": {
                "kuid": "b2b7f07702c040f9b50ba779fa730d37",
                "srcKUID": "a0d2718b24fe44de91b15f2e637a8e2d",
                "wType": "FlexContainer"
            }
        },
        "flxVBar3": {
            "__events__": {},
            "__info__": {
                "kuid": "d3bee8b2cd6744c591cf57403e73afaf",
                "srcKUID": "ae43b076561248bfae9a405e4e555487",
                "wType": "FlexContainer"
            }
        },
        "flxVBar4": {
            "__events__": {},
            "__info__": {
                "kuid": "fb79662d78084edf894e29db5a52dd24",
                "srcKUID": "cf28e38a18f048a390e3daad3458ffda",
                "wType": "FlexContainer"
            }
        },
        "imgFooterIconOne": {
            "__events__": {},
            "__info__": {
                "kuid": "ca7c602558344fb2aea1c19d2b633393",
                "srcKUID": "b68329dce07e4f06bda4965244150751",
                "wType": "Image"
            }
        },
        "imgFooterIconThree": {
            "__events__": {},
            "__info__": {
                "kuid": "e9c855f35b8e4668b3e29f817b206673",
                "srcKUID": "ab2e9617d03b4611bfeaff54271952d9",
                "wType": "Image"
            }
        },
        "imgFooterIconTwo": {
            "__events__": {},
            "__info__": {
                "kuid": "je7d84f50a9a46a0967c5836d8f7ef9b",
                "srcKUID": "b6938079c04a48afae1d515976363dc6",
                "wType": "Image"
            }
        },
        "lblCopyright": {
            "__events__": {},
            "__info__": {
                "kuid": "fe5dc55780c9499db726d86008e7f5f2",
                "srcKUID": "ee2d73ee228d46d0978a62aae45e4cda",
                "wType": "Label"
            }
        }
    },
    "enablescrolling": true,
    "id": "customfooternew",
    "info": null,
    "isdatareferenced": false,
    "isvisible": true,
    "kuid": "dfbfd585b5ff40a8ba6b6f3bf027800d",
    "layouttype": 2,
    "masterType": 0,
    "name": "kony.ui.UserWidgetInstance",
    "parent": "flxFooter",
    "pf": "frmOnlineHelp",
    "snapgridsize": 10,
    "snaptogrid": true,
    "sourceUserWidget": "fa97e826f07b4e11b7b2f05a53498e1b",
    "wType": "UserWidgetInstance"
}