{
    "@class": "com.kony.gen.viz.model.component.KVizUserWidget",
    "DNDConfig": null,
    "_children_": [],
    "_height_": {
        "type": "string",
        "value": "120dp"
    },
    "_left_": {
        "type": "string",
        "value": "0dp"
    },
    "_margin_": [
        0,
        0,
        0,
        0
    ],
    "_orientation_": 1,
    "_padding_": [
        0,
        0,
        0,
        0
    ],
    "_percent_": true,
    "_render_": true,
    "_skin_": "s24c92fc23b14f5484b693ee9b8a9b35",
    "_top_": {
        "type": "string",
        "value": "0dp"
    },
    "_width_": {
        "type": "string",
        "value": "100%"
    },
    "android": {},
    "androidwearos": {},
    "areflexpropsreferenced": false,
    "canUpdateUI": true,
    "clipbounds": false,
    "containerweight": 0,
    "dataDiffs": {
        "CopyflxUserDetails0b35eb5be884043": {
            "__events__": {},
            "__info__": {
                "kuid": "c1a16cc5c0e2416bb4eb4b33f3d589d9",
                "srcKUID": "b692716bd51e422ead7f111a1bfbe5cb",
                "wType": "FlexContainer"
            }
        },
        "CopyflxVerticalSeperator0b961fc23108f4b": {
            "__events__": {},
            "__info__": {
                "kuid": "bfa2a7694f7442a7bff87d588882be9b",
                "srcKUID": "b6e0434c2f904010bfff7590777daf67",
                "wType": "FlexContainer"
            }
        },
        "CopyflxVerticalSeperator0dbd20466efa64b": {
            "__events__": {},
            "__info__": {
                "kuid": "d4586f48c77644aa844b1fe896eb36e2",
                "srcKUID": "d06f368d0065481d81dc512212fd2b95",
                "wType": "FlexContainer"
            }
        },
        "CopyimgToolTip0i580d9acc07c42": {
            "__events__": {},
            "__info__": {
                "kuid": "f7fd0531cd634d87bcef606c713c340b",
                "srcKUID": "f5065fdfa2d0406bb7fafd4073fe33c5",
                "wType": "Image"
            }
        },
        "FlexContainer0e2898aa93bca45": {
            "__events__": {},
            "__info__": {
                "kuid": "a64faa3952ce4a76a06e643b4f824701",
                "srcKUID": "f85d68fc07dd44c2938e507df0fe87fc",
                "wType": "FlexContainer"
            },
            "autogrowMode": {
                "Default": 0
            },
            "height": {},
            "responsiveData": {
                "b2": {
                    "width": {
                        "type": "string",
                        "value": "100%"
                    }
                },
                "b3": {
                    "width": {
                        "type": "string",
                        "value": "100%"
                    }
                },
                "b4": {
                    "height": {
                        "type": "string",
                        "value": "50px"
                    },
                    "isVisible": true,
                    "width": {
                        "type": "string",
                        "value": "100%"
                    }
                }
            },
            "width": {}
        },
        "FlexContainer0ed2389df69044b": {
            "__events__": {},
            "__info__": {
                "kuid": "eab6d496aaa84b2eb3e92722e267ecc3",
                "srcKUID": "d4ff74890f3b45428cab934f27aa658f",
                "wType": "FlexContainer"
            }
        },
        "customhamburger": {
            "__events__": {},
            "__info__": {
                "kuid": "e751d0e170e848edbb2b1861e9631335",
                "srcKUID": "dea66199c9fd433fab636de553a6116f",
                "wType": "UserWidgetInstance"
            }
        },
        "customhamburger.CopyFlexContainer0f46534a0a94e41": {
            "__events__": {},
            "__info__": {
                "kuid": "j4b6372367c1442e8d4235aabaa710fa",
                "srcKUID": "ba7b5440b44f4e7a88be10a58c83104e",
                "wType": "FlexContainer"
            }
        },
        "customhamburger.CopyflxSeperator0dfcbfe80de1946": {
            "__events__": {},
            "__info__": {
                "kuid": "g6b03362dad9415485168f1b06872d3c",
                "srcKUID": "ec5e9cdda1b4473aa156d59730730f65",
                "wType": "FlexContainer"
            }
        },
        "customhamburger.FlexContainer0a82014659b0e48": {
            "__events__": {},
            "__info__": {
                "kuid": "d17ca13cc3844b559c9d0a4fd4562e3d",
                "srcKUID": "h7ad82c8fb9b437486ad6c4d49320ce2",
                "wType": "FlexContainer"
            }
        },
        "customhamburger.flxAccountsCollapse": {
            "__events__": {},
            "__info__": {
                "kuid": "d181bc4ecec4448f87a3d50f8b3a7e75",
                "srcKUID": "e0af0f6ab9614020b7fc5e89406a63dc",
                "wType": "FlexContainer"
            }
        },
        "customhamburger.flxAccountsMenu": {
            "__events__": {},
            "__info__": {
                "kuid": "h2b58c74ada842f4935b842a47c0ee1d",
                "srcKUID": "cf43ccc491384cce8e692bf0c7b73f90",
                "wType": "FlexContainer"
            }
        },
        "customhamburger.flxAccountsSubMenu": {
            "__events__": {},
            "__info__": {
                "kuid": "f7ba31d9ddf34305a0d26adf49c97da2",
                "srcKUID": "dc00eecfa1d34328ba4230f17db49066",
                "wType": "FlexContainer"
            }
        },
        "customhamburger.flxClose": {
            "__events__": {},
            "__info__": {
                "kuid": "fa46d6f6ad244df8972a0bef4ce3bf4f",
                "srcKUID": "c66fd7f3bd2c4e6e8f7bd01e6287550e",
                "wType": "FlexContainer"
            }
        },
        "customhamburger.flxHamburgerHeader": {
            "__events__": {},
            "__info__": {
                "kuid": "bceee3d5f08d452fb67e304ba755f01f",
                "srcKUID": "h465700017fe4781975045dab9ed41c5",
                "wType": "FlexContainer"
            }
        },
        "customhamburger.flxLogout": {
            "__events__": {},
            "__info__": {
                "kuid": "fb0732547d2a4221a942b2ba7ee8c9b0",
                "srcKUID": "c9904c20e8a5464285e846a22514783d",
                "wType": "FlexContainer"
            }
        },
        "customhamburger.flxMenu": {
            "__events__": {},
            "__info__": {
                "kuid": "dd15b38224664f48b86ce2207e352f5f",
                "srcKUID": "i1c684442e854218bc2c08f78c55f971",
                "wType": "FlexContainer"
            }
        },
        "customhamburger.flxMenuWrapper": {
            "__events__": {},
            "__info__": {
                "kuid": "a50f252915b44f8091993d24df05ad3b",
                "srcKUID": "ad010d1f868d49eea330fb84586cbd46",
                "wType": "FlexScrollContainer"
            }
        },
        "customhamburger.flxMyAccounts": {
            "__events__": {},
            "__info__": {
                "kuid": "fdf7bbec8615483f95508fcc7cff6bf6",
                "srcKUID": "f7379b95da4148de8bad2885b68ce3c6",
                "wType": "FlexContainer"
            }
        },
        "customhamburger.flxSeperator16": {
            "__events__": {},
            "__info__": {
                "kuid": "ae51fd6d6eaa41278e47c6f665ff0db9",
                "srcKUID": "if0c694e156a4703b7545e789492c020",
                "wType": "FlexContainer"
            }
        },
        "customhamburger.imgClose": {
            "__events__": {},
            "__info__": {
                "kuid": "ef6ae9efb3cd4956897dad81cc92869d",
                "srcKUID": "b16e44ed01844172894d7476bf054a4e",
                "wType": "Image"
            }
        },
        "customhamburger.imgCollapseAccounts": {
            "__events__": {},
            "__info__": {
                "kuid": "a097284217c34c148f7910bca28176a5",
                "srcKUID": "cc9717fdf0ce469aa167f4b79dc1f439",
                "wType": "Image"
            }
        },
        "customhamburger.imgKony": {
            "__events__": {},
            "__info__": {
                "kuid": "b6e6369ec56d4a499634091595dbdf03",
                "srcKUID": "e51c8a8198184739b48a18c3fbc65273",
                "wType": "Image"
            }
        },
        "customhamburger.imgLogout": {
            "__events__": {},
            "__info__": {
                "kuid": "a9259e864a3d413e8511d049117cda0b",
                "srcKUID": "g8c77dbeed3b43038e912f34fbe614fd",
                "wType": "Image"
            }
        },
        "customhamburger.lbfonticonlLogout": {
            "__events__": {},
            "__info__": {
                "kuid": "c69fe41377384c4b8067b405724e4a87",
                "srcKUID": "cbdcdc5074da426f9d8d67372468d417",
                "wType": "Label"
            }
        },
        "customhamburger.lblAccounts": {
            "__events__": {},
            "__info__": {
                "kuid": "gf0fb6e6081c433eb3af3e310ef43c6f",
                "srcKUID": "aed697189cee47098907b5f830c7134b",
                "wType": "Label"
            }
        },
        "customhamburger.lblCollapseAccounts": {
            "__events__": {},
            "__info__": {
                "kuid": "ja88d7cf90e9448d88f54ac852a5e02c",
                "srcKUID": "abf182ade073495492dcb8ccb85e46dd",
                "wType": "Label"
            }
        },
        "customhamburger.lblImgAccounts": {
            "__events__": {},
            "__info__": {
                "kuid": "ee79d5a49a2f43efb9f52b56c831659d",
                "srcKUID": "j1310b4359bd4b55a330313f954c89f4",
                "wType": "Label"
            }
        },
        "customhamburger.lblLogout": {
            "__events__": {},
            "__info__": {
                "kuid": "gd3e89d2078e4f11aeb786d8efeecb88",
                "srcKUID": "h4feb1ebd1d844adbbb270e5f22582cd",
                "wType": "Label"
            }
        },
        "customhamburger.lblMyAccounts": {
            "__events__": {},
            "__info__": {
                "kuid": "b04cfab8f2e849818657679a899d2588",
                "srcKUID": "a202b406f5f04a1698b17c9f0f9e1694",
                "wType": "Label"
            }
        },
        "customheader": {
            "__events__": {},
            "__info__": {
                "isRoot": true,
                "kuid": "ae3c866e5c8046be89aca8ff04b916d2",
                "srcKUID": "c04bbf50611342ca895c5e0a329aeb52",
                "wType": "FlexContainer"
            },
            "autogrowMode": {
                "Default": 0
            },
            "height": {
                "Default": {
                    "type": "string",
                    "value": "120dp"
                }
            },
            "left": {},
            "minWidth": {},
            "responsiveData": {
                "b1": {},
                "b2": {},
                "b3": {
                    "minWidth": {
                        "type": "string",
                        "value": ""
                    },
                    "width": {
                        "type": "string",
                        "value": "100%"
                    }
                },
                "b4": {
                    "height": {
                        "type": "string",
                        "value": "50dp"
                    },
                    "isVisible": true,
                    "top": {
                        "type": "string",
                        "value": "0dp"
                    }
                }
            },
            "top": {},
            "width": {},
            "zIndex": {
                "Default": 1000
            }
        },
        "flxAccountTypesSegment": {
            "__events__": {},
            "__info__": {
                "kuid": "a5e1da152f3e4bec827dedc3f859e43d",
                "srcKUID": "d431114047984f3ba84cf9829500caf5",
                "wType": "FlexContainer"
            }
        },
        "flxBottomBlue": {
            "__events__": {},
            "__info__": {
                "kuid": "a74265f37ddb40419d6011b8b69a83a8",
                "srcKUID": "a3c7c667e8bb4a0da597ebde4b02694b",
                "wType": "FlexContainer"
            }
        },
        "flxBottomContainer": {
            "__events__": {},
            "__info__": {
                "kuid": "bc4455dfcef94bc4b860a746dec5e2c8",
                "srcKUID": "h9bdf039c3f54878b18ff66171c8c6c6",
                "wType": "FlexContainer"
            },
            "autogrowMode": {
                "Default": 0
            },
            "height": {},
            "responsiveData": {
                "b4": {
                    "height": {
                        "type": "string",
                        "value": "50dp"
                    }
                }
            }
        },
        "flxHamburger": {
            "__events__": {},
            "__info__": {
                "kuid": "bd374749eb084cc3bd1ba5c712bad245",
                "srcKUID": "f04c6e11e7da43b49dd181b8b47d93c4",
                "wType": "FlexContainer"
            },
            "left": {
                "Default": {
                    "type": "string",
                    "value": "-35%"
                }
            },
            "responsiveData": {
                "b4": {}
            },
            "width": {
                "Default": {
                    "type": "string",
                    "value": "35%"
                }
            },
            "zIndex": {
                "Default": 900
            }
        },
        "flxHamburgerBack": {
            "__events__": {},
            "__info__": {
                "kuid": "f94bb1af91c34b95b046d0dbe07e261f",
                "srcKUID": "d74ea43244984beda96f3fdfd7e1de6b",
                "wType": "FlexContainer"
            }
        },
        "flxSeperatorHor2": {
            "__events__": {},
            "__info__": {
                "kuid": "idb2f99deb284ef99b7af9ef8d931f24",
                "srcKUID": "hadeefb9ccf84d75b58e19e7a860af8f",
                "wType": "FlexContainer"
            },
            "responsiveData": {
                "b4": {
                    "top": {
                        "type": "string",
                        "value": "50dp"
                    }
                }
            },
            "top": {}
        },
        "flxTopmenu": {
            "__events__": {},
            "__info__": {
                "kuid": "cf379c6c18d2409fa0b5d5998e0807fb",
                "srcKUID": "ed60ec01cd4843d8acaf4c0c4767b493",
                "wType": "FlexContainer"
            },
            "left": {},
            "responsiveData": {
                "b2": {
                    "width": {
                        "type": "string",
                        "value": "100%"
                    }
                },
                "b3": {
                    "width": {
                        "type": "string",
                        "value": "100%"
                    }
                },
                "b4": {
                    "isVisible": true,
                    "top": {
                        "type": "string",
                        "value": "0dp"
                    },
                    "width": {
                        "type": "string",
                        "value": "100%"
                    }
                }
            },
            "top": {},
            "width": {}
        },
        "flxUserActions": {
            "__events__": {},
            "__info__": {
                "kuid": "aad064538cd646748504bed8080a111d",
                "srcKUID": "j914824243a446a18dc539def72a7642",
                "wType": "FlexContainer"
            },
            "isVisible": false
        },
        "headermenu": {
            "__events__": {},
            "__info__": {
                "kuid": "d2b0947569f34f5c9dd2424be31082f3",
                "srcKUID": "haabafcdc12f4455b3af44d1e0d8f80b",
                "wType": "UserWidgetInstance"
            },
            "responsiveData": {
                "b1": {
                    "right": {
                        "type": "string",
                        "value": "5.60%"
                    }
                },
                "b2": {
                    "right": {
                        "type": "string",
                        "value": "6%"
                    }
                },
                "b3": {
                    "right": {
                        "type": "string",
                        "value": "24dp"
                    },
                    "width": {
                        "type": "string",
                        "value": "100%"
                    }
                },
                "b4": {
                    "isVisible": false
                }
            },
            "right": {},
            "width": {}
        },
        "headermenu.btnLogout": {
            "__events__": {},
            "__info__": {
                "kuid": "af1bac3f7f184138893fe8ba7d21df91",
                "srcKUID": "a766f3cd9f714697b54e4cdcbe1c544b",
                "wType": "Button"
            },
            "i18n_text": null,
            "responsiveData": {
                "b1": {},
                "b2": {},
                "b3": {}
            }
        },
        "headermenu.flxMessages": {
            "__events__": {},
            "__info__": {
                "kuid": "f367e5ae322c473e9d05d49f2f0b2c38",
                "srcKUID": "a3a2c85df1ce44b4ad11832c28bce011",
                "wType": "FlexContainer"
            },
            "isVisible": false,
            "responsiveData": {
                "b1": {
                    "isVisible": true
                },
                "b2": {
                    "isVisible": true
                },
                "b3": {
                    "isVisible": true
                }
            }
        },
        "headermenu.flxNotifications": {
            "__events__": {},
            "__info__": {
                "kuid": "id71e99037474bc2b4b2375394e0f44a",
                "srcKUID": "ac3447a671db4ff79c563e385d237583",
                "wType": "FlexContainer"
            },
            "responsiveData": {
                "b1": {
                    "right": {
                        "type": "string",
                        "value": "145dp"
                    }
                },
                "b2": {
                    "right": {
                        "type": "string",
                        "value": "145dp"
                    }
                },
                "b3": {
                    "right": {
                        "type": "string",
                        "value": "145dp"
                    }
                }
            },
            "right": {}
        },
        "headermenu.flxResetUserImg": {
            "__events__": {},
            "__info__": {
                "kuid": "gb4e6de15cca4339bc4489d031119e37",
                "srcKUID": "adcf593a077c4c0cb56c90ee73238583",
                "wType": "FlexContainer"
            },
            "responsiveData": {
                "b1": {
                    "right": {
                        "type": "string",
                        "value": "75dp"
                    }
                }
            },
            "right": {}
        },
        "headermenu.flxUserId": {
            "__events__": {},
            "__info__": {
                "kuid": "ida45e6d5f34439fb3e888d0a01b44fb",
                "srcKUID": "c135ea56ffd24834a20c4f3af08e75ed",
                "wType": "FlexContainer"
            },
            "responsiveData": {
                "b1": {
                    "right": {
                        "type": "string",
                        "value": "55dp"
                    }
                }
            },
            "right": {}
        },
        "headermenu.flxVerticalSeperator1": {
            "__events__": {},
            "__info__": {
                "kuid": "b5639cab19094ddb868a56cce1caf5b1",
                "srcKUID": "g1cf2c5ea04748138b67069bf6443784",
                "wType": "FlexContainer"
            }
        },
        "headermenu.flxVerticalSeperator2": {
            "__events__": {},
            "__info__": {
                "kuid": "ha3cf655c49c4160b4dd8b1efcd348ca",
                "srcKUID": "i869d64f25f744c7a219ce87160f4fa9",
                "wType": "FlexContainer"
            }
        },
        "headermenu.flxVerticalSeperator3": {
            "__events__": {},
            "__info__": {
                "kuid": "heda4f1681834af89b50017c55d4327d",
                "srcKUID": "ed4ae387593d4f509d7542c9677a49e4",
                "wType": "FlexContainer"
            },
            "isVisible": false,
            "responsiveData": {
                "b1": {
                    "isVisible": true
                },
                "b2": {
                    "isVisible": true
                },
                "b3": {
                    "isVisible": true
                }
            }
        },
        "headermenu.flxWarning": {
            "__events__": {},
            "__info__": {
                "kuid": "daa96c2671bc43d4aab93fb550113846",
                "srcKUID": "a3f637c9fa154e6ca5621edf7af7f744",
                "wType": "FlexContainer"
            }
        },
        "headermenu.flximgUserResetWrapper": {
            "__events__": {},
            "__info__": {
                "kuid": "f6504a78a419422bac53fa9d5d7d5a3d",
                "srcKUID": "e3916b40967c456aa3942940472ad47e",
                "wType": "FlexContainer"
            }
        },
        "headermenu.imgDropdown": {
            "__events__": {},
            "__info__": {
                "kuid": "f78691e801fa41d484e14ed8bde623ef",
                "srcKUID": "h3d2b4b7f954464d931e34492064ab17",
                "wType": "Image"
            }
        },
        "headermenu.imgLogout": {
            "__events__": {},
            "__info__": {
                "kuid": "ha96957054a0497d9575705b66062fd0",
                "srcKUID": "ea749115721c4958af968ab52ef8529f",
                "wType": "Image"
            }
        },
        "headermenu.imgMessages": {
            "__events__": {},
            "__info__": {
                "kuid": "j46eed199f82495b9db4d810168a06d3",
                "srcKUID": "e210e728a3d64107876615d205a2d4c8",
                "wType": "Label"
            }
        },
        "headermenu.imgNotifications": {
            "__events__": {},
            "__info__": {
                "kuid": "cc845faf989341c3932729cd62f8223e",
                "srcKUID": "j053dc709b2c497681932e7129f70ddb",
                "wType": "Image"
            }
        },
        "headermenu.imgUserBoundary": {
            "__events__": {},
            "__info__": {
                "kuid": "a1a3dd6218b14c4c933b5440cafa605a",
                "srcKUID": "g6047dd874ff440fab7ed86f7b808fdd",
                "wType": "Image"
            }
        },
        "headermenu.imgUserReset": {
            "__events__": {},
            "__info__": {
                "kuid": "ea98713f2f054f1eab99a37dff0c5bed",
                "srcKUID": "d155016ff2f34df99cd72e103964fb82",
                "wType": "Image"
            },
            "src": "profile_header.png"
        },
        "headermenu.imgWarning": {
            "__events__": {},
            "__info__": {
                "kuid": "fe522ffc5e08478b99c85178e434390a",
                "srcKUID": "j00ce4f7525e4f2aa69884ac2cc7b8a0",
                "wType": "Image"
            }
        },
        "headermenu.imgheaderdefault": {
            "__events__": {},
            "__info__": {
                "kuid": "i3daf9ad317a40b2850229b8d1f136b0",
                "srcKUID": "i589d54c00ef4b33bc0e54ccd9b1e9b9",
                "wType": "Image"
            }
        },
        "headermenu.lblImageLogout": {
            "__events__": {},
            "__info__": {
                "kuid": "f30d05ddc42e47b19d54638d529e79fb",
                "srcKUID": "f96e1012115540aebf364b900bd0ac3b",
                "wType": "Label"
            }
        },
        "headermenu.lblNewMessages": {
            "__events__": {},
            "__info__": {
                "kuid": "eaea396db9e5499280f75455b818c713",
                "srcKUID": "eb2b58f5c0fe4a178d7b685995b78747",
                "wType": "Label"
            }
        },
        "headermenu.lblNewNotifications": {
            "__events__": {},
            "__info__": {
                "kuid": "h0406be0391241ca95b33225d1a08c37",
                "srcKUID": "bc2f4a9f76164bc18e8e1663bbba3a61",
                "wType": "Label"
            }
        },
        "headermenu.lblNotifications": {
            "__events__": {},
            "__info__": {
                "kuid": "c5e95b0e002c4c5a9844414ef61a77ac",
                "srcKUID": "ia435cbbf32f4cc9900e89096e8c2c52",
                "wType": "Label"
            }
        },
        "headermenu.rtxWarning": {
            "__events__": {},
            "__info__": {
                "kuid": "a5a25433b00049558609e0bcec8d399a",
                "srcKUID": "i05c5f9533194937886bb0d238f640e3",
                "wType": "RichText"
            }
        },
        "imgKony": {
            "__events__": {},
            "__info__": {
                "kuid": "e309f9b7a0c04b588d04d6518406fdb2",
                "srcKUID": "i89a4c93ab68416c8f6a24b3e85d037c",
                "wType": "Image"
            },
            "left": {},
            "responsiveData": {
                "b1": {
                    "left": {
                        "type": "string",
                        "value": "85dp"
                    }
                },
                "b3": {
                    "left": {
                        "type": "string",
                        "value": "24dp"
                    },
                    "top": {
                        "type": "string",
                        "value": "18px"
                    }
                },
                "b4": {
                    "isVisible": false
                }
            },
            "top": {}
        },
        "imgToolTip": {
            "__events__": {},
            "__info__": {
                "kuid": "eba733caaf524911a7b442bfb1069317",
                "srcKUID": "b05c4200ee7747f2b596bc0eafc18760",
                "wType": "Image"
            }
        },
        "lblHeaderMobile": {
            "__events__": {},
            "__info__": {
                "kuid": "eb7a03abc8ab400b89f761f51815921b",
                "srcKUID": "f601c2dac7d4490fb32b2040ad16ca87",
                "wType": "Label"
            },
            "isVisible": true,
            "responsiveData": {
                "b4": {
                    "text": "Help"
                }
            },
            "text": ""
        },
        "lblHeaderMobileView": {
            "__events__": {},
            "__info__": {
                "kuid": "f1df641c9ea74c6e82c70614216f7211",
                "srcKUID": "e845559aef0c4fb9b6a4354975cce47c",
                "wType": "Label"
            }
        },
        "lblName": {
            "__events__": {},
            "__info__": {
                "kuid": "e7e97b7efeea437083dcdf81b27025c7",
                "srcKUID": "e4ac7c6df45f47999b2250e0bcb58bcb",
                "wType": "Label"
            }
        },
        "lblUserEmail": {
            "__events__": {},
            "__info__": {
                "kuid": "b1d1a9aa8c234ab3897da0f2faccbcdf",
                "srcKUID": "cd423535a51f4a4bb95d5056c43f5d13",
                "wType": "RichText"
            }
        },
        "lblUserEmail1": {
            "__events__": {},
            "__info__": {
                "kuid": "d6e72a868537470781c2ac47a3186ba1",
                "srcKUID": "j0ea4a96f1104289ad3d0312ed141d3b",
                "wType": "Label"
            }
        },
        "segUserActions": {
            "__events__": {},
            "__info__": {
                "kuid": "ee21de257df842cbac39217e229ad652",
                "srcKUID": "h6bf423223694ef0be1f75d0abee1c0a",
                "wType": "Segment"
            },
            "isVisible": true
        },
        "topmenu": {
            "__events__": {},
            "__info__": {
                "kuid": "ib7cad15ecb64c2a91b55858f402e642",
                "srcKUID": "f3bc1d211a8342419317a1f649e456a0",
                "wType": "UserWidgetInstance"
            },
            "responsiveData": {
                "b3": {
                    "width": {
                        "type": "string",
                        "value": "100%"
                    }
                },
                "b4": {
                    "isVisible": true
                }
            },
            "width": {}
        },
        "topmenu.CopyLabel0a8b12f7002084d": {
            "__events__": {},
            "__info__": {
                "kuid": "cd2db11a24d04bf0b0c8dbfd50382170",
                "srcKUID": "c6970a565fc545a99c0e118b2e0fd447",
                "wType": "Label"
            }
        },
        "topmenu.CopyLabel0bb648d916e554d": {
            "__events__": {},
            "__info__": {
                "kuid": "ia69961aa78e47798b92997560563827",
                "srcKUID": "jff9fe4733df441da45df3e9e7077c16",
                "wType": "Label"
            }
        },
        "topmenu.CopyLabel0h9e71b8a76ad44": {
            "__events__": {},
            "__info__": {
                "kuid": "f4b864eb8d794b51acaff286b92d5fce",
                "srcKUID": "db7ed17156b3455982f6d5e9ec649426",
                "wType": "Label"
            }
        },
        "topmenu.Label0dcf00103bdba46": {
            "__events__": {},
            "__info__": {
                "kuid": "d9412180d9214bba9a1a0d595c3ebd7f",
                "srcKUID": "f93434834b0144ffb8f03bbbe1edf740",
                "wType": "Label"
            }
        },
        "topmenu.flxCombined": {
            "__events__": {},
            "__info__": {
                "kuid": "d529489c084a4d64b98c18b17cd7af70",
                "srcKUID": "ia75c62782304b3db8698da48f580b35",
                "wType": "FlexContainer"
            }
        },
        "topmenu.flxCombinedAccess": {
            "__events__": {},
            "__info__": {
                "kuid": "baed45c2cf8446bd879807cf94b12c70",
                "srcKUID": "b4fbc28380364865bbfe12defa72c365",
                "wType": "FlexContainer"
            }
        },
        "topmenu.flxCombinedAccessMenu": {
            "__events__": {},
            "__info__": {
                "kuid": "d1638352499f42a99eb085b6ac90a4b4",
                "srcKUID": "dbc3eec174e7474c887b9bc82e30b4d5",
                "wType": "FlexContainer"
            }
        },
        "topmenu.flxCombinedAccessMenuMobile": {
            "__events__": {},
            "__info__": {
                "kuid": "b180f97fb3424d30964e161470d4731a",
                "srcKUID": "h37db148c1be4747b25b61b848ebea88",
                "wType": "FlexContainer"
            }
        },
        "topmenu.flxCombinedAccessMobile": {
            "__events__": {},
            "__info__": {
                "kuid": "j1f75a3d967b431b8438c04f42305874",
                "srcKUID": "cff3966829d04b9da4ea5ffbf721ad43",
                "wType": "FlexContainer"
            }
        },
        "topmenu.flxCombinedMobile": {
            "__events__": {},
            "__info__": {
                "kuid": "g1f51adffedc4b6496fca4d64ce20dc4",
                "srcKUID": "c6282db2327448d3a1d309d0c8257027",
                "wType": "FlexContainer"
            }
        },
        "topmenu.flxContextualMenu": {
            "__events__": {},
            "__info__": {
                "kuid": "fd92305843bf428f9ddd0dc7cae0a278",
                "srcKUID": "iaedc8bb3b254e219e0ec496d08636d8",
                "wType": "FlexContainer"
            },
            "isVisible": false,
            "responsiveData": {
                "b4": {}
            }
        },
        "topmenu.flxFeedback": {
            "__events__": {},
            "__info__": {
                "kuid": "e0a2e3221e16468796350675924210bb",
                "srcKUID": "cd10d4b4f565433fb35f2d2d0a97fe1e",
                "wType": "FlexContainer"
            },
            "responsiveData": {
                "b3": {
                    "right": {
                        "type": "string",
                        "value": "75dp"
                    },
                    "width": {
                        "type": "string",
                        "value": "16%"
                    }
                },
                "b4": {
                    "isVisible": false
                }
            },
            "right": {},
            "width": {},
            "zIndex": {
                "Default": 1002
            }
        },
        "topmenu.flxFeedbackimg": {
            "__events__": {},
            "__info__": {
                "kuid": "da1dc9465cdb4f5db7c95ca2dc04805a",
                "srcKUID": "g11b5488a8d343ae866e1de13660acda",
                "wType": "FlexContainer"
            },
            "responsiveData": {
                "b1": {
                    "right": {
                        "type": "string",
                        "value": "10dp"
                    }
                },
                "b2": {
                    "right": {
                        "type": "string",
                        "value": "10dp"
                    },
                    "width": {
                        "type": "string",
                        "value": "80%"
                    }
                },
                "b3": {
                    "right": {
                        "type": "string",
                        "value": "5%"
                    },
                    "width": {
                        "type": "string",
                        "value": "85%"
                    }
                }
            },
            "right": {},
            "width": {}
        },
        "topmenu.flxHelp": {
            "__events__": {},
            "__info__": {
                "kuid": "dca715cb2bd344bbae85e5813f90ac98",
                "srcKUID": "i2d06c634cdc4172ba80e744bcdcfebb",
                "wType": "FlexContainer"
            },
            "responsiveData": {
                "b1": {
                    "right": {
                        "type": "string",
                        "value": "83dp"
                    },
                    "width": {
                        "type": "string",
                        "value": "55dp"
                    }
                },
                "b2": {
                    "right": {
                        "type": "string",
                        "value": "6%"
                    },
                    "width": {
                        "type": "string",
                        "value": "55dp"
                    }
                },
                "b3": {
                    "right": {
                        "type": "string",
                        "value": "2.50%"
                    },
                    "width": {
                        "type": "string",
                        "value": "60dp"
                    }
                },
                "b4": {
                    "isVisible": false
                }
            },
            "right": {
                "Default": {
                    "type": "string",
                    "value": "5%"
                }
            },
            "width": {
                "Default": {
                    "type": "string",
                    "value": "70dp"
                }
            },
            "zIndex": {
                "Default": 1040
            }
        },
        "topmenu.flxMenu": {
            "__events__": {},
            "__info__": {
                "kuid": "e0927b68f687412dbe85b22f89034b81",
                "srcKUID": "e3be9a8fdce047e6bfc57c6134e9a975",
                "wType": "FlexContainer"
            },
            "left": {},
            "responsiveData": {
                "b1": {
                    "left": {
                        "type": "string",
                        "value": "80dp"
                    }
                },
                "b2": {
                    "left": {
                        "type": "string",
                        "value": "78dp"
                    }
                },
                "b3": {
                    "left": {
                        "type": "string",
                        "value": "20dp"
                    }
                },
                "b4": {
                    "isVisible": true,
                    "left": {
                        "type": "string",
                        "value": "10dp"
                    },
                    "top": {
                        "type": "string",
                        "value": "0dp"
                    }
                }
            },
            "top": {}
        },
        "topmenu.flxMenusMain": {
            "__events__": {},
            "__info__": {
                "kuid": "dfe08b2c8b794ae6b7a73f89119f6476",
                "srcKUID": "da5555fd4c164726bf9860ec53363048",
                "wType": "FlexContainer"
            },
            "left": {},
            "responsiveData": {
                "b4": {
                    "isVisible": true,
                    "top": {
                        "type": "string",
                        "value": "0dp"
                    }
                }
            },
            "top": {},
            "zIndex": {
                "Default": 100
            }
        },
        "topmenu.flxMyBills": {
            "__events__": {},
            "__info__": {
                "kuid": "e52c6116f7d24485ae2853b0ab206d47",
                "srcKUID": "a4da8c0229454e98aa76669ee85574cb",
                "wType": "FlexContainer"
            }
        },
        "topmenu.flxPayBills": {
            "__events__": {},
            "__info__": {
                "kuid": "b0353fa5829e4a028b0aeaa7b796cb67",
                "srcKUID": "ea97a9ae24004e468bb62c6e11cff833",
                "wType": "FlexContainer"
            }
        },
        "topmenu.flxPayMultipleBeneficiaries": {
            "__events__": {},
            "__info__": {
                "kuid": "dd976051104846aa83ca1c8ceb2d7b12",
                "srcKUID": "de653a693d5143f8a86ed23628877bac",
                "wType": "FlexContainer"
            }
        },
        "topmenu.flxSendMoney": {
            "__events__": {},
            "__info__": {
                "kuid": "f399f3b91d17467e87b38e51df53ed39",
                "srcKUID": "h1bb64a044404681858216ea0afef3cf",
                "wType": "FlexContainer"
            }
        },
        "topmenu.flxSeperator1": {
            "__events__": {},
            "__info__": {
                "kuid": "d47ca7934c9d42de8824a7358b683637",
                "srcKUID": "i09ec806e136452589e84e2f83e53e68",
                "wType": "FlexContainer"
            },
            "responsiveData": {
                "b4": {
                    "isVisible": false
                }
            }
        },
        "topmenu.flxSeperator4": {
            "__events__": {},
            "__info__": {
                "kuid": "abf0057cb793458ebe198d752d17384c",
                "srcKUID": "cb1d2b3f8bf64e53abc8fe2029b5055a",
                "wType": "FlexContainer"
            }
        },
        "topmenu.flxTransferMoney": {
            "__events__": {},
            "__info__": {
                "kuid": "j92a5aef56e049aabb19bab79a689269",
                "srcKUID": "j0b6f93293e948bbaad52b4f16db8bea",
                "wType": "FlexContainer"
            }
        },
        "topmenu.flxTransfersAndPay": {
            "__events__": {},
            "__info__": {
                "kuid": "j9fd16be46c649bb8432524a934f579a",
                "srcKUID": "j83fe7fb58c04ec394a0d8313351f539",
                "wType": "FlexContainer"
            },
            "responsiveData": {
                "b4": {
                    "isVisible": false
                }
            }
        },
        "topmenu.flxWireMoney": {
            "__events__": {},
            "__info__": {
                "kuid": "abcde435bc82431e8927bc0857210437",
                "srcKUID": "ed2961fbd05f4e8eb5ae5d530848a7da",
                "wType": "FlexContainer"
            }
        },
        "topmenu.flxaccounts": {
            "__events__": {},
            "__info__": {
                "kuid": "f71bf35f08204a369b93494c48e183a9",
                "srcKUID": "b6366fc9b5854ca5aecefb68e89386e7",
                "wType": "FlexContainer"
            },
            "responsiveData": {
                "b4": {
                    "isVisible": false
                }
            }
        },
        "topmenu.flxverseperator2": {
            "__events__": {},
            "__info__": {
                "kuid": "e3816575f85f44679b99b1762a5e0ba3",
                "srcKUID": "f9719a0b9d3f42b690d0b92a4477ec5d",
                "wType": "FlexContainer"
            }
        },
        "topmenu.imgLblTransfers": {
            "__events__": {},
            "__info__": {
                "kuid": "i6e737c5783b413cb6a32d83bdda86bb",
                "srcKUID": "i6ce4bbe9a904933bf2c217077d91a6f",
                "wType": "Label"
            }
        },
        "topmenu.imgMenu": {
            "__events__": {},
            "__info__": {
                "kuid": "b0e6f3b957ff4c02a035921baca5ceb8",
                "srcKUID": "be1e045b3a3347d88509b7efc7d8015b",
                "wType": "Image"
            },
            "left": {},
            "responsiveData": {
                "b4": {
                    "width": {
                        "type": "string",
                        "value": "25dp"
                    }
                }
            },
            "width": {}
        },
        "topmenu.lblAccounts": {
            "__events__": {},
            "__info__": {
                "kuid": "e1cf739302f349b7aff88e66b4478a6c",
                "srcKUID": "bcf724a120b24fdbb2278444060c639c",
                "wType": "Label"
            }
        },
        "topmenu.lblDashboard": {
            "__events__": {},
            "__info__": {
                "kuid": "f7f37578efcc4a48b149a84533187617",
                "srcKUID": "i230559c4e194a67933901b9936958bd",
                "wType": "Label"
            }
        },
        "topmenu.lblDashboardHeader": {
            "__events__": {},
            "__info__": {
                "kuid": "be4b89a5dc234b2da242101eb8c8d3e7",
                "srcKUID": "gf3a6b9b54b048fc88af1a277a814f00",
                "wType": "Label"
            }
        },
        "topmenu.lblDashboardIcon": {
            "__events__": {},
            "__info__": {
                "kuid": "e26ac72cb44146b2b5aaf43079391b52",
                "srcKUID": "cb6af2dadd2147068fe7977967ed48d3",
                "wType": "Label"
            }
        },
        "topmenu.lblDashboardIconMobile": {
            "__events__": {},
            "__info__": {
                "kuid": "a1188c1ccfb54c6d984813a7094b9b70",
                "srcKUID": "d810310301f748e484f38777d90fbf09",
                "wType": "Label"
            }
        },
        "topmenu.lblDropbox": {
            "__events__": {},
            "__info__": {
                "kuid": "b8beb46c859448d383bc9375981dac3b",
                "srcKUID": "ec1ce5d231134d4f8cfb0842f7538da3",
                "wType": "Label"
            }
        },
        "topmenu.lblDropboxMobile": {
            "__events__": {},
            "__info__": {
                "kuid": "d365f9e365f945b59ee19b4c62bfe21a",
                "srcKUID": "d5987c906f8f432ea7c31a58772ad7a0",
                "wType": "Label"
            }
        },
        "topmenu.lblFeedback": {
            "__events__": {},
            "__info__": {
                "kuid": "c89e75e8f44746d08d1102bc2c6647a7",
                "srcKUID": "i45ffb2e674e425ba9e5542807008a2e",
                "wType": "Label"
            },
            "responsiveData": {}
        },
        "topmenu.lblHelp": {
            "__events__": {},
            "__info__": {
                "kuid": "h67b74d4eb0045cfa9da5d2d52abed07",
                "srcKUID": "b910c72e31ac4950b9d4fcca565a1df4",
                "wType": "Label"
            },
            "centerX": {
                "Default": {
                    "type": "string",
                    "value": "50%"
                }
            },
            "responsiveData": {
                "b1": {
                    "centerX": {
                        "type": "string",
                        "value": ""
                    },
                    "right": {
                        "type": "string",
                        "value": "0dp"
                    }
                },
                "b2": {
                    "centerX": {
                        "type": "string",
                        "value": ""
                    },
                    "right": {
                        "type": "string",
                        "value": "0dp"
                    }
                },
                "b3": {
                    "centerX": {
                        "type": "string",
                        "value": ""
                    },
                    "right": {
                        "type": "string",
                        "value": "0dp"
                    }
                }
            },
            "right": {
                "Default": {
                    "type": "string",
                    "value": ""
                }
            }
        },
        "topmenu.lblMyBills": {
            "__events__": {},
            "__info__": {
                "kuid": "b138ee51a85b47478cfcf0e948e2241c",
                "srcKUID": "d8925fb060194253ba463a13de343eac",
                "wType": "Label"
            }
        },
        "topmenu.lblPayMultipleBeneficiaries": {
            "__events__": {},
            "__info__": {
                "kuid": "ib8fc9a29a2541178accb53e25505658",
                "srcKUID": "cedc3a7abf744c1c80199066b1f9a252",
                "wType": "Label"
            }
        },
        "topmenu.lblTransferAndPay": {
            "__events__": {},
            "__info__": {
                "kuid": "e62911e4f1e646beb114f6772fe23496",
                "srcKUID": "gf970d4c8185498db726665e80e4fff7",
                "wType": "Label"
            }
        },
        "topmenu.segCombinedAccessMenuMobile": {
            "__events__": {},
            "__info__": {
                "kuid": "b673c6ee2df54cc69bbc0e87f0c57701",
                "srcKUID": "fc65c13a65044f12b6e9da428e059df4",
                "wType": "Segment"
            }
        },
        "topmenu.segMenuDropdown": {
            "__events__": {},
            "__info__": {
                "kuid": "f36c4c3cca3349ae9b500761f14b359b",
                "srcKUID": "h8894426165e4ae3bc9b8480f4c0affa",
                "wType": "Segment"
            }
        }
    },
    "desktopweb": {},
    "id": "customheader",
    "info": null,
    "ipad": {},
    "iphone": {},
    "isdatareferenced": false,
    "issegmentchild": false,
    "isvisible": true,
    "kiosk": {},
    "kuid": "ae3c866e5c8046be89aca8ff04b916d2",
    "layouttype": 2,
    "masterType": 0,
    "name": "kony.ui.UserWidgetInstance",
    "parent": "flxHeader",
    "pf": "frmOnlineHelp",
    "responsiveData": {
        "b1": {},
        "b2": {},
        "b3": {
            "minWidth": {
                "type": "string",
                "value": ""
            },
            "width": {
                "type": "string",
                "value": "100%"
            }
        },
        "b4": {
            "height": {
                "type": "string",
                "value": "50dp"
            },
            "isVisible": true,
            "top": {
                "type": "string",
                "value": "0dp"
            }
        }
    },
    "snaptogrid": true,
    "sourceUserWidget": "c04bbf50611342ca895c5e0a329aeb52",
    "spa": {},
    "spaan": {},
    "spaandroidtablet": {},
    "spabb": {},
    "spaip": {},
    "spaipad": {},
    "spamobile": {},
    "spatablet": {},
    "spawindowstablet": {},
    "spawinphone8": {},
    "tabrcandroid": {},
    "vizProps": {
        "hidewidgethierarchy": false
    },
    "vizprops": {
        "hidewidgethierarchy": false
    },
    "wType": "UserWidgetInstance",
    "windows10": {},
    "windows8": {},
    "winphone10": {},
    "winphone8": {},
    "zindex": 1000
}