{
    "DNDConfig": null,
    "__parentReadjusting__": false,
    "_height_": {
        "type": "string",
        "value": "60dp"
    },
    "_margin_": [
        0,
        0,
        0,
        0
    ],
    "_orientation_": 6,
    "_padding_": [
        0,
        0,
        0,
        0
    ],
    "_percent_": true,
    "_skin_": "sacf9eef45684134bada424f2a1c336d",
    "_top_": {
        "type": "string",
        "value": "40dp"
    },
    "_width_": {
        "type": "string",
        "value": "1200dp"
    },
    "accessibilityconfig": {
        "a11yARIA": {
            "tabindex": -1
        }
    },
    "allboxes": [],
    "canUpdateUI": true,
    "centerx": {
        "type": "string",
        "value": "50%"
    },
    "children": [
        "imgDowntimeWarning",
        "rtxDowntimeWarning"
    ],
    "clipbounds": true,
    "containerweight": 100,
    "enablescrolling": true,
    "id": "flxDowntimeWarning",
    "info": null,
    "isvisible": false,
    "kuid": "a38323a1c20c4600b7cc2b04435dbc50",
    "layouttype": 3,
    "name": "kony.ui.FlexContainer",
    "parent": "flxMainContainer",
    "pf": "frmOnlineHelp",
    "responsiveData": {
        "b4": {
            "height": {
                "type": "string",
                "value": "90dp"
            },
            "width": {
                "type": "string",
                "value": "90%"
            }
        }
    },
    "snapgridsize": 10,
    "snaptogrid": true,
    "wType": "FlexContainer",
    "widgetalignment": 1,
    "zindex": 1
}