{
    "DNDConfig": null,
    "__parentReadjusting__": false,
    "_height_": {
        "type": "string",
        "value": "220dp"
    },
    "_left_": {
        "type": "string",
        "value": "114dp"
    },
    "_margin_": [
        0,
        0,
        0,
        0
    ],
    "_orientation_": 6,
    "_padding_": [
        0,
        0,
        0,
        0
    ],
    "_percent_": true,
    "_right_": {
        "type": "number",
        "value": ""
    },
    "_skin_": "s24c92fc23b14f5484b693ee9b8a9b35",
    "_top_": {
        "type": "string",
        "value": "66dp"
    },
    "_width_": {
        "type": "string",
        "value": "100%"
    },
    "allboxes": [],
    "canUpdateUI": true,
    "centery": {
        "type": "number",
        "value": ""
    },
    "children": [
        "imgDropdownMobile"
    ],
    "clipbounds": true,
    "containerweight": 100,
    "enablescrolling": true,
    "id": "flxDropdownMobile",
    "info": null,
    "iscustomlayout": false,
    "isvisible": true,
    "kuid": "bdd83b26ac024381b771787b19a9cddf",
    "layouttype": 2,
    "name": "kony.ui.FlexContainer",
    "parent": "flxMobileHeader",
    "pf": "frmOnlineHelp",
    "responsiveData": {
        "b4": {
            "centerY": {
                "type": "string",
                "value": "50%"
            },
            "height": {
                "type": "string",
                "value": "50dp"
            },
            "left": {
                "type": "string",
                "value": ""
            },
            "right": {
                "type": "string",
                "value": "3%"
            },
            "width": {
                "type": "string",
                "value": "50dp"
            }
        }
    },
    "retaincontentalignment": false,
    "retainflexpositionproperties": false,
    "snapgridsize": 10,
    "snaptogrid": true,
    "wType": "FlexContainer",
    "widgetalignment": 1,
    "zindex": 1000
}