{
    "DNDConfig": null,
    "__parentReadjusting__": false,
    "_height_": {
        "type": "string",
        "value": "90dp"
    },
    "_left_": {
        "type": "string",
        "value": "0dp"
    },
    "_margin_": [
        0,
        0,
        0,
        0
    ],
    "_orientation_": 6,
    "_padding_": [
        0,
        0,
        0,
        0
    ],
    "_percent_": true,
    "_skin_": "sb75f187c17c456fb0450d66550451bb",
    "_top_": {
        "type": "string",
        "value": "1000dp"
    },
    "_width_": {
        "type": "string",
        "value": "100%"
    },
    "allboxes": [],
    "canUpdateUI": true,
    "children": [
        "customfooternew"
    ],
    "clipbounds": false,
    "containerweight": 100,
    "enablescrolling": true,
    "id": "flxFooter",
    "info": null,
    "isvisible": true,
    "kuid": "ed23b46743434876a4c1e4855b5890f7",
    "layouttype": 2,
    "name": "kony.ui.FlexContainer",
    "parent": "flxFormContent",
    "pf": "frmOnlineHelp",
    "responsiveData": {
        "b1": {
            "height": {
                "type": "string",
                "value": "150dp"
            },
            "isVisible": true,
            "left": {
                "type": "string",
                "value": "0dp"
            },
            "skin": "sb75f187c17c456fb0450d66550451bb"
        },
        "b2": {
            "height": {
                "type": "string",
                "value": "150dp"
            }
        },
        "b3": {
            "height": {
                "type": "string",
                "value": "150dp"
            }
        },
        "b4": {}
    },
    "snapgridsize": 10,
    "snaptogrid": true,
    "wType": "FlexContainer",
    "widgetalignment": 1,
    "zindex": 1
}