{
    "DNDConfig": null,
    "_bottom_": {
        "type": "string",
        "value": "0dp"
    },
    "_height_": {
        "type": "ref",
        "value": "preferred"
    },
    "_left_": {
        "type": "string",
        "value": "1dp"
    },
    "_margin_": [
        0,
        0,
        0,
        0
    ],
    "_orientation_": 6,
    "_padding_": [
        0,
        0,
        0,
        0
    ],
    "_percent_": true,
    "_skin_": "sba5a7627a5d4fa3befc93e669f0f2b0",
    "_top_": {
        "type": "string",
        "value": "120dp"
    },
    "_width_": {
        "type": "string",
        "value": "100%"
    },
    "accessibilityconfig": {
        "a11yARIA": {
            "tabindex": -1
        }
    },
    "allboxes": [],
    "allowhorizontalbounce": false,
    "allowverticalbounce": true,
    "bounces": true,
    "canUpdateUI": true,
    "children": [
        "flxMainContainer",
        "flxFooter"
    ],
    "clipbounds": true,
    "containerweight": 100,
    "decelerat": false,
    "dragg": false,
    "enablescrolling": true,
    "horizontalscrollindicator": true,
    "id": "flxFormContent",
    "info": null,
    "iscustomlayout": false,
    "isvisible": true,
    "kuid": "l53bdf6t713vqbjr7adce9yxr7v8golj",
    "layouttype": 2,
    "name": "kony.ui.FlexScrollContainer",
    "pagingenabled": false,
    "parent": "frmOnlineHelp",
    "pf": "frmOnlineHelp",
    "responsiveData": {
        "b1": {
            "left": {
                "type": "string",
                "value": "0.70%"
            }
        },
        "b2": {
            "left": {
                "type": "string",
                "value": "0.50%"
            }
        },
        "b4": {
            "top": {
                "type": "string",
                "value": "50dp"
            }
        }
    },
    "retaincontentalignment": false,
    "retainflexpositionproperties": false,
    "retainflowhorizontalalignment": false,
    "scrolldirection": 2,
    "snapgridsize": 10,
    "snaptogrid": true,
    "track": false,
    "verticalscrollindicator": true,
    "wType": "FlexScrollContainer",
    "widgetalignment": 1
}