{
    "DNDConfig": null,
    "_bottom_": {
        "type": "string",
        "value": "23px"
    },
    "_height_": {
        "type": "ref",
        "value": "preferred"
    },
    "_left_": {
        "type": "number",
        "value": ""
    },
    "_margin_": [
        0,
        0,
        0,
        0
    ],
    "_orientation_": 6,
    "_padding_": [
        0,
        0,
        0,
        0
    ],
    "_percent_": true,
    "_skin_": "s24c92fc23b14f5484b693ee9b8a9b35",
    "_top_": {
        "type": "string",
        "value": "7dp"
    },
    "_width_": {
        "type": "string",
        "value": "1250px"
    },
    "allboxes": [],
    "autogrowmode": 1,
    "canUpdateUI": true,
    "centerx": {
        "type": "string",
        "value": "50%"
    },
    "children": [
        "flxMobileHeader",
        "help"
    ],
    "clipbounds": false,
    "containerweight": 100,
    "controllerInfo": {
        "default": {
            "channel": "desktop",
            "name": "frmOnlineHelpController"
        }
    },
    "enablescrolling": true,
    "id": "flxHelp",
    "info": null,
    "isvisible": true,
    "kuid": "a371fe30899e437ba6787774b211c66b",
    "layouttype": 2,
    "name": "kony.ui.FlexContainer",
    "parent": "flxMainContainer",
    "pf": "frmOnlineHelp",
    "responsiveData": {
        "b1": {
            "left": {
                "type": "string",
                "value": "6%"
            },
            "skin": "sb75f187c17c456fb0450d66550451bb",
            "width": {
                "type": "string",
                "value": "1266dp"
            }
        },
        "b2": {
            "width": {
                "type": "string",
                "value": "88.40%"
            }
        },
        "b3": {
            "left": {
                "type": "string",
                "value": "2.50%"
            },
            "skin": "s24c92fc23b14f5484b693ee9b8a9b35",
            "width": {
                "type": "string",
                "value": "95%"
            }
        },
        "b4": {
            "skin": "sc7ef7f7759e4d80af71fe31d0e06669",
            "top": {
                "type": "string",
                "value": "7dp"
            },
            "width": {
                "type": "string",
                "value": "100%"
            },
            "zIndex": 20
        }
    },
    "snapgridsize": 10,
    "snaptogrid": true,
    "wType": "FlexContainer",
    "widgetalignment": 1,
    "zindex": 2
}