{
    "DNDConfig": null,
    "_height_": {
        "type": "ref",
        "value": "preferred"
    },
    "_left_": {
        "type": "string",
        "value": "0dp"
    },
    "_margin_": [
        0,
        0,
        0,
        0
    ],
    "_orientation_": 6,
    "_padding_": [
        0,
        0,
        0,
        0
    ],
    "_percent_": true,
    "_skin_": "sb75f187c17c456fb0450d66550451bb",
    "_top_": {
        "type": "string",
        "value": "0dp"
    },
    "_width_": {
        "type": "string",
        "value": "100%"
    },
    "allboxes": [],
    "autogrowmode": 1,
    "canUpdateUI": true,
    "children": [
        "flxDowntimeWarning",
        "flxHelp"
    ],
    "clipbounds": false,
    "containerweight": 100,
    "enablescrolling": true,
    "id": "flxMainContainer",
    "info": null,
    "isvisible": true,
    "kuid": "g57342023ea8432e92dbe31bcf745bca",
    "layouttype": 4,
    "name": "kony.ui.FlexContainer",
    "parent": "flxFormContent",
    "pf": "frmOnlineHelp",
    "responsiveData": {
        "b1": {
            "left": {
                "type": "string",
                "value": "32dp"
            }
        },
        "b3": {
            "left": {
                "type": "string",
                "value": "0dp"
            }
        },
        "b4": {
            "top": {
                "type": "string",
                "value": "0dp"
            },
            "zIndex": 10
        }
    },
    "snapgridsize": 10,
    "snaptogrid": true,
    "wType": "FlexContainer",
    "widgetalignment": 1,
    "zindex": 1
}