{
    "DNDConfig": null,
    "_height_": {
        "type": "string",
        "value": "220dp"
    },
    "_left_": {
        "type": "string",
        "value": "6dp"
    },
    "_margin_": [
        0,
        0,
        0,
        0
    ],
    "_orientation_": 6,
    "_padding_": [
        0,
        0,
        0,
        0
    ],
    "_percent_": true,
    "_skin_": "sdc143f0e5b64ae3a3f155f691c73fa7",
    "_top_": {
        "type": "string",
        "value": "2dp"
    },
    "_width_": {
        "type": "string",
        "value": "100%"
    },
    "accessibilityconfig": {
        "a11yARIA": {
            "tabindex": -1
        }
    },
    "allboxes": [],
    "canUpdateUI": true,
    "centerx": {
        "type": "number",
        "value": ""
    },
    "children": [
        "lblMobileContentHeader",
        "flxDropdownMobile"
    ],
    "clipbounds": false,
    "containerweight": 100,
    "enablescrolling": true,
    "id": "flxMobileHeader",
    "info": null,
    "iscustomlayout": false,
    "isvisible": false,
    "kuid": "j2410ccdc6a545c495c5ec2f9213aa31",
    "layouttype": 2,
    "name": "kony.ui.FlexContainer",
    "parent": "flxHelp",
    "pf": "frmOnlineHelp",
    "responsiveData": {
        "b3": {},
        "b4": {
            "centerX": {
                "type": "string",
                "value": "50%"
            },
            "height": {
                "type": "string",
                "value": "50dp"
            },
            "isVisible": true,
            "left": {
                "type": "string",
                "value": "0dp"
            },
            "skin": "secff68ee7904525acebc42c36c39094",
            "top": {
                "type": "string",
                "value": "0dp"
            },
            "width": {
                "type": "string",
                "value": "100%"
            }
        }
    },
    "retaincontentalignment": false,
    "retainflexpositionproperties": false,
    "snapgridsize": 10,
    "snaptogrid": true,
    "wType": "FlexContainer",
    "widgetalignment": 1,
    "zindex": 10
}