{
    "@class": "com.kony.gen.viz.model.container.KVizScrollFlexForm",
    "DNDConfig": null,
    "_margin_": [
        0,
        0,
        0,
        0
    ],
    "_orientation_": 1,
    "_padding_": [
        0,
        0,
        0,
        0
    ],
    "_percent_": true,
    "_skin_": "s2f58a140c5647b8a643edf5a6309600",
    "_title_": "",
    "addWidgetsdone": false,
    "allboxes": [],
    "android": {
        "psp": {
            "windowSoftInputMode": 2
        }
    },
    "breakpointInfo": {
        "b1": {
            "width": 1380
        },
        "b2": {
            "width": 1366
        },
        "b3": {
            "width": 1024
        },
        "b4": {
            "width": 640
        }
    },
    "canUpdateUI": true,
    "canvasWidth": 1400,
    "children": [
        "flxHeader",
        "flxFormContent",
        "flxDialogs",
        "flxLoading",
        "flxLogout"
    ],
    "containerweight": 100,
    "controllerInfo": {
        "default": {
            "channel": "desktop",
            "name": "frmOnlineHelpController"
        }
    },
    "currentBreakpoint": {
        "kuid": "b1",
        "width": 1380
    },
    "currentLocale": "default",
    "desktopweb": {
        "needAppMenu": false
    },
    "device": "desktopweb",
    "displayorientation": 1,
    "enabledforidletimeout": true,
    "friendlyName": "frmOnlineHelp",
    "id": "frmOnlineHelp",
    "ide_onDeviceBack": "AS_Form_h11dcaf8ac644af7aaf32597aa3ce815",
    "ide_onTouchEnd": "AS_Form_bcdd23043a504fefa3823205f8287fea",
    "ide_postShow": "AS_Form_c4f8c3c70e87454aa48521219d5868be",
    "ide_preShow": "AS_Form_abea803ff6bc481a97207deeb97b901d",
    "info": null,
    "initdone": false,
    "inputaccessoryviewtype": 4,
    "ipad": {
        "psp": {
            "inputAccessoryViewType": 4
        }
    },
    "iphone": {
        "psp": {
            "inputAccessoryViewType": 4
        }
    },
    "isvisible": true,
    "kuid": "h8e4f81396ed47659ad00265c0140f82",
    "layouttype": 2,
    "name": "kony.ui.Form2",
    "needappmenu": true,
    "paddinginpixel": false,
    "platform": "desktopweb",
    "prevDevice": "desktopweb",
    "prevPlatform": "desktopweb",
    "retainscrollposition": false,
    "snapgridsize": 10,
    "snaptogrid": true,
    "texti18n": "i18n.common.OnlineHelp",
    "titleBarSkin": "s2e24ee0a8ca46b089d8a5bea8a1a32e",
    "titlebar": true,
    "type": 3,
    "vizProps": {
        "globalRespDesignEnabled": true
    },
    "wType": "Form"
}