{
    "@class": "com.kony.gen.viz.model.component.KVizUserWidget",
    "DNDConfig": null,
    "__parentReadjusting__": false,
    "_android_": {},
    "_androidwearos_": {},
    "_children_": [],
    "_desktopweb_": {},
    "_height_": {
        "type": "string",
        "value": "745dp"
    },
    "_ipad_": {},
    "_iphone_": {},
    "_kiosk_": {},
    "_left_": {
        "type": "string",
        "value": "0dp"
    },
    "_margin_": [
        0,
        0,
        0,
        0
    ],
    "_orientation_": 1,
    "_padding_": [
        0,
        0,
        0,
        0
    ],
    "_percent_": true,
    "_render_": true,
    "_responsiveData_": {
        "b4": {
            "height": {
                "type": "string",
                "value": "720dp"
            },
            "top": {
                "type": "string",
                "value": "70dp"
            },
            "zIndex": 10
        }
    },
    "_skin_": "s24c92fc23b14f5484b693ee9b8a9b35",
    "_spa_": {},
    "_spaan_": {},
    "_spaandroidtablet_": {},
    "_spabb_": {},
    "_spaip_": {},
    "_spaipad_": {},
    "_spamobile_": {},
    "_spatablet_": {},
    "_spawindowstablet_": {},
    "_spawinphone8_": {},
    "_tabrcandroid_": {},
    "_top_": {
        "type": "string",
        "value": "0dp"
    },
    "_vizProps_": {
        "hidewidgethierarchy": false
    },
    "_width_": {
        "type": "string",
        "value": "100%"
    },
    "_windows10_": {},
    "_windows8_": {},
    "_winphone10_": {},
    "_winphone8_": {},
    "areflexpropsreferenced": false,
    "canUpdateUI": true,
    "clipbounds": false,
    "containerweight": 100,
    "dataDiffs": {
        "CopyflxSeperator0c6d1362e60ae4f": {
            "__events__": {},
            "__info__": {
                "kuid": "c7feb61083ed41178f5a5e846e4d48aa",
                "srcKUID": "f3f3ecf5cf744a21a015fc81c52c532b",
                "wType": "FlexContainer"
            }
        },
        "CopyflxSeperator0icaf935db81345": {
            "__events__": {},
            "__info__": {
                "kuid": "c8960d73c9864d32960888ad3e4b03b9",
                "srcKUID": "ecd63ce4dda04ec28ec1e362caca1952",
                "wType": "FlexContainer"
            }
        },
        "CopyimgSearchIcon0bd7ebbaf387149": {
            "__events__": {},
            "__info__": {
                "kuid": "b4cefaf246e44806af5b290cce3f9ad1",
                "srcKUID": "h9652c102f50421ab3475ddead8cde53",
                "wType": "Label"
            },
            "isVisible": true,
            "responsiveData": {}
        },
        "btnSearchGo": {
            "__events__": {},
            "__info__": {
                "kuid": "b625fba2011b4420b6167f74dcff89e0",
                "srcKUID": "j0bb20a2d73a46ae9f11f1926c0baa72",
                "wType": "Button"
            }
        },
        "flxClearSearch": {
            "__events__": {},
            "__info__": {
                "kuid": "h51b126aabd34e38a750198a2806582e",
                "srcKUID": "c0e140dd9c9248b385671aafb4aa2d52",
                "wType": "FlexContainer"
            },
            "responsiveData": {
                "b3": {
                    "isVisible": true,
                    "top": {
                        "type": "string",
                        "value": "0dp"
                    }
                }
            },
            "top": {}
        },
        "flxContent": {
            "__events__": {},
            "__info__": {
                "kuid": "h83f8f195e9748a08b540fed8e5cc38a",
                "srcKUID": "c52ef50e7c384725b3e0cf251a9678f1",
                "wType": "FlexContainer"
            },
            "autogrowMode": {
                "Default": 0
            },
            "height": {
                "Default": {
                    "type": "string",
                    "value": "672dp"
                }
            },
            "left": {
                "Default": {
                    "type": "string",
                    "value": "3dp"
                }
            },
            "responsiveData": {
                "b1": {
                    "left": {
                        "type": "string",
                        "value": ""
                    },
                    "top": {
                        "type": "string",
                        "value": "60dp"
                    }
                },
                "b2": {},
                "b3": {
                    "left": {
                        "type": "string",
                        "value": "1%"
                    }
                },
                "b4": {
                    "height": {
                        "type": "string",
                        "value": "715dp"
                    },
                    "top": {
                        "type": "string",
                        "value": "0dp"
                    }
                }
            },
            "top": {},
            "width": {
                "Default": {
                    "type": "string",
                    "value": "100%"
                }
            },
            "zIndex": {
                "Default": 1
            }
        },
        "flxDescription": {
            "__events__": {},
            "__info__": {
                "kuid": "e10e625eb9c04142afc30a3416f02a1c",
                "srcKUID": "c644b7ada1784573ad6a30de6700c5ba",
                "wType": "FlexContainer"
            }
        },
        "flxDescriptionAndFAQHeader": {
            "__events__": {},
            "__info__": {
                "kuid": "b5e33e9e67ec46d681fa7a936c3914ed",
                "srcKUID": "iee8e5e7c9df43e0884c7534ea83fd8e",
                "wType": "FlexContainer"
            },
            "responsiveData": {
                "b4": {
                    "isVisible": true
                }
            }
        },
        "flxHeader": {
            "__events__": {},
            "__info__": {
                "kuid": "ae074f9108ad4196888e7f36ced282b1",
                "srcKUID": "b27196a45cf846f0bf8b029ed11bb6e8",
                "wType": "FlexContainer"
            },
            "autogrowMode": {
                "Default": 0
            },
            "centerX": {
                "Default": {
                    "type": "string",
                    "value": "50%"
                }
            },
            "clipBounds": true,
            "height": {
                "Default": {
                    "type": "string",
                    "value": "60dp"
                }
            },
            "responsiveData": {
                "b1": {},
                "b3": {},
                "b4": {
                    "isVisible": false
                }
            },
            "width": {
                "Default": {
                    "type": "string",
                    "value": "100%"
                }
            }
        },
        "flxHeaderSeperator": {
            "__events__": {},
            "__info__": {
                "kuid": "ec8ec46d86624a309e6846c03c171fe3",
                "srcKUID": "ff0c304d32c1419787f668699f487b1a",
                "wType": "FlexContainer"
            },
            "responsiveData": {
                "b4": {
                    "isVisible": true
                }
            }
        },
        "flxHelpDetails": {
            "__events__": {},
            "__info__": {
                "kuid": "b8a017e62250480fa4da0cbcb106cb95",
                "srcKUID": "bb1d751fae9c454da20af455ccd1de35",
                "wType": "FlexContainer"
            },
            "responsiveData": {
                "b4": {
                    "top": {
                        "type": "string",
                        "value": "20dp"
                    },
                    "width": {
                        "type": "string",
                        "value": "100%"
                    }
                }
            },
            "top": {},
            "width": {}
        },
        "flxHelpHeader": {
            "__events__": {},
            "__info__": {
                "kuid": "c6d0fdc1fef94fa6b80251e7f8a6b196",
                "srcKUID": "a6e22cb98a704d638db17efaecc7b434",
                "wType": "FlexContainer"
            },
            "autogrowMode": {
                "Default": 0
            },
            "height": {},
            "responsiveData": {
                "b1": {
                    "height": {
                        "type": "string",
                        "value": "40dp"
                    }
                },
                "b4": {
                    "isVisible": false
                }
            }
        },
        "flxMenu1": {
            "__events__": {},
            "__info__": {
                "kuid": "h837132468574cf3b22890f0a5ac99ff",
                "srcKUID": "h1ba167d4c7c4d8b86d381079d254695",
                "wType": "FlexContainer"
            },
            "left": {
                "Default": {
                    "type": "string",
                    "value": "0dp"
                }
            },
            "responsiveData": {
                "b1": {
                    "width": {
                        "type": "string",
                        "value": "100%"
                    }
                },
                "b2": {},
                "b3": {
                    "width": {
                        "type": "string",
                        "value": "100%"
                    }
                },
                "b4": {
                    "isVisible": true,
                    "right": {
                        "type": "string",
                        "value": ""
                    },
                    "width": {
                        "type": "string",
                        "value": "98%"
                    },
                    "zIndex": 1
                }
            },
            "right": {},
            "top": {
                "Default": {
                    "type": "string",
                    "value": "0dp"
                }
            },
            "width": {
                "Default": {
                    "type": "string",
                    "value": "100.70%"
                }
            },
            "zIndex": {}
        },
        "flxMenu1Collapse": {
            "__events__": {},
            "__info__": {
                "kuid": "dd224b601d4e4596b944c25bc417f198",
                "srcKUID": "fdbc721b099e4012b55247811b550264",
                "wType": "FlexContainer"
            },
            "responsiveData": {
                "b3": {
                    "right": {
                        "type": "string",
                        "value": "3%"
                    }
                },
                "b4": {
                    "isVisible": false
                }
            }
        },
        "flxMenu2": {
            "__events__": {},
            "__info__": {
                "kuid": "i4ae618d53d94807bf9c8da242eda898",
                "srcKUID": "cb5626bc8481423ba2f21789f87c65fc",
                "wType": "FlexContainer"
            },
            "left": {
                "Default": {
                    "type": "string",
                    "value": "-1dp"
                }
            },
            "responsiveData": {
                "b4": {
                    "isVisible": true,
                    "left": {
                        "type": "string",
                        "value": "0%"
                    },
                    "right": {
                        "type": "string",
                        "value": ""
                    },
                    "width": {
                        "type": "string",
                        "value": "98%"
                    }
                }
            },
            "right": {},
            "width": {
                "Default": {
                    "type": "string",
                    "value": "100.70%"
                }
            }
        },
        "flxMenu2Collapse": {
            "__events__": {},
            "__info__": {
                "kuid": "c427f84d71d64348a6548bad6c924674",
                "srcKUID": "c0500e9f6d754a69baebea50477fcf76",
                "wType": "FlexContainer"
            },
            "responsiveData": {
                "b3": {
                    "right": {
                        "type": "string",
                        "value": "3%"
                    }
                },
                "b4": {
                    "isVisible": false
                }
            }
        },
        "flxMenu3": {
            "__events__": {},
            "__info__": {
                "kuid": "ec1c16b9dd3649c1b28de541d2e4c77f",
                "srcKUID": "d204421f63954475b2bfaa67d91402a5",
                "wType": "FlexContainer"
            },
            "left": {
                "Default": {
                    "type": "string",
                    "value": "-1dp"
                }
            },
            "responsiveData": {
                "b4": {
                    "isVisible": true,
                    "left": {
                        "type": "string",
                        "value": "0dp"
                    },
                    "width": {
                        "type": "string",
                        "value": "98%"
                    }
                }
            },
            "width": {
                "Default": {
                    "type": "string",
                    "value": "100.70%"
                }
            }
        },
        "flxMenu3Collapse": {
            "__events__": {},
            "__info__": {
                "kuid": "icb08df7874343d3907f8bef928fdb52",
                "srcKUID": "he9161bcae834fe394f8380e499f9817",
                "wType": "FlexContainer"
            },
            "responsiveData": {
                "b3": {
                    "right": {
                        "type": "string",
                        "value": "3%"
                    }
                },
                "b4": {
                    "isVisible": false
                }
            }
        },
        "flxMenuWrapper": {
            "__events__": {},
            "__info__": {
                "kuid": "a1f8820aee8e44b3a85157321bdb73db",
                "srcKUID": "g183a306e7444ef387f11f27c9efe22f",
                "wType": "FlexScrollContainer"
            },
            "enableScrolling": false,
            "height": {
                "Default": {
                    "type": "string",
                    "value": "670dp"
                }
            },
            "left": {
                "Default": {
                    "type": "string",
                    "value": "0dp"
                }
            },
            "minHeight": {},
            "responsiveData": {
                "b1": {},
                "b2": {},
                "b3": {
                    "width": {
                        "type": "string",
                        "value": "35%"
                    }
                },
                "b4": {
                    "height": {
                        "type": "ref",
                        "value": "preferred"
                    },
                    "isVisible": false,
                    "left": {
                        "type": "string",
                        "value": "2%"
                    },
                    "minHeight": {
                        "type": "number",
                        "value": "650"
                    },
                    "right": {
                        "type": "string",
                        "value": "2%"
                    },
                    "top": {
                        "type": "string",
                        "value": "-20dp"
                    },
                    "width": {
                        "type": "string",
                        "value": ""
                    },
                    "zIndex": 100
                }
            },
            "right": {},
            "top": {},
            "width": {},
            "zIndex": {
                "Default": 10
            }
        },
        "flxRight": {
            "__events__": {},
            "__info__": {
                "kuid": "j4972bb3217342399709e05069e77e09",
                "srcKUID": "f1b92533fd004094ad1ddaec07241aee",
                "wType": "FlexScrollContainer"
            },
            "centerX": {},
            "height": {
                "Default": {
                    "type": "string",
                    "value": "670dp"
                }
            },
            "left": {},
            "responsiveData": {
                "b1": {},
                "b2": {},
                "b3": {
                    "left": {
                        "type": "string",
                        "value": "35.50%"
                    },
                    "width": {
                        "type": "string",
                        "value": "64.50%"
                    }
                },
                "b4": {
                    "centerX": {
                        "type": "string",
                        "value": "50%"
                    },
                    "height": {
                        "type": "string",
                        "value": "640dp"
                    },
                    "left": {
                        "type": "string",
                        "value": "0%"
                    },
                    "top": {
                        "type": "string",
                        "value": "0dp"
                    },
                    "width": {
                        "type": "string",
                        "value": "100%"
                    }
                }
            },
            "top": {
                "Default": {
                    "type": "string",
                    "value": "0dp"
                }
            },
            "width": {}
        },
        "flxSearch": {
            "__events__": {},
            "__info__": {
                "kuid": "fbacee9045d24c178554b58947e1db5e",
                "srcKUID": "a0281f0f53a049378c3120107546c148",
                "wType": "FlexContainer"
            },
            "responsiveData": {
                "b1": {
                    "isVisible": false
                },
                "b4": {
                    "isVisible": false
                }
            }
        },
        "flxSearchTextBox": {
            "__events__": {},
            "__info__": {
                "kuid": "g50cb030dbb24949a47dd1e7e9c6e047",
                "srcKUID": "efd4341f643a4c9c8b926612190c7e32",
                "wType": "FlexContainer"
            }
        },
        "flxSeperator": {
            "__events__": {},
            "__info__": {
                "kuid": "h9587474ae6f4e718a588861448264fc",
                "srcKUID": "ebd4ed4b1c6d4294a4be511918323e15",
                "wType": "FlexContainer"
            },
            "responsiveData": {
                "b1": {
                    "isVisible": false
                }
            }
        },
        "flxSeperator1": {
            "__events__": {},
            "__info__": {
                "kuid": "h8ea35a1bc9942dea6df71043cccf7f0",
                "srcKUID": "a484fbf8caaa4eb2b3cde88dbe2ea7f0",
                "wType": "FlexContainer"
            },
            "autogrowMode": {
                "Default": 0
            },
            "height": {
                "Default": {
                    "type": "string",
                    "value": "670px"
                }
            },
            "isVisible": true,
            "left": {},
            "responsiveData": {
                "b1": {},
                "b2": {},
                "b3": {
                    "left": {
                        "type": "string",
                        "value": "35%"
                    }
                },
                "b4": {
                    "isVisible": false
                }
            },
            "width": {
                "Default": {
                    "type": "string",
                    "value": "2px"
                }
            },
            "zIndex": {
                "Default": 105
            }
        },
        "flxSubMenu1": {
            "__events__": {},
            "__info__": {
                "kuid": "i9fd95230a3d447a90f34262b59aa82d",
                "srcKUID": "ed72f92fd9ec43f6b3a9aac5da3bd4c0",
                "wType": "FlexContainer"
            },
            "autogrowMode": {
                "Default": 1
            },
            "height": {},
            "isVisible": false,
            "responsiveData": {
                "b4": {
                    "height": {
                        "type": "ref",
                        "value": "preferred"
                    },
                    "layoutType": 4,
                    "width": {
                        "type": "string",
                        "value": "98%"
                    },
                    "zIndex": 10
                }
            },
            "width": {},
            "zIndex": {}
        },
        "flxSubMenu1Option1": {
            "__events__": {},
            "__info__": {
                "kuid": "b61c8c7933ff450b8de484ae744d4e2f",
                "srcKUID": "f9a96993c71449dca86f53f62ed537de",
                "wType": "FlexContainer"
            },
            "autogrowMode": {
                "Default": 0
            },
            "height": {},
            "responsiveData": {
                "b4": {
                    "height": {
                        "type": "string",
                        "value": "38dp"
                    },
                    "width": {
                        "type": "string",
                        "value": "100%"
                    }
                }
            },
            "width": {
                "Default": {
                    "type": "string",
                    "value": "100%"
                }
            }
        },
        "flxSubMenu1Option2": {
            "__events__": {},
            "__info__": {
                "kuid": "i7c1aa976f994619b5aabe85165d5c8b",
                "srcKUID": "jd3f7047b50f4bf08444bc69d80f5c15",
                "wType": "FlexContainer"
            },
            "autogrowMode": {
                "Default": 0
            },
            "centerX": {},
            "height": {},
            "left": {},
            "responsiveData": {
                "b1": {
                    "top": {
                        "type": "string",
                        "value": "0dp"
                    }
                },
                "b4": {
                    "height": {
                        "type": "string",
                        "value": "38dp"
                    },
                    "left": {
                        "type": "string",
                        "value": "0%"
                    },
                    "top": {
                        "type": "string",
                        "value": "0dp"
                    },
                    "width": {
                        "type": "string",
                        "value": "100%"
                    }
                }
            },
            "top": {},
            "width": {}
        },
        "flxSubMenu1Option3": {
            "__events__": {},
            "__info__": {
                "kuid": "e4af9422cc1241fda8ae8a0c5a3634e9",
                "srcKUID": "e6c3020642bf40519d0345ab4d7e1a72",
                "wType": "FlexContainer"
            },
            "autogrowMode": {
                "Default": 0
            },
            "centerX": {},
            "height": {},
            "left": {},
            "responsiveData": {
                "b3": {
                    "top": {
                        "type": "string",
                        "value": "0dp"
                    }
                },
                "b4": {
                    "centerX": {
                        "type": "string",
                        "value": ""
                    },
                    "height": {
                        "type": "string",
                        "value": "38dp"
                    },
                    "left": {
                        "type": "string",
                        "value": "0%"
                    },
                    "top": {
                        "type": "string",
                        "value": "0dp"
                    },
                    "width": {
                        "type": "string",
                        "value": "100%"
                    }
                }
            },
            "top": {},
            "width": {}
        },
        "flxSubMenu1Option4": {
            "__events__": {},
            "__info__": {
                "kuid": "af728779566041228f2b8b9429a64464",
                "srcKUID": "hebb520ebd3b4934b0cf44af91c58408",
                "wType": "FlexContainer"
            },
            "autogrowMode": {
                "Default": 0
            },
            "height": {},
            "left": {},
            "responsiveData": {
                "b4": {
                    "height": {
                        "type": "string",
                        "value": "38dp"
                    },
                    "left": {
                        "type": "string",
                        "value": "0%"
                    },
                    "top": {
                        "type": "string",
                        "value": "0dp"
                    },
                    "width": {
                        "type": "string",
                        "value": "100%"
                    }
                }
            },
            "top": {},
            "width": {}
        },
        "flxSubMenu2": {
            "__events__": {},
            "__info__": {
                "kuid": "dfeaec7c5c18402b93876df84bdf1b13",
                "srcKUID": "db1144e973d24837a42103587897a5ec",
                "wType": "FlexContainer"
            },
            "autogrowMode": {
                "Default": 1
            },
            "height": {},
            "isVisible": false,
            "responsiveData": {
                "b4": {
                    "height": {
                        "type": "ref",
                        "value": "preferred"
                    },
                    "layoutType": 4,
                    "top": {
                        "type": "string",
                        "value": "0dp"
                    }
                }
            },
            "top": {}
        },
        "flxSubMenu2Option1": {
            "__events__": {},
            "__info__": {
                "kuid": "a8d595d08f9d41378c32699b59975a54",
                "srcKUID": "a06c8a0d5cb94835a88e863d9a5e56d5",
                "wType": "FlexContainer"
            },
            "autogrowMode": {
                "Default": 0
            },
            "height": {},
            "responsiveData": {
                "b4": {
                    "height": {
                        "type": "string",
                        "value": "38dp"
                    },
                    "width": {
                        "type": "string",
                        "value": "100%"
                    }
                }
            },
            "width": {}
        },
        "flxSubMenu2Option2": {
            "__events__": {},
            "__info__": {
                "kuid": "cd4086feb1714fecbb5d90d7ec262f70",
                "srcKUID": "f86252b516554002838a9b7f9ed98b27",
                "wType": "FlexContainer"
            },
            "autogrowMode": {
                "Default": 0
            },
            "height": {},
            "left": {},
            "responsiveData": {
                "b4": {
                    "height": {
                        "type": "string",
                        "value": "38dp"
                    },
                    "left": {
                        "type": "string",
                        "value": "0%"
                    },
                    "top": {
                        "type": "string",
                        "value": "0dp"
                    },
                    "width": {
                        "type": "string",
                        "value": "100%"
                    }
                }
            },
            "top": {},
            "width": {}
        },
        "flxSubMenu2Option3": {
            "__events__": {},
            "__info__": {
                "kuid": "g023b16a189340a0a3f708c97989217b",
                "srcKUID": "ed51d63b0ec54fbe8b7677e2ab270657",
                "wType": "FlexContainer"
            },
            "autogrowMode": {
                "Default": 0
            },
            "height": {},
            "left": {},
            "responsiveData": {
                "b4": {
                    "height": {
                        "type": "string",
                        "value": "38dp"
                    },
                    "left": {
                        "type": "string",
                        "value": "0%"
                    },
                    "top": {
                        "type": "string",
                        "value": "0dp"
                    },
                    "width": {
                        "type": "string",
                        "value": "100%"
                    }
                }
            },
            "top": {},
            "width": {}
        },
        "flxSubMenu2Option4": {
            "__events__": {},
            "__info__": {
                "kuid": "d16ca80334c94002a4c3b2ce2ee6fb67",
                "srcKUID": "ia0d016f0ae546c58c9c078500d8d9f0",
                "wType": "FlexContainer"
            },
            "autogrowMode": {
                "Default": 0
            },
            "height": {},
            "left": {},
            "responsiveData": {
                "b4": {
                    "height": {
                        "type": "string",
                        "value": "38dp"
                    },
                    "left": {
                        "type": "string",
                        "value": "0%"
                    },
                    "top": {
                        "type": "string",
                        "value": "0dp"
                    },
                    "width": {
                        "type": "string",
                        "value": "100%"
                    }
                }
            },
            "top": {},
            "width": {}
        },
        "flxSubMenu3": {
            "__events__": {},
            "__info__": {
                "kuid": "b1647783fa2945219746d1fbfd849696",
                "srcKUID": "i06050e259cf439db14a9a7153217e72",
                "wType": "FlexContainer"
            },
            "isVisible": false,
            "responsiveData": {
                "b4": {}
            }
        },
        "flxSubMenu3Option1": {
            "__events__": {},
            "__info__": {
                "kuid": "ab095646787a464b88bd471190c8a709",
                "srcKUID": "jbfefd24a1384753b42bffff01ec197a",
                "wType": "FlexContainer"
            },
            "autogrowMode": {
                "Default": 0
            },
            "height": {},
            "responsiveData": {
                "b4": {
                    "height": {
                        "type": "string",
                        "value": "38dp"
                    }
                }
            }
        },
        "flxSubMenu3Option2": {
            "__events__": {},
            "__info__": {
                "kuid": "e274f97227624b24be52d5a1c02904fe",
                "srcKUID": "jae05dc2b5ec4f249084ecaf4ec39415",
                "wType": "FlexContainer"
            },
            "autogrowMode": {
                "Default": 0
            },
            "height": {},
            "responsiveData": {
                "b4": {
                    "height": {
                        "type": "string",
                        "value": "38dp"
                    }
                }
            }
        },
        "help": {
            "__events__": {},
            "__info__": {
                "isRoot": true,
                "kuid": "c41beccbb0c54e72b3bd1df5d68ae75b",
                "srcKUID": "e3f7574289ed4724983132d7dad2e3b9",
                "wType": "FlexContainer"
            },
            "autogrowMode": {
                "Default": 0
            },
            "height": {},
            "responsiveData": {
                "b4": {
                    "height": {
                        "type": "string",
                        "value": "720dp"
                    },
                    "top": {
                        "type": "string",
                        "value": "70dp"
                    },
                    "zIndex": 10
                }
            },
            "top": {},
            "zIndex": {}
        },
        "imgAccountSettingsCollapse": {
            "__events__": {},
            "__info__": {
                "kuid": "hff35ea402f0432395fae901639cb954",
                "srcKUID": "gd5f319d408d43fa9d073eddfa3e9ead",
                "wType": "Image"
            },
            "responsiveData": {},
            "src": "arrow_down.png"
        },
        "imgClearSearch": {
            "__events__": {},
            "__info__": {
                "kuid": "j2628552c3a04181b0fa9a2ee69a7d23",
                "srcKUID": "e4129f25f8774cc6b1def3f744732eac",
                "wType": "Image"
            },
            "src": "search_close.png"
        },
        "imgIndicatorM1O1": {
            "__events__": {},
            "__info__": {
                "kuid": "e188613844254ac4a3bf4924c1de3831",
                "srcKUID": "j9fee5f0b9ed4edc93cdf7f1aaeda87b",
                "wType": "Label"
            }
        },
        "imgIndicatorM1O2": {
            "__events__": {},
            "__info__": {
                "kuid": "ae1ba3d7ea7045bdab7edbad52677bd9",
                "srcKUID": "b13114cd411149fd88b1489bee917078",
                "wType": "Label"
            }
        },
        "imgIndicatorM1O3": {
            "__events__": {},
            "__info__": {
                "kuid": "ae7b2fec6aad432eade33d3786c7cd65",
                "srcKUID": "f50709102b7a41b8953b0ab313f3ac9e",
                "wType": "Label"
            }
        },
        "imgIndicatorM1O4": {
            "__events__": {},
            "__info__": {
                "kuid": "df8bf12fd73c47f78ed3987b0a2e711f",
                "srcKUID": "c3a4dfac3e08496d8fe9fc3d80ddc751",
                "wType": "Label"
            }
        },
        "imgIndicatorM2O1": {
            "__events__": {},
            "__info__": {
                "kuid": "ebfde9c4a0ad4366a2b0d21ccdaa5634",
                "srcKUID": "i1551d1a19274b318ab2a3bd5a7de589",
                "wType": "Label"
            }
        },
        "imgIndicatorM2O2": {
            "__events__": {},
            "__info__": {
                "kuid": "cafc2a333211426084844b8e86e80d6f",
                "srcKUID": "c3c2bd6546834d95a6ecd746b63cceff",
                "wType": "Label"
            }
        },
        "imgIndicatorM2O3": {
            "__events__": {},
            "__info__": {
                "kuid": "h9fb52e4fad14787a6e2841ebcd6266d",
                "srcKUID": "b3669ef04aa24aba922594f4a18631e5",
                "wType": "Label"
            }
        },
        "imgIndicatorM2O4": {
            "__events__": {},
            "__info__": {
                "kuid": "c828217cfe774cb19812022c68e28b7d",
                "srcKUID": "f5351de8a1f7498eb0143ebb89f49007",
                "wType": "Label"
            }
        },
        "imgIndicatorM3O1": {
            "__events__": {},
            "__info__": {
                "kuid": "c3246bf76f8c427c8262a8cf1291c695",
                "srcKUID": "cf6e92fe928d468eb4262d989f50e549",
                "wType": "Label"
            }
        },
        "imgIndicatorM3O2": {
            "__events__": {},
            "__info__": {
                "kuid": "da19f024cbc94ed182dbbd24f6758766",
                "srcKUID": "aa81d36cbaf446c9b112692b10f513ea",
                "wType": "Label"
            }
        },
        "imgMenu1Collapse": {
            "__events__": {},
            "__info__": {
                "kuid": "aac0f56624e241aea6ac9067a6127d82",
                "srcKUID": "g5a93f6166ec4852ad35c38f62430819",
                "wType": "Image"
            },
            "responsiveData": {},
            "src": "arrow_down.png"
        },
        "imgSearch": {
            "__events__": {},
            "__info__": {
                "kuid": "eaf17d9c571a4a1eb1449abfdad284c9",
                "srcKUID": "a77c04613b164f87aaf429e333bef5ed",
                "wType": "Image"
            },
            "centerY": {
                "Default": {
                    "type": "string",
                    "value": "51%"
                }
            },
            "isVisible": false,
            "left": {},
            "responsiveData": {
                "b1": {
                    "src": "search.png"
                },
                "b2": {
                    "left": {
                        "type": "string",
                        "value": ""
                    },
                    "right": {
                        "type": "string",
                        "value": "1%"
                    }
                },
                "b3": {
                    "left": {
                        "type": "string",
                        "value": "28dp"
                    }
                }
            },
            "right": {},
            "src": "search.png"
        },
        "imgSearchIcon": {
            "__events__": {},
            "__info__": {
                "kuid": "f99970a08aab4b2c87b8d3d35b634785",
                "srcKUID": "fc2bfaeedb424bbe9921361630cd2636",
                "wType": "FlexContainer"
            },
            "responsiveData": {
                "b1": {
                    "right": {
                        "type": "string",
                        "value": "0px"
                    }
                },
                "b2": {
                    "right": {
                        "type": "string",
                        "value": "1%"
                    }
                },
                "b3": {}
            },
            "right": {
                "Default": {
                    "type": "string",
                    "value": "2px"
                }
            }
        },
        "imgSecuritySettingsCollapse": {
            "__events__": {},
            "__info__": {
                "kuid": "c7a44caa41fa4af88a409024294a65ca",
                "srcKUID": "bcab1e4a4cb54283a252a03a0f7385db",
                "wType": "Image"
            },
            "responsiveData": {},
            "src": "arrow_down.png"
        },
        "imgToolTip": {
            "__events__": {},
            "__info__": {
                "kuid": "iba579868aa044ce872ff4a7b1521465",
                "srcKUID": "e65744f00c1f458ba4ecdf4fb5e22a7f",
                "wType": "Image"
            },
            "responsiveData": {
                "b4": {
                    "isVisible": false,
                    "top": {
                        "type": "string",
                        "value": "-20dp"
                    }
                }
            },
            "src": "tool_tip_2.png",
            "top": {}
        },
        "lblFAQ": {
            "__events__": {},
            "__info__": {
                "kuid": "ddbc59438b9d426980756b6d237d7baa",
                "srcKUID": "d651788e7c7645ca833bb0cc60734950",
                "wType": "Label"
            },
            "responsiveData": {
                "b1": {
                    "text": "Frequently Asked Questions:"
                },
                "b4": {
                    "isVisible": false
                }
            }
        },
        "lblHeading": {
            "__events__": {},
            "__info__": {
                "kuid": "c21b438fa67c41a0bf60fadb76c0dde9",
                "srcKUID": "fe10ee7d4dfa451aa32f2e441af25fa7",
                "wType": "Label"
            },
            "bottom": {
                "Default": {
                    "type": "string",
                    "value": "15dp"
                }
            },
            "centerY": {
                "Default": {
                    "type": "string",
                    "value": ""
                }
            },
            "height": {
                "Default": {
                    "type": "string",
                    "value": "25dp"
                }
            },
            "i18n_text": "i18n.topmenu.help",
            "left": {
                "Default": {
                    "type": "string",
                    "value": "0%"
                }
            },
            "responsiveData": {
                "b1": {},
                "b2": {},
                "b3": {},
                "b4": {
                    "isVisible": false
                }
            },
            "top": {
                "Default": {
                    "type": "string",
                    "value": ""
                }
            }
        },
        "lblHelpHeader": {
            "__events__": {},
            "__info__": {
                "kuid": "a2a24374a4ee420d85feb291694903a9",
                "srcKUID": "h3062c17b9404a9cbe536cd9346653a3",
                "wType": "Label"
            }
        },
        "lblImgMenu1": {
            "__events__": {},
            "__info__": {
                "kuid": "iccde675cc1a43c490eab411b7d30505",
                "srcKUID": "he92975b80954362b263f5287087db37",
                "wType": "Label"
            },
            "centerY": {
                "Default": {
                    "type": "string",
                    "value": "60%"
                }
            },
            "height": {
                "Default": {
                    "type": "string",
                    "value": "27px"
                }
            },
            "left": {
                "Default": {
                    "type": "string",
                    "value": "6.50%"
                }
            },
            "responsiveData": {
                "b3": {},
                "b4": {
                    "left": {
                        "type": "string",
                        "value": "7%"
                    }
                }
            },
            "text": "a",
            "top": {
                "Default": {
                    "type": "string",
                    "value": "8dp"
                }
            },
            "width": {
                "Default": {
                    "type": "string",
                    "value": "24px"
                }
            }
        },
        "lblImgMenu2": {
            "__events__": {},
            "__info__": {
                "kuid": "gb3d6d6603a24897987c621e3f7bcbf2",
                "srcKUID": "ee7a06445af443a68d62c5d33c0f81e5",
                "wType": "Label"
            },
            "left": {
                "Default": {
                    "type": "string",
                    "value": "6.50%"
                }
            },
            "responsiveData": {
                "b3": {},
                "b4": {
                    "left": {
                        "type": "string",
                        "value": "7%"
                    }
                }
            },
            "width": {
                "Default": {
                    "type": "string",
                    "value": "25px"
                }
            }
        },
        "lblImgMenu3": {
            "__events__": {},
            "__info__": {
                "kuid": "c724fcf44af1448bb4c8f49b8f111614",
                "srcKUID": "fffc6d8644eb406582397eb89a15c5a2",
                "wType": "Label"
            },
            "left": {
                "Default": {
                    "type": "string",
                    "value": "6.50%"
                }
            },
            "minWidth": {},
            "responsiveData": {
                "b3": {},
                "b4": {
                    "minWidth": {
                        "type": "string",
                        "value": ""
                    },
                    "width": {
                        "type": "string",
                        "value": "24px"
                    }
                }
            },
            "width": {}
        },
        "lblM1O1": {
            "__events__": {},
            "__info__": {
                "kuid": "id541d9c7d8e41ebb4ec7eb407dde8e2",
                "srcKUID": "d9959387645849aa90d72915489b2576",
                "wType": "Label"
            },
            "centerX": {},
            "i18n_text": "i18n.common.login",
            "left": {},
            "responsiveData": {
                "b2": {
                    "left": {
                        "type": "string",
                        "value": "20.50%"
                    }
                },
                "b4": {
                    "centerX": {
                        "type": "string",
                        "value": ""
                    },
                    "left": {
                        "type": "string",
                        "value": "20.50%"
                    }
                }
            },
            "text": "",
            "width": {
                "Default": {
                    "type": "ref",
                    "value": "preferred"
                }
            }
        },
        "lblM1O2": {
            "__events__": {},
            "__info__": {
                "kuid": "iac64ebfbc86478db278ca09bd5af582",
                "srcKUID": "g680ebc7ae3147c1a92671e35545f787",
                "wType": "Label"
            },
            "centerX": {},
            "left": {
                "Default": {
                    "type": "string",
                    "value": "20%"
                }
            },
            "responsiveData": {
                "b4": {
                    "centerX": {
                        "type": "string",
                        "value": ""
                    },
                    "left": {
                        "type": "string",
                        "value": "20.50%"
                    },
                    "width": {
                        "type": "string",
                        "value": "80%"
                    }
                }
            },
            "width": {}
        },
        "lblM1O3": {
            "__events__": {},
            "__info__": {
                "kuid": "iff31df01417457c9606d296362be181",
                "srcKUID": "d0e4c319a877431f9e0a696a0557e194",
                "wType": "Label"
            },
            "centerX": {},
            "left": {
                "Default": {
                    "type": "string",
                    "value": "20%"
                }
            },
            "responsiveData": {
                "b3": {
                    "isVisible": true
                },
                "b4": {
                    "centerX": {
                        "type": "string",
                        "value": ""
                    },
                    "left": {
                        "type": "string",
                        "value": "20.50%"
                    },
                    "width": {
                        "type": "string",
                        "value": "98%"
                    }
                }
            },
            "width": {}
        },
        "lblM1O4": {
            "__events__": {},
            "__info__": {
                "kuid": "cd98bc2128ca402392471d25baa99254",
                "srcKUID": "i7fbca09f4894c0f916f1d60c9bc2492",
                "wType": "Label"
            },
            "centerX": {},
            "left": {
                "Default": {
                    "type": "string",
                    "value": "20%"
                }
            },
            "responsiveData": {
                "b4": {
                    "centerX": {
                        "type": "string",
                        "value": ""
                    },
                    "left": {
                        "type": "string",
                        "value": "20.50%"
                    }
                }
            },
            "top": {
                "Default": {
                    "type": "number",
                    "value": ""
                }
            }
        },
        "lblM2O1": {
            "__events__": {},
            "__info__": {
                "kuid": "h770c3c8e7154bed8e68a9f2818216d6",
                "srcKUID": "b0520acf08db40a09ac60012ed47aad5",
                "wType": "Label"
            },
            "left": {
                "Default": {
                    "type": "string",
                    "value": "20%"
                }
            },
            "responsiveData": {}
        },
        "lblM2O2": {
            "__events__": {},
            "__info__": {
                "kuid": "ja34ced1107746f1890fa7ef23081d86",
                "srcKUID": "f3413a857f3a42b3ba8320f05b06ca40",
                "wType": "Label"
            },
            "left": {
                "Default": {
                    "type": "string",
                    "value": "20%"
                }
            },
            "responsiveData": {}
        },
        "lblM2O3": {
            "__events__": {},
            "__info__": {
                "kuid": "i3398855bc1642729d28b5aa993c03a5",
                "srcKUID": "b47d5b8659e0484bba4cb4c53324e42a",
                "wType": "Label"
            },
            "left": {
                "Default": {
                    "type": "string",
                    "value": "20%"
                }
            },
            "responsiveData": {}
        },
        "lblM2O4": {
            "__events__": {},
            "__info__": {
                "kuid": "a8ae993e463f424b943c6b26e8b49db9",
                "srcKUID": "idcc1d38f0cd40ae974356dcbdfce2ca",
                "wType": "Label"
            },
            "left": {
                "Default": {
                    "type": "string",
                    "value": "20%"
                }
            },
            "responsiveData": {}
        },
        "lblM3O1": {
            "__events__": {},
            "__info__": {
                "kuid": "ef412c1e5fdd469b8b117cb357863904",
                "srcKUID": "ad34f9e7de3e4ac5b6d99878319b3057",
                "wType": "Label"
            },
            "left": {
                "Default": {
                    "type": "string",
                    "value": "20%"
                }
            },
            "responsiveData": {}
        },
        "lblM3O2": {
            "__events__": {},
            "__info__": {
                "kuid": "e5f7c6f7da0340c59ab04895f76d21ae",
                "srcKUID": "c91a229e701a424b9d389c4bad251bd1",
                "wType": "Label"
            },
            "left": {
                "Default": {
                    "type": "string",
                    "value": "20%"
                }
            },
            "responsiveData": {}
        },
        "lblMenu1": {
            "__events__": {},
            "__info__": {
                "kuid": "ffb4b820e683487ca4e0da00a444c213",
                "srcKUID": "b5332ca5f20f417fbbdd8866c6217a87",
                "wType": "Label"
            },
            "left": {},
            "responsiveData": {
                "b4": {
                    "left": {
                        "type": "string",
                        "value": "20.56%"
                    }
                }
            }
        },
        "lblMenu2": {
            "__events__": {},
            "__info__": {
                "kuid": "eae056118c954fbe811a3a987e50ae0e",
                "srcKUID": "j5f4cb2dabdc44169bbc7e30ac7a23d9",
                "wType": "Label"
            }
        },
        "lblMenu3": {
            "__events__": {},
            "__info__": {
                "kuid": "e48f2d3ba8204d2b997de7977cc71441",
                "srcKUID": "a1ab953b40c9426087dda05ef4f98813",
                "wType": "Label"
            }
        },
        "rtxDescription": {
            "__events__": {},
            "__info__": {
                "kuid": "e877c45afeb848c0bc21cc2ebd88205c",
                "srcKUID": "dd5174dd97b1457abac2b4bf65b58c21",
                "wType": "RichText"
            },
            "responsiveData": {
                "b4": {}
            },
            "right": {
                "Default": {
                    "type": "string",
                    "value": "40px"
                }
            },
            "text": "",
            "top": {
                "Default": {
                    "type": "string",
                    "value": "15px"
                }
            }
        },
        "segResults": {
            "__events__": {},
            "__info__": {
                "kuid": "i216a3f54dff45c8b40585903cd1f9fd",
                "srcKUID": "fa208cb6d14047a098e27e7246814dca",
                "wType": "Segment"
            },
            "responsiveData": {
                "b1": {
                    "top": {
                        "type": "string",
                        "value": "5dp"
                    }
                }
            },
            "top": {}
        },
        "tbxHelpSearch": {
            "__events__": {},
            "__info__": {
                "kuid": "e50cb1ed561d4de182f45623dfabf8d1",
                "srcKUID": "jd2701d42fe24efd93df55f88ac31859",
                "wType": "TextField"
            },
            "placeholder": "Search keywords"
        }
    },
    "id": "help",
    "info": null,
    "isdatareferenced": false,
    "issegmentchild": false,
    "isvisible": true,
    "kuid": "c41beccbb0c54e72b3bd1df5d68ae75b",
    "layouttype": 2,
    "masterType": 0,
    "name": "kony.ui.UserWidgetInstance",
    "parent": "flxHelp",
    "pf": "frmOnlineHelp",
    "snaptogrid": true,
    "sourceUserWidget": "e3f7574289ed4724983132d7dad2e3b9",
    "vizprops": {
        "hidewidgethierarchy": false
    },
    "wType": "UserWidgetInstance",
    "zindex": 10
}