{
    "@class": "com.kony.gen.viz.model.component.KVizLabel",
    "DNDConfig": null,
    "__parentReadjusting__": false,
    "_height_": {
        "type": "ref",
        "value": "preferred"
    },
    "_margin_": [
        0,
        0,
        0,
        0
    ],
    "_padding_": [
        0,
        3,
        0,
        0
    ],
    "_skin_": "s5265030bc6447398b17239a73f7c001",
    "_text_": "e",
    "_width_": {
        "type": "string",
        "value": "30dp"
    },
    "_wrapping_": 2,
    "accessibilityconfig": {
        "a11yARIA": {
            "tabindex": -1
        },
        "a11yHidden": true,
        "a11yLabel": " "
    },
    "android": {
        "textStyle": {
            "letterSpacing": 0,
            "strikeThrough": false
        }
    },
    "canUpdateUI": true,
    "centerx": {
        "type": "string",
        "value": "50%"
    },
    "centery": {
        "type": "string",
        "value": "50%"
    },
    "containerweight": 100,
    "contentalignment": 5,
    "desktopweb": {
        "psp": {
            "hoverSkin": "sba44ef79cbb455b8d2e8b0602b2e178"
        }
    },
    "hoverskin": "",
    "id": "imgDropdownMobile",
    "info": null,
    "ipad": {
        "psp": {
            "wrapping": 2
        }
    },
    "iphone": {
        "psp": {
            "wrapping": 2
        }
    },
    "isvisible": true,
    "kuid": "i7c130cd6d24411aaac15debfdb2cf5c",
    "name": "kony.ui.Label",
    "paddingLocked": false,
    "parent": "flxDropdownMobile",
    "pf": "frmOnlineHelp",
    "responsiveData": {
        "b4": {
            "desktopweb": {
                "psp": {
                    "hoverSkin": "s5265030bc6447398b17239a73f7c001"
                }
            },
            "skin": "s5265030bc6447398b17239a73f7c001",
            "text": "O"
        }
    },
    "tooltip": "Search",
    "wType": "Label",
    "zindex": 1
}