{
    "@class": "com.kony.gen.viz.model.component.KVizLabel",
    "DNDConfig": null,
    "__parentReadjusting__": false,
    "_height_": {
        "type": "ref",
        "value": "preferred"
    },
    "_left_": {
        "type": "string",
        "value": "125dp"
    },
    "_margin_": [
        1,
        1,
        1,
        1
    ],
    "_padding_": [
        0,
        0,
        0,
        0
    ],
    "_skin_": "se56454286124fef97a46e7249497088",
    "_text_": "Label",
    "_top_": {
        "type": "string",
        "value": "22dp"
    },
    "_width_": {
        "type": "ref",
        "value": "preferred"
    },
    "_wrapping_": 2,
    "accessibilityconfig": {
        "a11yARIA": {
            "tabindex": -1
        }
    },
    "android": {
        "textStyle": {
            "letterSpacing": 0,
            "strikeThrough": false
        }
    },
    "canUpdateUI": true,
    "centery": {
        "type": "number",
        "value": ""
    },
    "containerweight": 100,
    "contentalignment": 4,
    "id": "lblMobileContentHeader",
    "info": null,
    "ipad": {
        "psp": {
            "wrapping": 2
        }
    },
    "iphone": {
        "psp": {
            "wrapping": 2
        }
    },
    "iscustomlayout": false,
    "isvisible": true,
    "kuid": "i440135748654b2bae8ebe70211a4563",
    "name": "kony.ui.Label",
    "parent": "flxMobileHeader",
    "pf": "frmOnlineHelp",
    "responsiveData": {
        "b4": {
            "centerY": {
                "type": "string",
                "value": "50%"
            },
            "height": {
                "type": "ref",
                "value": "preferred"
            },
            "left": {
                "type": "string",
                "value": "3%"
            },
            "skin": "se56454286124fef97a46e7249497088",
            "text": "Sign In",
            "top": {
                "type": "string",
                "value": "0dp"
            },
            "width": {
                "type": "string",
                "value": "200dp"
            }
        }
    },
    "retaincontentalignment": false,
    "retainflexpositionproperties": false,
    "texti18n": "i18n.OnlineHelp.Login",
    "tooltip": "",
    "wType": "Label",
    "zindex": 1
}