{
    "@class": "com.kony.gen.viz.model.component.KVizButton",
    "DNDConfig": null,
    "__parentReadjusting__": false,
    "_bottom_": {
        "type": "string",
        "value": "20dp"
    },
    "_height_": {
        "type": "string",
        "value": "40dp"
    },
    "_left_": {
        "type": "string",
        "value": "20dp"
    },
    "_margin_": [
        6,
        6,
        6,
        6
    ],
    "_padding_": [
        0,
        0,
        0,
        0
    ],
    "_right_": {
        "type": "string",
        "value": "20dp"
    },
    "_skin_": "s30d39ca8c744d388569c1d52d0824b6",
    "_text_": "Try Again",
    "accessibilityconfig": {
        "a11yLabel": "Try Again"
    },
    "canUpdateUI": true,
    "containerweight": 100,
    "contentalignment": 5,
    "disabledSkins": {},
    "displaytext": true,
    "focusskin": "sd85a0f475ff4b3b9f0a5e4b82f68213",
    "id": "btnDone",
    "info": null,
    "iscustomlayout": false,
    "isvisible": true,
    "kuid": "b6f0789ddc8f4c3fbdfa77d0211e98db",
    "name": "kony.ui.Button",
    "parent": "flxSuccess",
    "pf": "frmFeedBackSuccess",
    "retaincontentalignment": false,
    "retainflexpositionproperties": false,
    "texti18n": "kony.mb.common.done",
    "wType": "Button",
    "zindex": 1
}