{
    "@class": "com.kony.gen.viz.model.component.KVizUserWidget",
    "DNDConfig": null,
    "__parentReadjusting__": false,
    "_android_": {
        "render": true
    },
    "_androidwearos_": {},
    "_children_": [],
    "_desktopweb_": {},
    "_height_": {
        "type": "string",
        "value": "100%"
    },
    "_ipad_": {},
    "_iphone_": {
        "render": true
    },
    "_kiosk_": {},
    "_left_": {
        "type": "string",
        "value": "0dp"
    },
    "_margin_": [
        0,
        0,
        0,
        0
    ],
    "_orientation_": 1,
    "_padding_": [
        0,
        0,
        0,
        0
    ],
    "_percent_": true,
    "_render_": true,
    "_skin_": "s966eaf1ea1441148b4828270a782f8b",
    "_spa_": {},
    "_spaan_": {
        "render": true
    },
    "_spaandroidtablet_": {},
    "_spabb_": {
        "render": true
    },
    "_spaip_": {
        "render": true
    },
    "_spaipad_": {},
    "_spamobile_": {},
    "_spatablet_": {},
    "_spawindowstablet_": {},
    "_spawinphone8_": {
        "render": true
    },
    "_tabrcandroid_": {},
    "_top_": {
        "type": "string",
        "value": "0dp"
    },
    "_vizProps_": {
        "hidewidgethierarchy": false
    },
    "_width_": {
        "type": "string",
        "value": "100%"
    },
    "_windows10_": {},
    "_windows8_": {},
    "_winphone10_": {},
    "_winphone8_": {
        "render": true
    },
    "areflexpropsreferenced": false,
    "canUpdateUI": true,
    "clipbounds": false,
    "containerweight": 0,
    "dataDiffs": {
        "btnLeft": {
            "__events__": {},
            "__info__": {
                "kuid": "f9820278113d4e7b811ab6a1c55cab98",
                "srcKUID": "a92fc4f8fe924a5a95a2b7f3de772c04",
                "wType": "Button"
            }
        },
        "btnRight": {
            "__events__": {},
            "__info__": {
                "kuid": "c4a2f49cfa7540ab80f23b91694f0308",
                "srcKUID": "a4ee84ad1d214582898217af1d05a7d5",
                "wType": "Button"
            },
            "i18n_text": "kony.mb.common.close",
            "isVisible": false,
            "text": "Close"
        },
        "customHeader": {
            "__events__": {},
            "__info__": {
                "isRoot": true,
                "kuid": "eed3ccee0093419bbc4ffae2c059dd2b",
                "srcKUID": "cf270a797f14497bb1bba45b251f1a06",
                "wType": "FlexContainer"
            }
        },
        "flxBack": {
            "__events__": {
                "ide_onClick": "AS_FlexContainer_fcac5df801a94a0aa2941fdb5cc285d7"
            },
            "__info__": {
                "kuid": "db385ba181c24fefafa622e28fbfbbc7",
                "srcKUID": "dd5ab076f18a49149f542c0d2b517ac2",
                "wType": "FlexContainer"
            },
            "isVisible": true
        },
        "flxHeader": {
            "__events__": {},
            "__info__": {
                "kuid": "gd1b39141dec4ae5a2f3d687817904c4",
                "srcKUID": "d9ee03385e1f41a79b8e123b6dda48c5",
                "wType": "FlexContainer"
            }
        },
        "flxHeaderShadow": {
            "__events__": {},
            "__info__": {
                "kuid": "a213fb3aca9744ca89f03e653d2b5b2d",
                "srcKUID": "fd3eb3ca751e4798b59a12af8de4fd04",
                "wType": "FlexContainer"
            }
        },
        "flxSearch": {
            "__events__": {},
            "__info__": {
                "kuid": "jdc8b446c8324d58882142f7be1c6c30",
                "srcKUID": "f46eab5e257a4a5faca8d9c8b16f58bb",
                "wType": "FlexContainer"
            },
            "isVisible": false
        },
        "imgBack": {
            "__events__": {},
            "__info__": {
                "kuid": "d9781141a1184222b087d54438f29734",
                "srcKUID": "a54167a680ef4852826dcbc71ac31f89",
                "wType": "Image"
            },
            "isVisible": false,
            "src": "backbutton.png"
        },
        "imgSearch": {
            "__events__": {},
            "__info__": {
                "kuid": "g43314b94d7548f79c21b4fa80c9e417",
                "srcKUID": "d5b6a4c443884b6e920a9e69bfa3cf50",
                "wType": "Image"
            },
            "src": "searchicon.png"
        },
        "lblLocateUs": {
            "__events__": {},
            "__info__": {
                "kuid": "j2619310aed94338ada80d0b0748c145",
                "srcKUID": "c6589a12cf8e43e685fa0a5b4a9223f6",
                "wType": "Label"
            },
            "i18n_text": "kony.mb.feedback.feedback",
            "left": {
                "Default": {
                    "type": "string",
                    "value": "40%"
                }
            },
            "text": "Error"
        }
    },
    "id": "customHeader",
    "info": null,
    "iscustomlayout": false,
    "isdatareferenced": false,
    "isvisible": true,
    "kuid": "eed3ccee0093419bbc4ffae2c059dd2b",
    "layouttype": 2,
    "masterType": 0,
    "name": "kony.ui.UserWidgetInstance",
    "parent": "flxHeader",
    "pf": "frmFeedBackSuccess",
    "retaincontentalignment": false,
    "retainflexpositionproperties": false,
    "snaptogrid": true,
    "sourceUserWidget": "cf270a797f14497bb1bba45b251f1a06",
    "wType": "UserWidgetInstance"
}