{
    "@class": "com.kony.gen.viz.model.component.KVizLabel",
    "DNDConfig": null,
    "__parentReadjusting__": false,
    "_height_": {
        "type": "ref",
        "value": "preferred"
    },
    "_left_": {
        "type": "string",
        "value": "20dp"
    },
    "_margin_": [
        1,
        1,
        1,
        1
    ],
    "_padding_": [
        0,
        0,
        0,
        0
    ],
    "_right_": {
        "type": "number",
        "value": "20"
    },
    "_skin_": "s25a55ee79e04ec0aaf35a09fdbd4091",
    "_text_": "Label",
    "_top_": {
        "type": "string",
        "value": "90dp"
    },
    "_width_": {
        "type": "ref",
        "value": "preferred"
    },
    "_wrapping_": 2,
    "android": {
        "textStyle": {
            "letterSpacing": 0,
            "strikeThrough": false
        }
    },
    "canUpdateUI": true,
    "centerx": {
        "type": "string",
        "value": "50%"
    },
    "containerweight": 100,
    "contentalignment": 5,
    "id": "lblSuccessText",
    "info": null,
    "ipad": {
        "psp": {
            "wrapping": 2
        }
    },
    "iphone": {
        "psp": {
            "wrapping": 2
        }
    },
    "iscustomlayout": false,
    "isvisible": true,
    "kuid": "b7e9cc7343854cc29e48f926fba5aa66",
    "name": "kony.ui.Label",
    "parent": "flxSuccessContainer",
    "pf": "frmFeedBackSuccess",
    "retaincontentalignment": false,
    "retainflexpositionproperties": false,
    "texti18n": "kony.feedback.ratingsuccess",
    "textstyle": {},
    "tooltip": "",
    "wType": "Label",
    "zindex": 1
}