{
    "@class": "com.kony.gen.viz.model.component.KVizButton",
    "DNDConfig": null,
    "__parentReadjusting__": false,
    "_height_": {
        "type": "string",
        "value": "40dp"
    },
    "_margin_": [
        6,
        6,
        6,
        6
    ],
    "_padding_": [
        0,
        0,
        0,
        0
    ],
    "_skin_": "s30d39ca8c744d388569c1d52d0824b6",
    "_text_": "BOOK APPOINTMENT",
    "_top_": {
        "type": "string",
        "value": "20dp"
    },
    "_width_": {
        "type": "string",
        "value": "87.50%"
    },
    "accessibilityconfig": {
        "a11yLabel": "BOOK APPOINTMENT"
    },
    "canUpdateUI": true,
    "centerx": {
        "type": "string",
        "value": "50%"
    },
    "containerweight": 100,
    "contentalignment": 5,
    "disabledSkins": {},
    "displaytext": true,
    "focusskin": "sd85a0f475ff4b3b9f0a5e4b82f68213",
    "id": "btnBookAppointment",
    "info": null,
    "isvisible": false,
    "kuid": "e0af1a592c7940649615f42ada322f54",
    "name": "kony.ui.Button",
    "parent": "flxSupportData",
    "pf": "frmSupport",
    "text18n": "kony.mb.Support.BookAppointment",
    "texti18n": "kony.mb.Support.BookAppointment",
    "wType": "Button",
    "zindex": 1,
    "iphone": {
        "psp": {
            "showProgressIndicator": false
        }
    }
}