{
    "@class": "com.kony.gen.viz.model.component.KVizButton",
    "DNDConfig": null,
    "__parentReadjusting__": false,
    "_height_": {
        "type": "string",
        "value": "40dp"
    },
    "_margin_": [
        6,
        6,
        6,
        6
    ],
    "_padding_": [
        0,
        0,
        0,
        0
    ],
    "_skin_": "s30d39ca8c744d388569c1d52d0824b6",
    "_text_": "CALL BRANCH",
    "_top_": {
        "type": "string",
        "value": "63dp"
    },
    "_width_": {
        "type": "string",
        "value": "87.50%"
    },
    "accessibilityconfig": {
        "a11yHint": "Tap Call Us to call a branch",
        "a11yLabel": "Call Us"
    },
    "canUpdateUI": true,
    "centerx": {
        "type": "string",
        "value": "50%"
    },
    "containerweight": 100,
    "contentalignment": 5,
    "disabledSkins": {},
    "displaytext": true,
    "focusskin": "sd85a0f475ff4b3b9f0a5e4b82f68213",
    "id": "btnCallBranch",
    "info": null,
    "iphone": {
        "psp": {
            "showProgressIndicator": false
        }
    },
    "isvisible": true,
    "kuid": "d148c2f82ca84fa7961894b884761a1f",
    "name": "kony.ui.Button",
    "parent": "flxSupportData",
    "pf": "frmSupport",
    "showprogressindicator": false,
    "text18n": "kony.mb.Support.CallBranch",
    "texti18n": "kony.mb.Support.CallBranch",
    "wType": "Button",
    "zindex": 1
}