{
    "@class": "com.kony.gen.viz.model.component.KVizUserWidget",
    "DNDConfig": null,
    "__parentReadjusting__": false,
    "_children_": [],
    "_height_": {
        "type": "string",
        "value": "100%"
    },
    "_left_": {
        "type": "string",
        "value": "0dp"
    },
    "_margin_": [
        0,
        0,
        0,
        0
    ],
    "_orientation_": 1,
    "_padding_": [
        0,
        0,
        0,
        0
    ],
    "_percent_": true,
    "_render_": true,
    "_skin_": "s966eaf1ea1441148b4828270a782f8b",
    "_top_": {
        "type": "string",
        "value": "0dp"
    },
    "_width_": {
        "type": "string",
        "value": "100%"
    },
    "areflexpropsreferenced": false,
    "autogrowmode": 0,
    "canUpdateUI": true,
    "clipbounds": true,
    "containerweight": 0,
    "dataDiffs": {
        "customPopup": {
            "__events__": {},
            "__info__": {
                "isRoot": true,
                "kuid": "ab9e456e061848aaa57321edab4db88f",
                "srcKUID": "ie413e7d00ff441480a402d8b73f47f4",
                "wType": "FlexContainer"
            }
        },
        "flxPopupWrapper": {
            "__events__": {},
            "__info__": {
                "kuid": "e0800801f3e04824a475dd7a175d51f1",
                "srcKUID": "f56145d08fa2451fb9475e5d2bc6a01d",
                "wType": "FlexContainer"
            }
        },
        "imgPopup": {
            "__events__": {},
            "__info__": {
                "kuid": "a5eb34965d63432eb56c47b8b5dc0c9c",
                "srcKUID": "f4638082e0dc4d7c9a5f12dbb322786e",
                "wType": "Image"
            }
        },
        "lblPopup": {
            "__events__": {},
            "__info__": {
                "kuid": "fe069531c6854bcf8f73fce90d02b92f",
                "srcKUID": "gc00deb3138044cd9f219a4d21d5533c",
                "wType": "Label"
            }
        }
    },
    "id": "customPopup",
    "info": null,
    "iscustomlayout": false,
    "isdatareferenced": false,
    "isvisible": true,
    "kuid": "b38cbbeef7d446b4afb09af2b7f5366a",
    "layouttype": 3,
    "masterType": 0,
    "name": "kony.ui.UserWidgetInstance",
    "parent": "flxPopup",
    "pf": "frmBillPay",
    "retaincontentalignment": false,
    "retainflexpositionproperties": false,
    "snaptogrid": true,
    "sourceUserWidget": "ie413e7d00ff441480a402d8b73f47f4",
    "vizprops": {
        "hidewidgethierarchy": false
    },
    "wType": "UserWidgetInstance"
}