{
    "@class": "com.kony.gen.viz.model.component.KVizUserWidget",
    "DNDConfig": null,
    "__parentReadjusting__": false,
    "_children_": [],
    "_height_": {
        "type": "string",
        "value": "100%"
    },
    "_left_": {
        "type": "string",
        "value": "0dp"
    },
    "_margin_": [
        0,
        0,
        0,
        0
    ],
    "_orientation_": 1,
    "_padding_": [
        0,
        0,
        0,
        0
    ],
    "_percent_": true,
    "_render_": true,
    "_skin_": "s966eaf1ea1441148b4828270a782f8b",
    "_top_": {
        "type": "string",
        "value": "0dp"
    },
    "_width_": {
        "type": "string",
        "value": "100%"
    },
    "areflexpropsreferenced": false,
    "canUpdateUI": true,
    "clipbounds": false,
    "containerweight": 0,
    "dataDiffs": {
        "btnLeft": {
            "__events__": {},
            "__info__": {
                "kuid": "f187fd560c964aaab3fb757823cd0fac",
                "srcKUID": "a92fc4f8fe924a5a95a2b7f3de772c04",
                "wType": "Button"
            }
        },
        "btnRight": {
            "__events__": {},
            "__info__": {
                "kuid": "adff8af064dc47f2a9af1276bc7d1c0d",
                "srcKUID": "a4ee84ad1d214582898217af1d05a7d5",
                "wType": "Button"
            }
        },
        "customHeader": {
            "__events__": {},
            "__info__": {
                "isRoot": true,
                "kuid": "e637dd3b624f4bb8acc551ccb3fe0dec",
                "srcKUID": "cf270a797f14497bb1bba45b251f1a06",
                "wType": "FlexContainer"
            }
        },
        "flxBack": {
            "__events__": {
                "ide_onClick": "AS_FlexContainer_f98b6984f959464496cac0e98bd4e1e0"
            },
            "__info__": {
                "kuid": "a68028d6de91446a9ddb39076f317b64",
                "srcKUID": "dd5ab076f18a49149f542c0d2b517ac2",
                "wType": "FlexContainer"
            }
        },
        "flxHeader": {
            "__events__": {},
            "__info__": {
                "kuid": "j9e96223ed0944cca4f3cf03e8b484d7",
                "srcKUID": "d9ee03385e1f41a79b8e123b6dda48c5",
                "wType": "FlexContainer"
            }
        },
        "flxHeaderShadow": {
            "__events__": {},
            "__info__": {
                "kuid": "efb8d4ee13514f4eb7998fe7e0fa77d8",
                "srcKUID": "fd3eb3ca751e4798b59a12af8de4fd04",
                "wType": "FlexContainer"
            }
        },
        "flxSearch": {
            "__events__": {},
            "__info__": {
                "kuid": "he74e5781e0f4d42b1332bc48f9af949",
                "srcKUID": "f46eab5e257a4a5faca8d9c8b16f58bb",
                "wType": "FlexContainer"
            },
            "isVisible": false
        },
        "imgBack": {
            "__events__": {},
            "__info__": {
                "kuid": "cacb2665edf24eb1b181ad72439b02ac",
                "srcKUID": "a54167a680ef4852826dcbc71ac31f89",
                "wType": "Image"
            }
        },
        "imgSearch": {
            "__events__": {},
            "__info__": {
                "kuid": "bc98aef5bd3e45c0841e9b09267da261",
                "srcKUID": "d5b6a4c443884b6e920a9e69bfa3cf50",
                "wType": "Image"
            }
        },
        "lblLocateUs": {
            "__events__": {},
            "__info__": {
                "kuid": "d46eeab2bede4b79bb8067f9ce395d94",
                "srcKUID": "c6589a12cf8e43e685fa0a5b4a9223f6",
                "wType": "Label"
            },
            "text": "Support",
            "i18n_text": "kony.mb.Hamburger.Contactus"
        }
    },
    "id": "customHeader",
    "info": null,
    "iscustomlayout": false,
    "isdatareferenced": false,
    "isvisible": true,
    "kuid": "e637dd3b624f4bb8acc551ccb3fe0dec",
    "layouttype": 2,
    "masterType": 0,
    "name": "kony.ui.UserWidgetInstance",
    "parent": "flxHeader",
    "pf": "frmSupport",
    "retaincontentalignment": false,
    "retainflexpositionproperties": false,
    "sourceUserWidget": "cf270a797f14497bb1bba45b251f1a06",
    "wType": "UserWidgetInstance"
}