{
    "@class": "com.kony.gen.viz.model.component.KVizUserWidget",
    "DNDConfig": null,
    "__parentReadjusting__": false,
    "_children_": [],
    "_height_": {
        "type": "string",
        "value": "60dp"
    },
    "_left_": {
        "type": "string",
        "value": "0dp"
    },
    "_margin_": [
        0,
        0,
        0,
        0
    ],
    "_orientation_": 1,
    "_padding_": [
        0,
        0,
        0,
        0
    ],
    "_percent_": true,
    "_render_": true,
    "_skin_": "s7b436962d6a4647b197083ac7d03d38",
    "_top_": {
        "type": "string",
        "value": "0dp"
    },
    "_width_": {
        "type": "string",
        "value": "100%"
    },
    "areflexpropsreferenced": false,
    "canUpdateUI": true,
    "clipbounds": false,
    "containerweight": 0,
    "dataDiffs": {
        "customFooter": {
            "__events__": {},
            "__info__": {
                "isRoot": true,
                "kuid": "d1d3a5ab3db440988359b989c7ca0831",
                "srcKUID": "ee365a90ac944dd08f3a7b71c16c0fb3",
                "wType": "FlexContainer"
            }
        },
        "flxAccSelect": {
            "__events__": {},
            "__info__": {
                "kuid": "i28ab5b4fbc94419b0c77b3907c194e2",
                "srcKUID": "edd3ca8c3bbc43fdb471136dff93a1dc",
                "wType": "FlexContainer"
            },
            "isVisible": false
        },
        "flxAccounts": {
            "__events__": {},
            "__info__": {
                "kuid": "ibe37221779140f9a308857ae229b67f",
                "srcKUID": "f897ae694949489f80a3e5ada858a8bc",
                "wType": "FlexContainer"
            }
        },
        "flxBillPay": {
            "__events__": {},
            "__info__": {
                "kuid": "bda5ad0d7dc84c4f9fe0f8b71310dcdb",
                "srcKUID": "ad2f337e4c7d47a29e6004285b17075f",
                "wType": "FlexContainer"
            }
        },
        "flxBillSelected": {
            "__events__": {},
            "__info__": {
                "kuid": "e468fab911874aa1be2b84301e3819d4",
                "srcKUID": "efa5006af84141faabfb6ba4e77f39b3",
                "wType": "FlexContainer"
            },
            "isVisible": false
        },
        "flxContainer": {
            "__events__": {},
            "__info__": {
                "kuid": "g04aec8ce48441f49fd758f9ecd61278",
                "srcKUID": "a2bdd76f897f4700947cdc5831d025fb",
                "wType": "FlexContainer"
            }
        },
        "flxMore": {
            "__events__": {},
            "__info__": {
                "kuid": "e654152ba3b54123880e16431982a8bf",
                "srcKUID": "c57c812244d44cd6a22a386b817983cc",
                "wType": "FlexContainer"
            }
        },
        "flxMoreSelect": {
            "__events__": {},
            "__info__": {
                "kuid": "a15e3d982cdc43a7a765587137936ae6",
                "srcKUID": "d44abf5d36bb4f798a3a74997c3d431b",
                "wType": "FlexContainer"
            }
        },
        "flxTransfer": {
            "__events__": {},
            "__info__": {
                "kuid": "f94680715e4a4a5fb7f56f1b937be421",
                "srcKUID": "gefcd6fa81094c219787659bb633513f",
                "wType": "FlexContainer"
            }
        },
        "flxTransferSel": {
            "__events__": {},
            "__info__": {
                "kuid": "i4fbb4865cd34df48e54bb0882d1b30f",
                "srcKUID": "j47f2ec2c9aa4769a5a5a5f391c4eccf",
                "wType": "FlexContainer"
            },
            "isVisible": false
        },
        "flxTypeOneShadow": {
            "__events__": {},
            "__info__": {
                "kuid": "aaf3b71156ad4e75923e96d2cc1e0678",
                "srcKUID": "idc4e825cff344e7a6f70eb33e68e813",
                "wType": "FlexContainer"
            }
        },
        "imgAccounts": {
            "__events__": {},
            "__info__": {
                "kuid": "d38700bd6aa145f3bc28f2d9f4d4dee8",
                "srcKUID": "d8607e26bc8e4bdeb7f28ff6cbc0a353",
                "wType": "Image"
            }
        },
        "imgBillPay": {
            "__events__": {},
            "__info__": {
                "kuid": "g3014f337d604b4e872ecf8b40e33119",
                "srcKUID": "c311ac836ed6441787c0364555e1aa9b",
                "wType": "Image"
            }
        },
        "imgMore": {
            "__events__": {},
            "__info__": {
                "kuid": "h6315b9e2fd94504b8e42cee7d0fde3a",
                "srcKUID": "daf0d4a66d064a329f49163b460efe1f",
                "wType": "Image"
            }
        },
        "imgTransfer": {
            "__events__": {},
            "__info__": {
                "kuid": "d3be04adb561467abb7218b8cf855273",
                "srcKUID": "abd4eccaab1c4bda89c7807c17e5fbe1",
                "wType": "Image"
            }
        },
        "lblAccounts": {
            "__events__": {},
            "__info__": {
                "kuid": "bfd6154e5e0d40a79ef49361eec2cf93",
                "srcKUID": "aaf2ab35d432473b9c1a4dac93cbebe6",
                "wType": "Label"
            }
        },
        "lblBillPay": {
            "__events__": {},
            "__info__": {
                "kuid": "fa31a8d8fdab4508afd1144780364209",
                "srcKUID": "d12314c85bfc428f9a77a1e1bd91c3a8",
                "wType": "Label"
            }
        },
        "lblMore": {
            "__events__": {},
            "__info__": {
                "kuid": "cb32e4f6dace4ef6a23e578728c1118f",
                "srcKUID": "h7fd0beae4ec4b3cb6ad5f00a6eff4a5",
                "wType": "Label"
            }
        },
        "lblTransfer": {
            "__events__": {},
            "__info__": {
                "kuid": "deb9123d70194bf3a2852c58d84072ec",
                "srcKUID": "ffebf87580944641b9b87adbfbdd6023",
                "wType": "Label"
            }
        }
    },
    "id": "customFooter",
    "info": null,
    "iscustomlayout": false,
    "isdatareferenced": false,
    "isvisible": true,
    "kuid": "fd8db448248b4fe2867a1e26fc8390c0",
    "layouttype": 2,
    "masterType": 0,
    "name": "kony.ui.UserWidgetInstance",
    "parent": "flxFooter",
    "pf": "frmSupport",
    "retaincontentalignment": false,
    "retainflexpositionproperties": false,
    "sourceUserWidget": "ee365a90ac944dd08f3a7b71c16c0fb3",
    "wType": "UserWidgetInstance",
    "zindex": 300
}