{
    "DNDConfig": null,
    "__parentReadjusting__": false,
    "_bottom_": {
        "type": "string",
        "value": "0dp"
    },
    "_height_": {
        "type": "string",
        "value": "7.04%"
    },
    "_left_": {
        "type": "string",
        "value": "0dp"
    },
    "_margin_": [
        0,
        0,
        0,
        0
    ],
    "_orientation_": 6,
    "_padding_": [
        0,
        0,
        0,
        0
    ],
    "_percent_": true,
    "_skin_": "s7b436962d6a4647b197083ac7d03d38",
    "_width_": {
        "type": "string",
        "value": "100%"
    },
    "allboxes": [],
    "autogrowmode": 0,
    "canUpdateUI": true,
    "children": [
        "lblAppVersion",
        "flxShadowTwo"
    ],
    "clipbounds": true,
    "containerweight": 100,
    "enablescrolling": true,
    "id": "flxAppVersion",
    "info": null,
    "iphone": {
        "bottom": {
            "type": "string",
            "value": "0dp"
        }
    },
    "isvisible": true,
    "kuid": "d9378135bad844569f914d63ed4d6fff",
    "layouttype": 2,
    "name": "kony.ui.FlexContainer",
    "parent": "frmSupport",
    "pf": "frmSupport",
    "snapgridsize": 10,
    "snaptogrid": true,
    "wType": "FlexContainer",
    "widgetalignment": 1,
    "zindex": 1
}