{
    "DNDConfig": null,
    "__parentReadjusting__": false,
    "_bottom_": {
        "type": "string",
        "value": "0dp"
    },
    "_left_": {
        "type": "string",
        "value": "0dp"
    },
    "_margin_": [
        0,
        0,
        0,
        0
    ],
    "_orientation_": 6,
    "_padding_": [
        0,
        0,
        0,
        0
    ],
    "_percent_": true,
    "_skin_": "s8c2fc8845c94af48a5eb6ecaf6eed68",
    "_top_": {
        "type": "string",
        "value": "0dp"
    },
    "_width_": {
        "type": "string",
        "value": "100%"
    },
    "allboxes": [],
    "autogrowmode": 0,
    "canUpdateUI": true,
    "children": [
        "flxHamburgerWrapper"
    ],
    "clipbounds": true,
    "containerweight": 100,
    "enablescrolling": true,
    "id": "flxHamburger",
    "info": null,
    "iphone": {
        "bottom": {
            "type": "string",
            "value": "60dp"
        }
    },
    "iscustomlayout": false,
    "isvisible": false,
    "kuid": "eb44d73c78cf43f7a54fc17e25c50616",
    "layouttype": 2,
    "name": "kony.ui.FlexContainer",
    "parent": "frmSupport",
    "pf": "frmSupport",
    "retaincontentalignment": false,
    "retainflexpositionproperties": false,
    "snapgridsize": 10,
    "snaptogrid": true,
    "wType": "FlexContainer",
    "widgetalignment": 1,
    "zindex": 200
}