{
    "DNDConfig": null,
    "_height_": {
        "type": "string",
        "value": "59%"
    },
    "_left_": {
        "type": "string",
        "value": "0dp"
    },
    "_margin_": [
        0,
        0,
        0,
        0
    ],
    "_orientation_": 6,
    "_padding_": [
        0,
        0,
        0,
        0
    ],
    "_percent_": true,
    "_skin_": "secff68ee7904525acebc42c36c39094",
    "_top_": {
        "type": "string",
        "value": "0dp"
    },
    "_width_": {
        "type": "string",
        "value": "100%"
    },
    "allboxes": [],
    "autogrowmode": 0,
    "canUpdateUI": true,
    "children": [
        "lblBankTimingsTitle",
        "segTimings",
        "btnCallBranch",
        "btnBookAppointment"
    ],
    "clipbounds": true,
    "containerweight": 100,
    "enablescrolling": true,
    "id": "flxSupportData",
    "info": null,
    "isvisible": true,
    "kuid": "cbba04e8fbce45e09da7a7e359a4354a",
    "layouttype": 4,
    "name": "kony.ui.FlexContainer",
    "parent": "flxSupportMain",
    "pf": "frmSupport",
    "snapgridsize": 10,
    "snaptogrid": true,
    "wType": "FlexContainer",
    "widgetalignment": 1,
    "zindex": 1
}