{
    "@class": "com.kony.gen.viz.model.component.KVizUserWidget",
    "DNDConfig": null,
    "__parentReadjusting__": false,
    "_children_": [],
    "_height_": {
        "type": "string",
        "value": "100%"
    },
    "_left_": {
        "type": "string",
        "value": "0dp"
    },
    "_margin_": [
        0,
        0,
        0,
        0
    ],
    "_orientation_": 1,
    "_padding_": [
        0,
        0,
        0,
        0
    ],
    "_percent_": true,
    "_render_": true,
    "_skin_": "s7b436962d6a4647b197083ac7d03d39",
    "_top_": {
        "type": "string",
        "value": "0dp"
    },
    "_width_": {
        "type": "string",
        "value": "100%"
    },
    "areflexpropsreferenced": false,
    "canUpdateUI": true,
    "clipbounds": true,
    "containerweight": 0,
    "dataDiffs": {
        "Hamburger": {
            "__events__": {},
            "__info__": {
                "isRoot": true,
                "kuid": "c40788123dd34216b5ea3cfcc4285430",
                "srcKUID": "f9a1c2ec759e41a899645786bb0cc7f0",
                "wType": "FlexContainer"
            }
        },
        "flxHamburger": {
            "__events__": {},
            "__info__": {
                "kuid": "da67a142a06441b9be09416bc8ec5851",
                "srcKUID": "ce17f5e419c74b2abecbd4bc92666c3f",
                "wType": "FlexContainer"
            }
        },
        "flxHeader": {
            "__events__": {},
            "__info__": {
                "kuid": "b706bd0dfd0540509569f01b5ba08d58",
                "srcKUID": "c1f5ccbbc0a948d0bdd4f0601f8967bb",
                "wType": "FlexContainer"
            }
        },
        "flxHeaderMain": {
            "__events__": {},
            "__info__": {
                "kuid": "aa56d2a891f14382bd6c4cdc5dd1b86f",
                "srcKUID": "ab39f8eb29814f19b51cbf59776fe667",
                "wType": "FlexContainer"
            }
        },
        "flxHeaderShadow": {
            "__events__": {},
            "__info__": {
                "kuid": "a3d9b1fe827341078d11309287d9f830",
                "srcKUID": "fc24c156a3a24e5eb8c57ea8d8553c3e",
                "wType": "FlexContainer"
            }
        },
        "flxMenu": {
            "__events__": {},
            "__info__": {
                "kuid": "e1a4fa8e7abd4878b69c13f83f4176f4",
                "srcKUID": "d331ff8415bc49eabac41eb4e12d04ee",
                "wType": "FlexScrollContainer"
            }
        },
        "flxShadow": {
            "__events__": {},
            "__info__": {
                "kuid": "ce009c4fc83b48759f6f5b01dec3918f",
                "srcKUID": "ac1a9339c3ca4c2981c849688720818c",
                "wType": "FlexContainer"
            }
        },
        "imgLogout": {
            "__events__": {},
            "__info__": {
                "kuid": "b7d294169e624015a9fd845639a1157d",
                "srcKUID": "i090a2d20e5c4991b029c8c2e1cb415e",
                "wType": "Image"
            }
        },
        "imgUser": {
            "__events__": {},
            "__info__": {
                "kuid": "h2a80b39dfc746daa57ab37406fb0469",
                "srcKUID": "f639aebdb9ee41e19c2eacddaba44285",
                "wType": "Image"
            }
        },
        "lblLastLogin": {
            "__events__": {},
            "__info__": {
                "kuid": "h547c418cba448d9b692a65efe724890",
                "srcKUID": "c34d3212705642f38b0946e5fba10429",
                "wType": "Label"
            }
        },
        "lblUsername": {
            "__events__": {},
            "__info__": {
                "kuid": "dcb9f9032b444c0b9ae7c88f9ea7bda7",
                "srcKUID": "b9a9243d98f648db9263c76ae244ba54",
                "wType": "Label"
            }
        },
        "segHamburger": {
            "__events__": {},
            "__info__": {
                "kuid": "efab8742c80c439fa6ca4a5fc97652e3",
                "srcKUID": "i7c0315b26634699bd71f8b2bf04a470",
                "wType": "Segment"
            }
        }
    },
    "id": "Hamburger",
    "info": null,
    "iscustomlayout": false,
    "isdatareferenced": false,
    "isvisible": true,
    "kuid": "b6d63f44f71344c1994cb7e11397f1e1",
    "layouttype": 2,
    "masterType": 0,
    "name": "kony.ui.UserWidgetInstance",
    "parent": "flxHamburgerContainer",
    "pf": "frmSupport",
    "retaincontentalignment": false,
    "retainflexpositionproperties": false,
    "snaptogrid": true,
    "sourceUserWidget": "f9a1c2ec759e41a899645786bb0cc7f0",
    "wType": "UserWidgetInstance"
}