{
    "@class": "com.kony.gen.viz.model.component.KVizLabel",
    "DNDConfig": null,
    "__parentReadjusting__": false,
    "_height_": {
        "type": "ref",
        "value": "preferred"
    },
    "_margin_": [
        1,
        1,
        1,
        1
    ],
    "_padding_": [
        0,
        0,
        0,
        0
    ],
    "_skin_": "s68a926f6c5a4cc397599183adf07d62",
    "_text_": "App Version 3.2",
    "_width_": {
        "type": "ref",
        "value": "preferred"
    },
    "_wrapping_": 2,
    "android": {
        "textStyle": {
            "letterSpacing": 0,
            "strikeThrough": false
        }
    },
    "canUpdateUI": true,
    "centerx": {
        "type": "string",
        "value": "50%"
    },
    "centery": {
        "type": "string",
        "value": "50%"
    },
    "containerweight": 100,
    "contentalignment": 4,
    "id": "lblAppVersion",
    "info": null,
    "ipad": {
        "psp": {
            "wrapping": 2
        }
    },
    "iphone": {
        "psp": {
            "wrapping": 2
        }
    },
    "isvisible": true,
    "kuid": "gb52cff113e24ae3912f8194d97b1bac",
    "name": "kony.ui.Label",
    "parent": "flxAppVersion",
    "pf": "frmSupport",
    "texti18n": "kony.mb.Support.AppVersion",
    "textstyle": {},
    "tooltip": "",
    "wType": "Label",
    "zindex": 1,
    "accessibilityconfig": {
        "a11yLabel": "Application Version"
    }
}