{
    "@class": "com.kony.gen.viz.model.component.KVizLabel",
    "DNDConfig": null,
    "__parentReadjusting__": false,
    "_height_": {
        "type": "ref",
        "value": "preferred"
    },
    "_left_": {
        "type": "string",
        "value": "20dp"
    },
    "_margin_": [
        1,
        1,
        1,
        1
    ],
    "_padding_": [
        0,
        0,
        0,
        0
    ],
    "_skin_": "s9c8aaafea034083a1bd2c04005272cf",
    "_text_": "Bank Timings",
    "_top_": {
        "type": "string",
        "value": "15dp"
    },
    "_width_": {
        "type": "ref",
        "value": "preferred"
    },
    "_wrapping_": 2,
    "accessibilityconfig": {
        "a11yLabel": "Bank Timings"
    },
    "android": {
        "textStyle": {
            "letterSpacing": 0,
            "strikeThrough": false
        }
    },
    "canUpdateUI": true,
    "containerweight": 100,
    "contentalignment": 4,
    "id": "lblBankTimingsTitle",
    "info": null,
    "ipad": {
        "psp": {
            "wrapping": 2
        }
    },
    "iphone": {
        "psp": {
            "wrapping": 2
        }
    },
    "isvisible": true,
    "kuid": "a22c971f75fc40a497a0a5e31a744855",
    "name": "kony.ui.Label",
    "parent": "flxSupportData",
    "pf": "frmSupport",
    "texti18n": "kony.mb.Support.BankTimingsTitle",
    "textstyle": {},
    "tooltip": "",
    "wType": "Label",
    "zindex": 1
}