{
    "@class": "com.kony.gen.viz.model.container.KVizSegment2",
    "DNDConfig": null,
    "__parentReadjusting__": false,
    "_data_": [
        {
            "imgArrow": {
                "@class": "com.viz.ide.model.segment.ImageSegmentData",
                "src": "chevron.png"
            },
            "lblTitle": {
                "@class": "com.viz.ide.model.segment.SimpleTextSegmentData",
                "i18nkey": "kony.mb.Support.HeaderFAQ",
                "text": "FAQs"
            }
        },
        {
            "imgArrow": {
                "@class": "com.viz.ide.model.segment.ImageSegmentData",
                "src": "chevron.png"
            },
            "lblTitle": {
                "@class": "com.viz.ide.model.segment.SimpleTextSegmentData",
                "i18nkey": "kony.mb.accountAggregation.TermsAndConditions",
                "text": "Terms & Conditions"
            }
        },
        {
            "imgArrow": {
                "@class": "com.viz.ide.model.segment.ImageSegmentData",
                "src": "chevron.png"
            },
            "lblTitle": {
                "@class": "com.viz.ide.model.segment.SimpleTextSegmentData",
                "i18nkey": "kony.mb.Support.HeaderPrivacyPolicy",
                "text": "Privacy Policy"
            }
        },
        {
            "imgArrow": {
                "@class": "com.viz.ide.model.segment.ImageSegmentData",
                "src": "chevron.png"
            },
            "lblTitle": {
                "@class": "com.viz.ide.model.segment.SimpleTextSegmentData",
                "i18nkey": "kony.mb.Support.Aboutus",
                "text": "About Us"
            }
        }
    ],
    "_height_": {
        "type": "ref",
        "value": "preferred"
    },
    "_indicator_": "none",
    "_left_": {
        "type": "string",
        "value": "0dp"
    },
    "_margin_": [
        0,
        0,
        0,
        0
    ],
    "_orientation_": 2,
    "_padding_": [
        0,
        0,
        0,
        0
    ],
    "_top_": {
        "type": "string",
        "value": "0dp"
    },
    "_width_": {
        "type": "string",
        "value": "100%"
    },
    "autogrowmode": 1,
    "canUpdateUI": true,
    "containerweight": 100,
    "counter": "03",
    "focusedindex": null,
    "focuseditem": null,
    "groupcells": false,
    "hasSections": false,
    "id": "segSupport",
    "info": null,
    "ipad": {
        "psp": {
            "indicator": "rowselect"
        }
    },
    "iphone": {
        "psp": {
            "indicator": "none"
        }
    },
    "isvisible": true,
    "kuid": "dc2eaa6e44f84e939480233d7ad9692c",
    "masterdata": {},
    "name": "kony.ui.SegmentedUI2",
    "needpageindicator": true,
    "pageoffdotimage": "pageoffdot.png",
    "pageondotimage": "pageondot.png",
    "paginationconfig": {
        "position": "bottom"
    },
    "parent": "flxSupportMain",
    "pf": "frmSupport",
    "retainselection": false,
    "rowTemplateId": "jbbcc232286b43a39680afe5c4f63e72",
    "rowcounter": 3,
    "rowfocusskin": "s02d7ca459a74168b4573e79b9d8efec",
    "rowskin": "s18472307db04580a2a9cb6f4681ebec",
    "rowtemplate": "flxSupport",
    "screenlevelwidget": false,
    "seccounter": 0,
    "sectionheaderskin": "s65e8b0a8be54624ac979cda71a22cac",
    "selectedRows": null,
    "selectedState": false,
    "selectedindex": null,
    "selectedindices": null,
    "selecteditems": null,
    "selectedsectionindex": 0,
    "selectionbehavior": "default",
    "separatorrequired": false,
    "showscrollbars": false,
    "viewtype": "tableview",
    "vizProps": {},
    "wType": "Segment",
    "widgetalignment": 5,
    "widgetdatamap": {
        "flxShadowOne": "flxShadowOne",
        "flxSupport": "flxSupport",
        "imgArrow": "imgArrow",
        "lblTitle": "lblTitle"
    },
    "zindex": 1
}