{
    "@class": "com.kony.gen.viz.model.container.KVizSegment2",
    "DNDConfig": null,
    "_data_": [
        {
            "lblTimeZone": {
                "@class": "com.viz.ide.model.segment.SimpleTextSegmentData",
                "i18nkey": "kony.mb.informationUI.timeZone",
                "text": ""
            },
            "lblTimingTitle": {
                "@class": "com.viz.ide.model.segment.SimpleTextSegmentData",
                "i18nkey": "kony.mb.support.MonToFri",
                "text": "Monday - Friday"
            },
            "lblTimingValue": {
                "@class": "com.viz.ide.model.segment.SimpleTextSegmentData",
                "i18nkey": "kony.mb.informationUI.time",
                "text": ""
            }
        },
        {
            "lblTimeZone": {
                "@class": "com.viz.ide.model.segment.SimpleTextSegmentData",
                "i18nkey": "kony.mb.informationUI.timeZone",
                "text": ""
            },
            "lblTimingTitle": {
                "@class": "com.viz.ide.model.segment.SimpleTextSegmentData",
                "i18nkey": "kony.mb.support.Sat",
                "text": "Saturday"
            },
            "lblTimingValue": {
                "@class": "com.viz.ide.model.segment.SimpleTextSegmentData",
                "i18nkey": "kony.mb.segtimings.lblTimingvalue",
                "text": ""
            }
        }
    ],
    "_height_": {
        "type": "ref",
        "value": "preferred"
    },
    "_indicator_": "none",
    "_left_": {
        "type": "string",
        "value": "0dp"
    },
    "_margin_": [
        0,
        0,
        0,
        0
    ],
    "_orientation_": 2,
    "_padding_": [
        0,
        0,
        0,
        0
    ],
    "_top_": {
        "type": "string",
        "value": "15dp"
    },
    "_width_": {
        "type": "string",
        "value": "100%"
    },
    "autogrowmode": 1,
    "canUpdateUI": true,
    "containerweight": 100,
    "counter": "01",
    "focusedindex": null,
    "focuseditem": null,
    "groupcells": false,
    "hasSections": false,
    "id": "segTimings",
    "info": null,
    "ipad": {
        "psp": {
            "indicator": "rowselect"
        }
    },
    "iphone": {
        "psp": {
            "indicator": "none"
        }
    },
    "isvisible": true,
    "kuid": "be177c114e974e5aa6cdacf77b3af8f8",
    "masterdata": {},
    "name": "kony.ui.SegmentedUI2",
    "needpageindicator": true,
    "pageoffdotimage": "pageoffdot.png",
    "pageondotimage": "pageondot.png",
    "paginationconfig": {
        "position": "bottom"
    },
    "parent": "flxSupportData",
    "pf": "frmSupport",
    "retainselection": false,
    "rowTemplateId": "bca3d67a1f264e72a055eab2c3838ae0",
    "rowcounter": 1,
    "rowfocusskin": "sec47134c53840738acea176209ff716",
    "rowskin": "s7edd442a0b84fcf8effd2349b7c3044",
    "rowtemplate": "flxBankTimings",
    "screenlevelwidget": false,
    "seccounter": 0,
    "sectionHeaderTemplateId": null,
    "sectionheaderskin": "s65e8b0a8be54624ac979cda71a22cac",
    "selectedRows": null,
    "selectedState": false,
    "selectedindex": null,
    "selectedindices": null,
    "selecteditems": null,
    "selectedsectionindex": null,
    "selectionbehavior": "default",
    "separatorrequired": false,
    "showscrollbars": false,
    "viewtype": "tableview",
    "vizProps": {},
    "wType": "Segment",
    "widgetalignment": 5,
    "widgetdatamap": {
        "flxBankTimings": "flxBankTimings",
        "lblTimeZone": "lblTimeZone",
        "lblTimingTitle": "lblTimingTitle",
        "lblTimingValue": "lblTimingValue"
    },
    "widgetskin": "s7edd442a0b84fcf8effd2349b7c3044",
    "zindex": 1
}