{
    "@class": "com.kony.gen.viz.model.component.KVizUserWidget",
    "DNDConfig": null,
    "_children_": [],
    "_height_": {
        "type": "string",
        "value": "410dp"
    },
    "_left_": "0dp",
    "_margin_": [
        0,
        0,
        0,
        0
    ],
    "_orientation_": 1,
    "_padding_": [
        0,
        0,
        0,
        0
    ],
    "_percent_": true,
    "_render_": true,
    "_skin_": "sf052fd82d224fc1a020a88977067dd5",
    "_top_": "0dp",
    "_width_": {
        "type": "string",
        "value": "100%"
    },
    "areflexpropsreferenced": false,
    "canUpdateUI": true,
    "clipbounds": true,
    "containerweight": 0,
    "dataDiffs": {
        "ImgAcknowledged": {
            "__events__": {},
            "__info__": {
                "kuid": "i0ddddebcb3f4cd3b875e097eebcd10f",
                "srcKUID": "eb0588a28ee74d2db420d16593d840c1",
                "wType": "Image"
            },
            "height": {},
            "responsiveData": {
                "b3": {
                    "height": {
                        "type": "string",
                        "value": "58dp"
                    },
                    "top": {
                        "type": "string",
                        "value": "150dp"
                    },
                    "width": {
                        "type": "string",
                        "value": "58dp"
                    }
                },
                "b4": {
                    "top": {
                        "type": "string",
                        "value": "150dp"
                    }
                }
            },
            "src": "success_green.png",
            "top": {
                "Default": {
                    "type": "string",
                    "value": "136dp"
                }
            },
            "width": {}
        },
        "acknowledgment": {
            "__events__": {},
            "__info__": {
                "isRoot": true,
                "kuid": "da791f971ebb4f5fb7a4313d1115e225",
                "srcKUID": "e66479ce61324162b247b2564cfb6ad3",
                "wType": "FlexContainer"
            },
            "autogrowMode": {
                "Default": 0
            },
            "height": {
                "Default": {
                    "type": "string",
                    "value": "410dp"
                }
            },
            "responsiveData": {
                "b3": {
                    "height": {
                        "type": "string",
                        "value": "380dp"
                    }
                },
                "b4": {
                    "isVisible": true,
                    "width": {
                        "type": "string",
                        "value": "100%"
                    }
                }
            },
            "width": {}
        },
        "confirmHeaders": {
            "__events__": {},
            "__info__": {
                "kuid": "da0e77fb35e74b5f8809219e557a6225",
                "srcKUID": "dc738b61741c430da2770f1479c13b42",
                "wType": "UserWidgetInstance"
            },
            "autogrowMode": {
                "Default": 0
            },
            "height": {},
            "responsiveData": {
                "b1": {
                    "height": {
                        "type": "string",
                        "value": "50dp"
                    }
                },
                "b3": {
                    "height": {
                        "type": "string",
                        "value": "40dp"
                    }
                }
            },
            "top": {
                "Default": {
                    "type": "string",
                    "value": "0dp"
                }
            }
        },
        "confirmHeaders.flxHeader": {
            "__events__": {},
            "__info__": {
                "kuid": "gf7e6e8cecd44085ab0b130337c24f15",
                "srcKUID": "b4fcbc13cd22469390c813039fd64585",
                "wType": "FlexContainer"
            },
            "autogrowMode": {
                "Default": 0
            },
            "height": {
                "Default": {
                    "type": "string",
                    "value": "50dp"
                }
            },
            "responsiveData": {
                "b1": {
                    "centerX": {
                        "type": "string",
                        "value": "50%"
                    },
                    "width": {
                        "type": "string",
                        "value": "95%"
                    }
                },
                "b3": {}
            },
            "top": {
                "Default": {
                    "type": "string",
                    "value": "0dp"
                }
            },
            "width": {
                "Default": {
                    "type": "string",
                    "value": "100%"
                }
            }
        },
        "confirmHeaders.lblHeading": {
            "__events__": {},
            "__info__": {
                "kuid": "if0b291f156b40d3bb66a3a9a43ec79e",
                "srcKUID": "da0fd6105f1042b69cc2a78624f17d3b",
                "wType": "Label"
            },
            "left": {
                "Default": {
                    "type": "string",
                    "value": "2.50%"
                }
            },
            "responsiveData": {
                "b1": {
                    "left": {
                        "type": "string",
                        "value": "2%"
                    }
                },
                "b3": {}
            },
            "top": {
                "Default": {
                    "type": "string",
                    "value": ""
                }
            }
        },
        "flxSeperator": {
            "__events__": {},
            "__info__": {
                "kuid": "c377549fc0d54912b092a3977bea74f2",
                "srcKUID": "d763320bf5f14ecd9c3d6db04875523a",
                "wType": "FlexContainer"
            },
            "centerX": {
                "Default": {
                    "type": "number",
                    "value": ""
                }
            },
            "left": {
                "Default": {
                    "type": "string",
                    "value": "0px"
                }
            },
            "responsiveData": {
                "b1": {
                    "centerX": {
                        "type": "string",
                        "value": "50%"
                    },
                    "left": {
                        "type": "string",
                        "value": "21px"
                    },
                    "width": {
                        "type": "string",
                        "value": "91%"
                    }
                },
                "b3": {}
            },
            "top": {
                "Default": {
                    "type": "string",
                    "value": "50dp"
                }
            },
            "width": {
                "Default": {
                    "type": "string",
                    "value": "100%"
                }
            }
        },
        "flxTakeSurvey": {
            "__events__": {},
            "__info__": {
                "kuid": "d897dc7b59914376b26f50872ebf6bcd",
                "srcKUID": "e4a184a33b68457284fc670871a06436",
                "wType": "FlexContainer"
            },
            "responsiveData": {
                "b3": {
                    "top": {
                        "type": "string",
                        "value": "325px"
                    },
                    "width": {
                        "type": "string",
                        "value": "50%"
                    }
                },
                "b4": {
                    "top": {
                        "type": "string",
                        "value": "340px"
                    }
                }
            },
            "top": {},
            "width": {
                "Default": {
                    "type": "string",
                    "value": "30%"
                }
            }
        },
        "lblRefrenceNumber": {
            "__events__": {},
            "__info__": {
                "kuid": "j935482d364942cf8de95635db334daf",
                "srcKUID": "b663f2a2e8934a5f9c7cb35008aab8f8",
                "wType": "Label"
            },
            "i18n_text": "i18n.CustomerFeedback.WoulduLikeToTakeATwoMinuteSurvey",
            "responsiveData": {
                "b3": {
                    "top": {
                        "type": "string",
                        "value": "230dp"
                    }
                },
                "b4": {
                    "top": {
                        "type": "string",
                        "value": "250dp"
                    }
                }
            },
            "top": {
                "Default": {
                    "type": "string",
                    "value": "224dp"
                }
            }
        },
        "lblRefrenceNumberValue": {
            "__events__": {},
            "__info__": {
                "kuid": "b4e65721c1b642ebb49e55189275c97b",
                "srcKUID": "e5bd612a69a745f8b808b279d6a78ad1",
                "wType": "Label"
            },
            "top": {
                "Default": {
                    "type": "string",
                    "value": "330dp"
                }
            }
        },
        "lblTakeSurvey": {
            "__events__": {},
            "__info__": {
                "kuid": "f48aed4913eb43b39c566e0d85deae38",
                "srcKUID": "c8cea539aff2491cb8101a07daf7ef59",
                "wType": "Label"
            },
            "responsiveData": {
                "b3": {
                    "top": {
                        "type": "string",
                        "value": "15dp"
                    }
                }
            },
            "top": {}
        },
        "lblTransactionMessage": {
            "__events__": {},
            "__info__": {
                "kuid": "be88c1b83e684728a23825afcbf82bee",
                "srcKUID": "bf5b9bd1e2524779a1925f823f6f74a1",
                "wType": "Label"
            },
            "i18n_text": "i18n.CustomerFeedback.ThankuForSubmittingYourFeedback",
            "left": {},
            "responsiveData": {
                "b3": {
                    "left": {
                        "type": "string",
                        "value": "89dp"
                    },
                    "top": {
                        "type": "string",
                        "value": "75px"
                    }
                }
            },
            "top": {
                "Default": {
                    "type": "string",
                    "value": "90px"
                }
            }
        }
    },
    "id": "acknowledgment",
    "info": null,
    "isdatareferenced": false,
    "isvisible": true,
    "kuid": "a8afa6a06e4f424e8459f09f83f948ff",
    "layouttype": 2,
    "masterType": 0,
    "name": "kony.ui.UserWidgetInstance",
    "parent": "flxAcknowledgementMain",
    "pf": "frmCustomerFeedback",
    "snaptogrid": true,
    "sourceUserWidget": "e66479ce61324162b247b2564cfb6ad3",
    "vizprops": {
        "hidewidgethierarchy": false
    },
    "wType": "UserWidgetInstance"
}