{
    "@class": "com.kony.gen.viz.model.component.KVizButton",
    "DNDConfig": null,
    "_bottom_": {
        "type": "number",
        "value": ""
    },
    "_height_": {
        "type": "string",
        "value": "40dp"
    },
    "_left_": {
        "type": "string",
        "value": "72.91%"
    },
    "_margin_": [
        6,
        6,
        6,
        6
    ],
    "_padding_": [
        0,
        0,
        0,
        0
    ],
    "_right_": {
        "type": "number",
        "value": ""
    },
    "_skin_": "sfbbba35ede4457b94eb681b72349b98",
    "_text_": "Button",
    "_top_": {
        "type": "string",
        "value": "516dp"
    },
    "_width_": {
        "type": "string",
        "value": "20.90%"
    },
    "accessibilityconfig": {},
    "canUpdateUI": true,
    "centery": {
        "type": "number",
        "value": ""
    },
    "containerweight": 100,
    "contentalignment": 5,
    "desktopweb": {
        "psp": {
            "hoverSkin": "s81054b5e2b74f17a5261991df565427"
        }
    },
    "disabledSkins": {},
    "displaytext": true,
    "focusskin": "s5a4f67acd3e47b9be6d6910a7a6686f",
    "id": "btnAddAnotherAccount",
    "info": null,
    "isvisible": true,
    "kuid": "ia3f6fc12a27423697da19ef8925ecdd",
    "name": "kony.ui.Button",
    "parent": "flxTransactionDetails",
    "pf": "frmCustomerFeedback",
    "responsiveData": {
        "b1": {
            "left": {
                "type": "string",
                "value": "75%"
            },
            "right": {
                "type": "string",
                "value": "0dp"
            },
            "top": {
                "type": "string",
                "value": "450dp"
            },
            "width": {
                "type": "string",
                "value": "25%"
            }
        },
        "b2": {
            "top": {
                "type": "string",
                "value": "450dp"
            }
        },
        "b3": {
            "bottom": {
                "type": "string",
                "value": ""
            },
            "centerY": {
                "type": "string",
                "value": ""
            },
            "left": {
                "type": "string",
                "value": "10dp"
            },
            "right": {
                "type": "string",
                "value": "10dp"
            },
            "top": {
                "type": "string",
                "value": "470dp"
            },
            "width": {
                "type": "string",
                "value": ""
            }
        },
        "b4": {
            "bottom": {
                "type": "string",
                "value": "20dp"
            },
            "left": {
                "type": "string",
                "value": ""
            },
            "right": {
                "type": "string",
                "value": "24dp"
            },
            "top": {
                "type": "string",
                "value": "930dp"
            }
        }
    },
    "texti18n": "i18n.ProfileManagement.Done",
    "tooltip": "Done",
    "wType": "Button",
    "zindex": 1
}