{
    "@class": "com.kony.gen.viz.model.component.KVizButton",
    "DNDConfig": null,
    "_height_": {
        "type": "string",
        "value": "40dp"
    },
    "_left_": {
        "type": "number",
        "value": ""
    },
    "_margin_": [
        6,
        6,
        6,
        6
    ],
    "_padding_": [
        0,
        0,
        0,
        0
    ],
    "_right_": {
        "type": "string",
        "value": "2.70%"
    },
    "_skin_": "s32f67802321463884107a44440d62c8",
    "_text_": "Button",
    "_top_": {
        "type": "string",
        "value": "40dp"
    },
    "_width_": {
        "type": "string",
        "value": "24%"
    },
    "accessibilityconfig": {},
    "canUpdateUI": true,
    "containerweight": 100,
    "contentalignment": 5,
    "desktopweb": {
        "psp": {
            "hoverSkin": "s81054b5e2b74f17a5261991df565427"
        }
    },
    "disabledSkins": {},
    "displaytext": true,
    "focusskin": "s5a4f67acd3e47b9be6d6910a7a6686f",
    "id": "btnDone",
    "ide_onClick": "AS_Button_cbbb8d01036e407fb4e2de2921cf18ae",
    "info": null,
    "isvisible": true,
    "kuid": "e7718a48e05d46ccb68c248a3d4d07f6",
    "name": "kony.ui.Button",
    "parent": "flxButtons",
    "pf": "frmCustomerFeedback",
    "responsiveData": {
        "b2": {
            "focusSkin": "s81054b5e2b74f17a5261991df565427",
            "skin": "s81054b5e2b74f17a5261991df565427"
        },
        "b3": {
            "left": {
                "type": "string",
                "value": "10dp"
            },
            "right": {
                "type": "string",
                "value": "10dp"
            },
            "width": {
                "type": "string",
                "value": ""
            }
        },
        "b4": {
            "skin": "sdc7361203bc408faf7a175e392acef4"
        }
    },
    "texti18n": "i18n.ProfileManagement.Done",
    "tooltip": "Done",
    "wType": "Button",
    "zindex": 1
}