{
    "@class": "com.kony.gen.viz.model.component.KVizButton",
    "DNDConfig": null,
    "_height_": {
        "type": "string",
        "value": "50dp"
    },
    "_left_": {
        "type": "string",
        "value": "1227dp"
    },
    "_margin_": [
        6,
        6,
        6,
        6
    ],
    "_padding_": [
        0,
        0,
        0,
        0
    ],
    "_skin_": "s6b9455a6ae849aeac64238b57554bbe",
    "_text_": "LOGIN",
    "_top_": {
        "type": "string",
        "value": "10dp"
    },
    "_width_": {
        "type": "string",
        "value": "90dp"
    },
    "accessibilityconfig": {
        "a11yLabel": "Log In"
    },
    "canUpdateUI": true,
    "containerweight": 100,
    "contentalignment": 5,
    "disabledSkins": {
        "focusSkin": "sf44d06ca8224832827ea7fdff757013"
    },
    "displaytext": true,
    "id": "btnLogin",
    "info": null,
    "isvisible": false,
    "kuid": "d0ba9b4fe0b541e89cd49477d69e046e",
    "name": "kony.ui.Button",
    "parent": "flxMainHeader",
    "pf": "frmCustomerFeedback",
    "responsiveData": {
        "b2": {
            "left": {
                "type": "string",
                "value": "1227dp"
            },
            "text": "LOGIN"
        },
        "b3": {
            "left": {
                "type": "string",
                "value": "534dp"
            },
            "text": "LOGIN"
        },
        "b4": {
            "left": {
                "type": "string",
                "value": "670dp"
            }
        }
    },
    "texti18n": "i18n.common.login",
    "tooltip": "Login",
    "wType": "Button",
    "zindex": 3
}