{
    "@class": "com.kony.gen.viz.model.component.KVizButton",
    "DNDConfig": null,
    "_height_": {
        "type": "string",
        "value": "50dp"
    },
    "_left_": {
        "type": "string",
        "value": "210dp"
    },
    "_margin_": [
        6,
        6,
        6,
        6
    ],
    "_padding_": [
        0,
        0,
        0,
        0
    ],
    "_skin_": "s6db41f7ed1b4bb6868f3a50f8d86c36",
    "_text_": "Skip To Main Content",
    "_top_": {
        "type": "string",
        "value": "10dp"
    },
    "_width_": {
        "type": "ref",
        "value": "preferred"
    },
    "canUpdateUI": true,
    "containerweight": 100,
    "contentalignment": 5,
    "disabledSkins": {
        "focusSkin": "s54c70bb3c14488bbacfd4a83a6dd906"
    },
    "displaytext": true,
    "focusskin": "s54c70bb3c14488bbacfd4a83a6dd906",
    "id": "btnSkipContent",
    "info": null,
    "iscustomlayout": false,
    "isvisible": true,
    "kuid": "a02f332115b243be8ce2e0942a9019c8",
    "name": "kony.ui.Button",
    "parent": "flxMainHeader",
    "pf": "frmCustomerFeedback",
    "responsiveData": {
        "b3": {
            "disabledSkins": {
                "focusSkin": "s54c70bb3c14488bbacfd4a83a6dd906"
            },
            "isVisible": false
        }
    },
    "retaincontentalignment": false,
    "retainflexpositionproperties": false,
    "wType": "Button"
}