{
    "@class": "com.kony.gen.viz.model.component.KVizLabel",
    "DNDConfig": null,
    "_bottom_": {
        "type": "string",
        "value": "15dp"
    },
    "_height_": {
        "type": "string",
        "value": "25dp"
    },
    "_left_": {
        "type": "number",
        "value": ""
    },
    "_margin_": [
        1,
        1,
        1,
        1
    ],
    "_padding_": [
        0,
        0,
        0,
        0
    ],
    "_skin_": "s18d3552bc4143569a7c5aef6bd5eaa1",
    "_text_": "Survey",
    "_width_": {
        "type": "string",
        "value": "1200dp"
    },
    "_wrapping_": 2,
    "accessibilityconfig": {
        "a11yARIA": {
            "tabindex": -1
        },
        "tagName": "h1"
    },
    "android": {
        "textStyle": {
            "letterSpacing": 0,
            "strikeThrough": false
        }
    },
    "canUpdateUI": true,
    "centerx": {
        "type": "string",
        "value": "50%"
    },
    "containerweight": 100,
    "contentalignment": 4,
    "id": "CopylblSurvey0cb6dc11415f44a",
    "info": null,
    "ipad": {
        "psp": {
            "wrapping": 2
        }
    },
    "iphone": {
        "psp": {
            "wrapping": 2
        }
    },
    "isvisible": true,
    "kuid": "g7852b492b6b4908b856009f3fc767e0",
    "name": "kony.ui.Label",
    "parent": "CopyflxSurveyHeader0g535a03984564f",
    "pf": "frmCustomerFeedback",
    "responsiveData": {
        "b2": {
            "width": {
                "type": "string",
                "value": "100%"
            }
        },
        "b4": {
            "centerX": {
                "type": "string",
                "value": ""
            },
            "left": {
                "type": "string",
                "value": "0dp"
            },
            "text": "Feedback",
            "width": {
                "type": "string",
                "value": "500dp"
            }
        }
    },
    "tooltip": "",
    "wType": "Label",
    "zindex": 10
}