{
    "DNDConfig": null,
    "_height_": {
        "type": "string",
        "value": "67dp"
    },
    "_left_": {
        "type": "number",
        "value": ""
    },
    "_margin_": [
        0,
        0,
        0,
        0
    ],
    "_orientation_": 6,
    "_padding_": [
        0,
        0,
        0,
        0
    ],
    "_percent_": true,
    "_skin_": "s24c92fc23b14f5484b693ee9b8a9b35",
    "_top_": {
        "type": "string",
        "value": "0dp"
    },
    "_width_": {
        "type": "string",
        "value": "1366dp"
    },
    "allboxes": [],
    "autogrowmode": 0,
    "canUpdateUI": true,
    "centerx": {
        "type": "string",
        "value": "50%"
    },
    "children": [
        "CopylblSurvey0cb6dc11415f44a"
    ],
    "clipbounds": true,
    "containerweight": 100,
    "enablescrolling": true,
    "id": "CopyflxSurveyHeader0g535a03984564f",
    "info": null,
    "isvisible": true,
    "kuid": "gf25aca17d974899979db795dcd4762d",
    "layouttype": 2,
    "name": "kony.ui.FlexContainer",
    "parent": "flxAcknowledgementContainer",
    "pf": "frmCustomerFeedback",
    "responsiveData": {
        "b1": {
            "centerX": {
                "type": "string",
                "value": ""
            },
            "left": {
                "type": "string",
                "value": "0dp"
            },
            "width": {
                "type": "string",
                "value": "100%"
            }
        },
        "b2": {
            "width": {
                "type": "string",
                "value": "88.50%"
            }
        },
        "b3": {
            "isVisible": false
        },
        "b4": {
            "centerX": {
                "type": "string",
                "value": ""
            },
            "left": {
                "type": "string",
                "value": "24dp"
            },
            "width": {
                "type": "string",
                "value": "100%"
            }
        }
    },
    "snapgridsize": 10,
    "snaptogrid": true,
    "wType": "FlexContainer",
    "widgetalignment": 1,
    "zindex": 20
}