{
    "@class": "com.kony.gen.viz.model.component.KVizUserWidget",
    "DNDConfig": null,
    "_children_": [],
    "_height_": {
        "type": "string",
        "value": "268px"
    },
    "_left_": {
        "type": "string",
        "value": ""
    },
    "_margin_": [
        0,
        0,
        0,
        0
    ],
    "_orientation_": 1,
    "_padding_": [
        0,
        0,
        0,
        0
    ],
    "_percent_": true,
    "_skin_": "s701065f11074080832b59947e731160",
    "_top_": {
        "type": "string",
        "value": ""
    },
    "_width_": {
        "type": "string",
        "value": "500px"
    },
    "areflexpropsreferenced": true,
    "canUpdateUI": true,
    "centerx": {
        "type": "string",
        "value": "50%"
    },
    "centery": {
        "type": "string",
        "value": "50%"
    },
    "clipbounds": false,
    "containerweight": 0,
    "dataDiffs": {
        "CustomPopup": {
            "__events__": {},
            "__info__": {
                "isRoot": true,
                "kuid": "a759e150a89f4066b268e53a4107ea84",
                "srcKUID": "eb2d311dcb4744a7b05aa4f5428a6c53",
                "wType": "FlexContainer"
            }
        },
        "btnNo": {
            "__events__": {},
            "__info__": {
                "kuid": "i8bebc998ad84c50bfa3cba6d5967ba0",
                "srcKUID": "h61577b4448c4e22a2636221e8fe0d6d",
                "wType": "Button"
            }
        },
        "btnYes": {
            "__events__": {},
            "__info__": {
                "kuid": "b46e7060c1c24e458991afc24a9f335e",
                "srcKUID": "e1c11d09edb846848d4aaf921cb1e5a0",
                "wType": "Button"
            }
        },
        "flxCross": {
            "__events__": {},
            "__info__": {
                "kuid": "b11204271fe749058a3768e8b58d6728",
                "srcKUID": "h0a23469e8f44a2a81ff2a93652c5ead",
                "wType": "Button"
            }
        },
        "flxHeader": {
            "__events__": {},
            "__info__": {
                "kuid": "fe55d9705c7c4cb8b861437461b1b92e",
                "srcKUID": "b6d465d7232a428eba11c466c6843856",
                "wType": "FlexContainer"
            }
        },
        "flxSeperator": {
            "__events__": {},
            "__info__": {
                "kuid": "f8cc6980d1a44c0dbfaf509547a2b1f1",
                "srcKUID": "b469cc45156e429d8fa47b9786168d10",
                "wType": "FlexContainer"
            }
        },
        "flxSeperator2": {
            "__events__": {},
            "__info__": {
                "kuid": "ba293a566ab84c17933e9ec33a1922db",
                "srcKUID": "e909e4e4b4a145b1aa92b22ece7050d3",
                "wType": "FlexContainer"
            }
        },
        "lblHeading": {
            "__events__": {},
            "__info__": {
                "kuid": "f450ee9ff7b94fea814b331a3202f919",
                "srcKUID": "f97c1408984847af9f3cd9984a260c74",
                "wType": "Label"
            }
        },
        "lblPopupMessage": {
            "__events__": {},
            "__info__": {
                "kuid": "a68abcdd353f4a5b935b53ebd277e0bf",
                "srcKUID": "f7c7509dccf24b88aeb13dc3d34fcc6b",
                "wType": "Label"
            }
        }
    },
    "enablescrolling": true,
    "id": "CustomPopup",
    "info": null,
    "isdatareferenced": false,
    "isvisible": true,
    "kuid": "a759e150a89f4066b268e53a4107ea84",
    "layouttype": 2,
    "masterType": 0,
    "name": "kony.ui.UserWidgetInstance",
    "parent": "flxPopup",
    "pf": "frmCustomerFeedback",
    "snapgridsize": 10,
    "snaptogrid": true,
    "sourceUserWidget": "eb2d311dcb4744a7b05aa4f5428a6c53",
    "wType": "UserWidgetInstance"
}