{
    "@class": "com.kony.gen.viz.model.component.KVizUserWidget",
    "DNDConfig": null,
    "_children_": [],
    "_height_": {
        "type": "string",
        "value": "150dp"
    },
    "_left_": {
        "type": "string",
        "value": "0dp"
    },
    "_margin_": [
        0,
        0,
        0,
        0
    ],
    "_orientation_": 1,
    "_padding_": [
        0,
        0,
        0,
        0
    ],
    "_percent_": true,
    "_skin_": "s24c92fc23b14f5484b693ee9b8a9b35",
    "_top_": {
        "type": "string",
        "value": "0dp"
    },
    "_width_": {
        "type": "string",
        "value": "100%"
    },
    "areflexpropsreferenced": true,
    "canUpdateUI": true,
    "clipbounds": false,
    "containerweight": 0,
    "dataDiffs": {
        "btnContactUs": {
            "__events__": {},
            "__info__": {
                "kuid": "j9f4b346ad6842fa820a44bec75fc237",
                "srcKUID": "ecc25bc7153f457ab1ba632ef717cd45",
                "wType": "Button"
            }
        },
        "btnFaqs": {
            "__events__": {},
            "__info__": {
                "kuid": "he687cf8bb50487183fa2de1505f886e",
                "srcKUID": "b944dd400d92446cac05298aa3a9c3ac",
                "wType": "Button"
            }
        },
        "btnLocateUs": {
            "__events__": {},
            "__info__": {
                "kuid": "jfbbdaa50598408f9a70712f5026587e",
                "srcKUID": "cba2d54eb0404403a4e4114e564327e5",
                "wType": "Button"
            }
        },
        "btnPrivacy": {
            "__events__": {},
            "__info__": {
                "kuid": "ca3e2a9e2f08444e91256a85282e32ca",
                "srcKUID": "fe75665892ee4a40970c4666de147ae2",
                "wType": "Button"
            }
        },
        "btnTermsAndConditions": {
            "__events__": {},
            "__info__": {
                "kuid": "c9b43c4b99cc436184d644fea89f7a9d",
                "srcKUID": "a9613de4c0cb40d0afdd09fc05d3dc16",
                "wType": "Button"
            }
        },
        "customfooternew": {
            "__events__": {},
            "__info__": {
                "isRoot": true,
                "kuid": "if7fb493cff9402f93724a328e984077",
                "srcKUID": "fa97e826f07b4e11b7b2f05a53498e1b",
                "wType": "FlexContainer"
            }
        },
        "flxFooterMenu": {
            "__events__": {},
            "__info__": {
                "kuid": "aea2cd6603aa47ae82d4a5633402c54b",
                "srcKUID": "c3f613e8e19b466e9898f5923eac6dac",
                "wType": "FlexContainer"
            }
        },
        "flxVBar1": {
            "__events__": {},
            "__info__": {
                "kuid": "ef6f6860ae81478aaa8445ce40c36fe2",
                "srcKUID": "a88c7eae5e8a4493a5be272244d91c7a",
                "wType": "FlexContainer"
            }
        },
        "flxVBar2": {
            "__events__": {},
            "__info__": {
                "kuid": "c81fc78760d44b23a5d8f8b93c7b2821",
                "srcKUID": "a0d2718b24fe44de91b15f2e637a8e2d",
                "wType": "FlexContainer"
            }
        },
        "flxVBar3": {
            "__events__": {},
            "__info__": {
                "kuid": "h86bbbedce0b4e438c3b4174975837bd",
                "srcKUID": "ae43b076561248bfae9a405e4e555487",
                "wType": "FlexContainer"
            }
        },
        "flxVBar4": {
            "__events__": {},
            "__info__": {
                "kuid": "f75c743f028a44bf969dbf9e3ae98223",
                "srcKUID": "cf28e38a18f048a390e3daad3458ffda",
                "wType": "FlexContainer"
            }
        },
        "imgFooterIconOne": {
            "__events__": {},
            "__info__": {
                "kuid": "beb90aa32d8f481f83573ada922e35d8",
                "srcKUID": "b68329dce07e4f06bda4965244150751",
                "wType": "Image"
            }
        },
        "imgFooterIconThree": {
            "__events__": {},
            "__info__": {
                "kuid": "b8c24fa4558a4eb9895cf4c509974021",
                "srcKUID": "ab2e9617d03b4611bfeaff54271952d9",
                "wType": "Image"
            }
        },
        "imgFooterIconTwo": {
            "__events__": {},
            "__info__": {
                "kuid": "d1aaa6a963a74af8b91998727a9508f8",
                "srcKUID": "b6938079c04a48afae1d515976363dc6",
                "wType": "Image"
            }
        },
        "lblCopyright": {
            "__events__": {},
            "__info__": {
                "kuid": "c89e5e9a1dfc4c0a86a0dcebb7400e45",
                "srcKUID": "ee2d73ee228d46d0978a62aae45e4cda",
                "wType": "Label"
            }
        }
    },
    "enablescrolling": true,
    "id": "CustomFooterMain",
    "info": null,
    "isdatareferenced": false,
    "isvisible": true,
    "kuid": "if7fb493cff9402f93724a328e984077",
    "layouttype": 2,
    "masterType": 0,
    "name": "kony.ui.UserWidgetInstance",
    "parent": "flxFooter",
    "pf": "frmCustomerFeedback",
    "snapgridsize": 10,
    "snaptogrid": true,
    "sourceUserWidget": "fa97e826f07b4e11b7b2f05a53498e1b",
    "wType": "UserWidgetInstance"
}