{
    "@class": "com.kony.gen.viz.model.component.KVizUserWidget",
    "DNDConfig": null,
    "_children_": [],
    "_height_": {
        "type": "string",
        "value": "268px"
    },
    "_left_": {
        "type": "string",
        "value": ""
    },
    "_margin_": [
        0,
        0,
        0,
        0
    ],
    "_orientation_": 1,
    "_padding_": [
        0,
        0,
        0,
        0
    ],
    "_percent_": true,
    "_skin_": "s701065f11074080832b59947e731160",
    "_top_": {
        "type": "string",
        "value": ""
    },
    "_width_": {
        "type": "string",
        "value": "500px"
    },
    "areflexpropsreferenced": true,
    "canUpdateUI": true,
    "centerx": {
        "type": "string",
        "value": "50%"
    },
    "centery": {
        "type": "string",
        "value": "50%"
    },
    "clipbounds": false,
    "containerweight": 0,
    "dataDiffs": {
        "CustomPopup": {
            "__events__": {},
            "__info__": {
                "isRoot": true,
                "kuid": "ebe735ce61d745b28e8809e98e481812",
                "srcKUID": "eb2d311dcb4744a7b05aa4f5428a6c53",
                "wType": "FlexContainer"
            }
        },
        "btnNo": {
            "__events__": {},
            "__info__": {
                "kuid": "bafdc7f2c2a94b4eadaeaedd4ef454fd",
                "srcKUID": "h61577b4448c4e22a2636221e8fe0d6d",
                "wType": "Button"
            }
        },
        "btnYes": {
            "__events__": {},
            "__info__": {
                "kuid": "e78db3a472494307b757ef4379818640",
                "srcKUID": "e1c11d09edb846848d4aaf921cb1e5a0",
                "wType": "Button"
            }
        },
        "flxCross": {
            "__events__": {},
            "__info__": {
                "kuid": "a3a172c5a244469884469c544217cf8f",
                "srcKUID": "h0a23469e8f44a2a81ff2a93652c5ead",
                "wType": "Button"
            }
        },
        "flxHeader": {
            "__events__": {},
            "__info__": {
                "kuid": "a15d2476ae92481aa2353c774efdb426",
                "srcKUID": "b6d465d7232a428eba11c466c6843856",
                "wType": "FlexContainer"
            }
        },
        "flxSeperator": {
            "__events__": {},
            "__info__": {
                "kuid": "fb382a6922ef45db934875b8f9759e55",
                "srcKUID": "b469cc45156e429d8fa47b9786168d10",
                "wType": "FlexContainer"
            }
        },
        "flxSeperator2": {
            "__events__": {},
            "__info__": {
                "kuid": "iba6b5fbf8704d3296a1241184328ab0",
                "srcKUID": "e909e4e4b4a145b1aa92b22ece7050d3",
                "wType": "FlexContainer"
            }
        },
        "lblHeading": {
            "__events__": {},
            "__info__": {
                "kuid": "e751f11349444b2299891306b8e1424a",
                "srcKUID": "f97c1408984847af9f3cd9984a260c74",
                "wType": "Label"
            }
        },
        "lblPopupMessage": {
            "__events__": {},
            "__info__": {
                "kuid": "fef544af2f9b4c148f30e0dc95f2ff11",
                "srcKUID": "f7c7509dccf24b88aeb13dc3d34fcc6b",
                "wType": "Label"
            }
        }
    },
    "enablescrolling": true,
    "id": "CustomPopupLogout",
    "info": null,
    "isdatareferenced": false,
    "isvisible": true,
    "kuid": "ebe735ce61d745b28e8809e98e481812",
    "layouttype": 2,
    "masterType": 0,
    "name": "kony.ui.UserWidgetInstance",
    "parent": "flxLogout",
    "pf": "frmCustomerFeedback",
    "snapgridsize": 10,
    "snaptogrid": true,
    "sourceUserWidget": "eb2d311dcb4744a7b05aa4f5428a6c53",
    "wType": "UserWidgetInstance"
}