{
    "@class": "com.kony.gen.viz.model.component.KVizUserWidget",
    "DNDConfig": null,
    "_children_": [],
    "_height_": {
        "type": "ref",
        "value": "preferred"
    },
    "_left_": {
        "type": "string",
        "value": "0dp"
    },
    "_margin_": [
        0,
        0,
        0,
        0
    ],
    "_orientation_": 1,
    "_padding_": [
        0,
        0,
        0,
        0
    ],
    "_percent_": true,
    "_render_": true,
    "_skin_": "s4d6392bface4761840338d65d827a61",
    "_top_": {
        "type": "string",
        "value": "0dp"
    },
    "_width_": {
        "type": "string",
        "value": "100%"
    },
    "areflexpropsreferenced": false,
    "autogrowmode": 1,
    "canUpdateUI": true,
    "clipbounds": true,
    "containerweight": 0,
    "dataDiffs": {
        "CustomerFeedbackDetails": {
            "__events__": {},
            "__info__": {
                "isRoot": true,
                "kuid": "c828accb1f2447439a1330686a948136",
                "srcKUID": "h93b40cf133945b9baf0de71c04b12c8",
                "wType": "FlexContainer"
            }
        },
        "confirmHeaders": {
            "__events__": {},
            "__info__": {
                "kuid": "a4a8e5a791ad42c9a344cb537ea9661a",
                "srcKUID": "jb718b007ee44a168260fdea5f79af0d",
                "wType": "UserWidgetInstance"
            },
            "autogrowMode": {
                "Default": 0
            },
            "height": {
                "Default": {
                    "type": "string",
                    "value": "50dp"
                }
            },
            "responsiveData": {
                "b1": {},
                "b3": {}
            }
        },
        "confirmHeaders.flxHeader": {
            "__events__": {},
            "__info__": {
                "kuid": "i89f3497ccf941beb068a6d2f7439de4",
                "srcKUID": "bfbfb9f59a6f415880f5ba35fbddd249",
                "wType": "FlexContainer"
            },
            "autogrowMode": {
                "Default": 0
            },
            "height": {
                "Default": {
                    "type": "string",
                    "value": "50dp"
                }
            },
            "responsiveData": {
                "b1": {
                    "centerX": {
                        "type": "string",
                        "value": "50%"
                    },
                    "width": {
                        "type": "string",
                        "value": "95%"
                    }
                },
                "b3": {}
            },
            "width": {
                "Default": {
                    "type": "string",
                    "value": "100%"
                }
            }
        },
        "confirmHeaders.lblHeading": {
            "__events__": {},
            "__info__": {
                "kuid": "b23b1b0a34884f0bb1f7ca768babf977",
                "srcKUID": "b632c5d3e7934929bf29a1aa5ab625f2",
                "wType": "Label"
            },
            "centerY": {
                "Default": {
                    "type": "string",
                    "value": "50%"
                }
            },
            "i18n_text": "i18n.CustomerFeedback.FeedbackDetails",
            "left": {
                "Default": {
                    "type": "string",
                    "value": "2.50%"
                }
            },
            "responsiveData": {
                "b1": {
                    "left": {
                        "type": "string",
                        "value": "2%"
                    }
                },
                "b3": {}
            },
            "top": {
                "Default": {
                    "type": "string",
                    "value": ""
                }
            }
        },
        "flxComments": {
            "__events__": {},
            "__info__": {
                "kuid": "e4b119923b0844b394e1e14479e4fa82",
                "srcKUID": "g8dbda9e424e4334b9d728e9755a8ed0",
                "wType": "FlexContainer"
            }
        },
        "flxHorizontalLine": {
            "__events__": {},
            "__info__": {
                "kuid": "a4f26d8aaf444c349c5b2efadc44a53d",
                "srcKUID": "icff8fe3507441cab5dbb4d0f425a0f4",
                "wType": "FlexContainer"
            },
            "centerX": {
                "Default": {
                    "type": "number",
                    "value": ""
                }
            },
            "responsiveData": {
                "b1": {
                    "centerX": {
                        "type": "string",
                        "value": "50%"
                    },
                    "width": {
                        "type": "string",
                        "value": "91%"
                    }
                }
            },
            "width": {
                "Default": {
                    "type": "string",
                    "value": "100%"
                }
            }
        },
        "flxMain": {
            "__events__": {},
            "__info__": {
                "kuid": "j9bc05e5e80540df85dce242e0966523",
                "srcKUID": "c19e50a5cbff43c694de5f500a6ec3ce",
                "wType": "FlexContainer"
            },
            "responsiveData": {
                "b3": {
                    "layoutType": 4
                }
            }
        },
        "flxQuestion1": {
            "__events__": {},
            "__info__": {
                "kuid": "a715707cd057430b8fd986b67044fa2f",
                "srcKUID": "h2a40b37e8164755a6f5132077764448",
                "wType": "FlexContainer"
            },
            "left": {
                "Default": {
                    "type": "string",
                    "value": "0dp"
                }
            },
            "responsiveData": {
                "b3": {
                    "layoutType": 4,
                    "left": {
                        "type": "string",
                        "value": "0dp"
                    },
                    "top": {
                        "type": "string",
                        "value": "30dp"
                    }
                }
            },
            "top": {
                "Default": {
                    "type": "string",
                    "value": "30dp"
                }
            }
        },
        "flxQuestion2": {
            "__events__": {},
            "__info__": {
                "kuid": "d05d0b5c5afd4e258e669055cd07520e",
                "srcKUID": "bfd793d8c75c4b03b5cee95565f837fc",
                "wType": "FlexContainer"
            }
        },
        "flxQuestion3": {
            "__events__": {},
            "__info__": {
                "kuid": "f909813b3eb341f8a5b2a53d72543c3e",
                "srcKUID": "e57c06688c214905a35aa4683bdd95a1",
                "wType": "FlexContainer"
            }
        },
        "flxRateYourExperience": {
            "__events__": {},
            "__info__": {
                "kuid": "a397e7e5bf244871984e7469a42d5c0c",
                "srcKUID": "b54d49bbed594297afeb43490823061c",
                "wType": "FlexContainer"
            },
            "clipBounds": false,
            "left": {},
            "responsiveData": {
                "b3": {
                    "left": {
                        "type": "string",
                        "value": "0dp"
                    }
                }
            }
        },
        "flxRatingimg": {
            "__events__": {},
            "__info__": {
                "kuid": "hda2210f7dd84aa9a837c676dbd40028",
                "srcKUID": "c3ea265627264cddb93ed75039e2f6b3",
                "wType": "FlexContainer"
            },
            "responsiveData": {
                "b3": {
                    "top": {
                        "type": "string",
                        "value": "51dp"
                    }
                }
            },
            "top": {
                "Default": {
                    "type": "string",
                    "value": "31dp"
                }
            }
        },
        "flxScrollContainerCustomerFeedback": {
            "__events__": {},
            "__info__": {
                "kuid": "f19f13bcfebd4d17a45ca34255a83d58",
                "srcKUID": "c47df74481cc429790e6b72f2e4d12bc",
                "wType": "FlexScrollContainer"
            },
            "centerX": {
                "Default": {
                    "type": "number",
                    "value": ""
                }
            },
            "height": {
                "Default": {
                    "type": "string",
                    "value": "345px"
                }
            },
            "responsiveData": {
                "b1": {
                    "centerX": {
                        "type": "string",
                        "value": ""
                    },
                    "height": {
                        "type": "string",
                        "value": "357px"
                    },
                    "width": {
                        "type": "string",
                        "value": "100%"
                    }
                }
            },
            "width": {
                "Default": {
                    "type": "string",
                    "value": "100%"
                }
            }
        },
        "flxaddress": {
            "__events__": {},
            "__info__": {
                "kuid": "f8869cc380ea47febb2c315f31867944",
                "srcKUID": "ib601e53804948a5b346ee1a9ca07cad",
                "wType": "FlexContainer"
            },
            "clipBounds": false,
            "left": {
                "Default": {
                    "type": "string",
                    "value": "18dp"
                }
            },
            "responsiveData": {
                "b1": {
                    "centerX": {
                        "type": "string",
                        "value": "50%"
                    },
                    "width": {
                        "type": "string",
                        "value": "95%"
                    }
                },
                "b3": {
                    "left": {
                        "type": "string",
                        "value": "0dp"
                    }
                }
            },
            "width": {
                "Default": {
                    "type": "string",
                    "value": "100%"
                }
            }
        },
        "imgRating1": {
            "__events__": {},
            "__info__": {
                "kuid": "a52fa57ed9b942e5990e252eb4c204f2",
                "srcKUID": "fc4859bd90064eaba61ebc3db33b346f",
                "wType": "Label"
            }
        },
        "imgRating2": {
            "__events__": {},
            "__info__": {
                "kuid": "hb2b24649e78445aa2f16b38c07043db",
                "srcKUID": "bc72e3e20dd8443b8a10225234414446",
                "wType": "Label"
            }
        },
        "imgRating3": {
            "__events__": {},
            "__info__": {
                "kuid": "ca53a8b89865476ea68514c3467834e6",
                "srcKUID": "a695212537b3492387b0e687b364d51b",
                "wType": "Label"
            }
        },
        "imgRating4": {
            "__events__": {},
            "__info__": {
                "kuid": "ca6f33fd1e3841d0a1cb9b9cad98646b",
                "srcKUID": "e1e45eb2c8fe4fea9f136ea93ca08724",
                "wType": "Label"
            }
        },
        "imgRating5": {
            "__events__": {},
            "__info__": {
                "kuid": "aa534a25b63b40f68f07cfd72cba107f",
                "srcKUID": "fb3c5ece4d7047baa06404c645f7bf31",
                "wType": "Label"
            }
        },
        "lblAddYourComments": {
            "__events__": {},
            "__info__": {
                "kuid": "g0c3141fce394bb28cf16e27d306db04",
                "srcKUID": "f43ee1c3ca61470584c296068f00036e",
                "wType": "Label"
            }
        },
        "lblAnswer1": {
            "__events__": {},
            "__info__": {
                "kuid": "ca84ee9d70054907a167577aabf3b7a1",
                "srcKUID": "idf5ae7cf2634114a38f3c757b78a8bf",
                "wType": "Label"
            },
            "responsiveData": {
                "b3": {
                    "top": {
                        "type": "string",
                        "value": "10dp"
                    }
                }
            },
            "top": {
                "Default": {
                    "type": "string",
                    "value": "35dp"
                }
            },
            "width": {
                "Default": {
                    "type": "string",
                    "value": "80%"
                }
            }
        },
        "lblAnswer2": {
            "__events__": {},
            "__info__": {
                "kuid": "a0d939fb12914e6e960246949eea201b",
                "srcKUID": "j4d5e4b1616a45e4ae2a6b9019da3d29",
                "wType": "Label"
            }
        },
        "lblAnswer3": {
            "__events__": {},
            "__info__": {
                "kuid": "if0cd9bf01ac41a4aebd311d01d00538",
                "srcKUID": "d8b1060a8780494e98a995f1d2fdb1c1",
                "wType": "Label"
            }
        },
        "lblQuestion1": {
            "__events__": {},
            "__info__": {
                "kuid": "c00771815fc64ceaaa0fe6a579b447c1",
                "srcKUID": "b8fb66250bcc4cf2928f6099d3ed351b",
                "wType": "Label"
            },
            "height": {},
            "responsiveData": {
                "b3": {
                    "height": {
                        "type": "ref",
                        "value": "preferred"
                    },
                    "width": {
                        "type": "string",
                        "value": "96%"
                    }
                }
            },
            "width": {}
        },
        "lblQuestion2": {
            "__events__": {},
            "__info__": {
                "kuid": "d026ae75368544f8ad6b29af7819ecd2",
                "srcKUID": "i110e0adf66f4f278c34eb90388449db",
                "wType": "Label"
            }
        },
        "lblQuestion3": {
            "__events__": {},
            "__info__": {
                "kuid": "h3d2cac438d244d5b79b2c13d0b9da3a",
                "srcKUID": "e4f90f81b314440b9423b2c9625e3d83",
                "wType": "Label"
            }
        },
        "lblRateYourExpeience": {
            "__events__": {},
            "__info__": {
                "kuid": "haab0a5b04b44978b7596a5529d80f55",
                "srcKUID": "f7b7d185e60e41128b86e2a775d5893a",
                "wType": "Label"
            },
            "left": {},
            "responsiveData": {
                "b3": {
                    "left": {
                        "type": "string",
                        "value": "10dp"
                    }
                }
            }
        },
        "lblcomments": {
            "__events__": {},
            "__info__": {
                "kuid": "i58888a567274660b7136806616e1e3e",
                "srcKUID": "c5107942216f4301b9dc9de13b3cd40d",
                "wType": "Label"
            },
            "i18n_text": "i18n.CustomerFeedback.ILikeTheSimpleProcees...",
            "text": "Unlike a typical code Unlike a typical code linter, this syntax validator does not care about coding styles and formatting.  If there is a syntax error, the sign will be shown in the left-side gutter. Placing the mouse cursor over that sign will reveal the complete error description.linter, this syntax validator does not care about coding styles and formatting.  If there is a syntax error, the sign will be shown in the left-side gutter. Placing the mouse cursor over that sign will reveal the complete error description.Unlike a typical code linter, this syntax validator does not care about coding styles and formatting.  If there is a syntax error, the sign will be shown in the left-side gutter. Placing the mouse cursor over that sign will reveal the complete error description.",
            "width": {
                "Default": {
                    "type": "string",
                    "value": "80%"
                }
            }
        }
    },
    "id": "CustomerFeedbackDetails",
    "info": null,
    "isdatareferenced": false,
    "isvisible": true,
    "kuid": "bbc6ee43c8424fa186c2a0e9f5942c4d",
    "layouttype": 2,
    "masterType": 0,
    "name": "kony.ui.UserWidgetInstance",
    "parent": "flxTransactionDetails",
    "pf": "frmCustomerFeedback",
    "snaptogrid": true,
    "sourceUserWidget": "h93b40cf133945b9baf0de71c04b12c8",
    "vizprops": {
        "hidewidgethierarchy": false
    },
    "wType": "UserWidgetInstance"
}