{
    "@class": "com.kony.gen.viz.model.component.KVizUserWidget",
    "DNDConfig": null,
    "_children_": [],
    "_height_": {
        "type": "string",
        "value": "121dp"
    },
    "_left_": {
        "type": "string",
        "value": "0dp"
    },
    "_margin_": [
        0,
        0,
        0,
        0
    ],
    "_orientation_": 1,
    "_padding_": [
        0,
        0,
        0,
        0
    ],
    "_percent_": true,
    "_render_": true,
    "_skin_": "s24c92fc23b14f5484b693ee9b8a9b35",
    "_top_": {
        "type": "string",
        "value": "0dp"
    },
    "_width_": {
        "type": "string",
        "value": "100%"
    },
    "areflexpropsreferenced": false,
    "canUpdateUI": true,
    "clipbounds": false,
    "containerweight": 0,
    "dataDiffs": {
        "CopyflxUserDetails0b35eb5be884043": {
            "__events__": {},
            "__info__": {
                "kuid": "e7c2e27720cc4065804943a333153529",
                "srcKUID": "b692716bd51e422ead7f111a1bfbe5cb",
                "wType": "FlexContainer"
            }
        },
        "CopyflxVerticalSeperator0b961fc23108f4b": {
            "__events__": {},
            "__info__": {
                "kuid": "f31462892eca4582a594f0e32dac4a64",
                "srcKUID": "b6e0434c2f904010bfff7590777daf67",
                "wType": "FlexContainer"
            }
        },
        "CopyflxVerticalSeperator0dbd20466efa64b": {
            "__events__": {},
            "__info__": {
                "kuid": "b1770a1709e04bfdaf2344fe0ee4ea19",
                "srcKUID": "d06f368d0065481d81dc512212fd2b95",
                "wType": "FlexContainer"
            }
        },
        "CopyimgToolTip0i580d9acc07c42": {
            "__events__": {},
            "__info__": {
                "kuid": "d3621113672e435bbbcf9ec9ac272d3e",
                "srcKUID": "f5065fdfa2d0406bb7fafd4073fe33c5",
                "wType": "Image"
            }
        },
        "FlexContainer0ed2389df69044b": {
            "__events__": {},
            "__info__": {
                "kuid": "j2c9c91f55bb46a498c3e59b8a5b2406",
                "srcKUID": "d4ff74890f3b45428cab934f27aa658f",
                "wType": "FlexContainer"
            }
        },
        "btnSkip": {
            "__events__": {},
            "__info__": {
                "kuid": "d2953aa9811b4de19f3372c0d2c3fe81",
                "srcKUID": "fcfa2298a68d4a19bddd64ec7982fb7d",
                "wType": "Button"
            }
        },
        "customhamburger": {
            "__events__": {},
            "__info__": {
                "kuid": "d5f520af42db44da90185e892ad6bc62",
                "srcKUID": "dea66199c9fd433fab636de553a6116f",
                "wType": "UserWidgetInstance"
            }
        },
        "customhamburger.CopyflxSeperator0dfcbfe80de1946": {
            "__events__": {},
            "__info__": {
                "kuid": "fb3204b937fe4af0ae0a311eb55b73b7",
                "srcKUID": "ec5e9cdda1b4473aa156d59730730f65",
                "wType": "FlexContainer"
            }
        },
        "customhamburger.flxAccountsCollapse": {
            "__events__": {},
            "__info__": {
                "kuid": "da50ac9bd32b4ce6bf8aabf0363d04b7",
                "srcKUID": "e0af0f6ab9614020b7fc5e89406a63dc",
                "wType": "FlexContainer"
            }
        },
        "customhamburger.flxAccountsMenu": {
            "__events__": {},
            "__info__": {
                "kuid": "e897df12a741435ab47cca91274dea0e",
                "srcKUID": "cf43ccc491384cce8e692bf0c7b73f90",
                "wType": "FlexContainer"
            }
        },
        "customhamburger.flxAccountsSubMenu": {
            "__events__": {},
            "__info__": {
                "kuid": "jd818b5189d54c998dee18f42725f1f7",
                "srcKUID": "dc00eecfa1d34328ba4230f17db49066",
                "wType": "FlexContainer"
            }
        },
        "customhamburger.flxClose": {
            "__events__": {},
            "__info__": {
                "kuid": "df407086f414476aafc5958b04a278dc",
                "srcKUID": "i9d5e90539e94d4ab59062395a3d3554",
                "wType": "Button"
            }
        },
        "customhamburger.flxEntityTextHamburger": {
            "__events__": {},
            "__info__": {
                "kuid": "a7ca1fa5c06847f0a39e3c074c82b446",
                "srcKUID": "d1b4c4fb07884c3d8fa80a8fd4629797",
                "wType": "FlexContainer"
            }
        },
        "customhamburger.flxGroup": {
            "__events__": {},
            "__info__": {
                "kuid": "d95484c413fd48b6992760c5a8fef531",
                "srcKUID": "hb9dba4d7f11453bab0e9ad3eb3b5a92",
                "wType": "FlexContainer"
            }
        },
        "customhamburger.flxHamburgerHeader": {
            "__events__": {},
            "__info__": {
                "kuid": "b810d23396d84320a0dadc5498c3c652",
                "srcKUID": "h465700017fe4781975045dab9ed41c5",
                "wType": "FlexContainer"
            }
        },
        "customhamburger.flxLECrossHamburger": {
            "__events__": {},
            "__info__": {
                "kuid": "b46f84bef7384ea5817f59934a6fcc30",
                "srcKUID": "d78920f80a8941e7bff7f3832809307a",
                "wType": "FlexContainer"
            }
        },
        "customhamburger.flxLESearchHamburger": {
            "__events__": {},
            "__info__": {
                "kuid": "bc94698eb48b4194a35f358a0a71ccab",
                "srcKUID": "a044b9afa6f24a8ab405571ffed797da",
                "wType": "FlexContainer"
            }
        },
        "customhamburger.flxLegalEntityDropdownHamburger": {
            "__events__": {},
            "__info__": {
                "kuid": "c3fe0c1caad44e809178f1c1ff9fcdce",
                "srcKUID": "c8592e6f13b14996983275c0cdc93dd0",
                "wType": "FlexContainer"
            }
        },
        "customhamburger.flxLegalEntityHamburger": {
            "__events__": {},
            "__info__": {
                "kuid": "db5fc8d53c5b45f99b620739db788474",
                "srcKUID": "haae215aecdb446c8fa3a7824f5fd367",
                "wType": "FlexContainer"
            }
        },
        "customhamburger.flxLogo": {
            "__events__": {},
            "__info__": {
                "kuid": "e6c513ef0300424a951b48faac9460aa",
                "srcKUID": "gcf09be042ca4a8f97c5d6c8aad0bc86",
                "wType": "FlexContainer"
            }
        },
        "customhamburger.flxLogout": {
            "__events__": {},
            "__info__": {
                "kuid": "a32c47651b4c4ca8b631bc2b15f97519",
                "srcKUID": "ef135a3ee7f340ae8bde6b55073ce5cd",
                "wType": "FlexContainer"
            }
        },
        "customhamburger.flxLogoutContainer": {
            "__events__": {},
            "__info__": {
                "kuid": "jbe2c11671354b6aa0de4e4925cdc4ad",
                "srcKUID": "ba7b5440b44f4e7a88be10a58c83104e",
                "wType": "FlexContainer"
            }
        },
        "customhamburger.flxLogoutSeperator": {
            "__events__": {},
            "__info__": {
                "kuid": "b5003f81a91f4d28b19c3decc3dd6c40",
                "srcKUID": "c633b43b42cb4a34a16e33fa64de0f45",
                "wType": "FlexContainer"
            }
        },
        "customhamburger.flxMenu": {
            "__events__": {},
            "__info__": {
                "kuid": "ea9fdca491714636b72581a624d77e10",
                "srcKUID": "i1c684442e854218bc2c08f78c55f971",
                "wType": "FlexContainer"
            }
        },
        "customhamburger.flxMenuWrapper": {
            "__events__": {},
            "__info__": {
                "kuid": "c924d1a783054002a1e01429526e53e6",
                "srcKUID": "ad010d1f868d49eea330fb84586cbd46",
                "wType": "FlexScrollContainer"
            },
            "responsiveData": {
                "b3": {
                    "isVisible": true
                }
            }
        },
        "customhamburger.flxMyAccounts": {
            "__events__": {},
            "__info__": {
                "kuid": "f6753356d899487987326c008a810f79",
                "srcKUID": "f7379b95da4148de8bad2885b68ce3c6",
                "wType": "FlexContainer"
            }
        },
        "customhamburger.flxScroll": {
            "__events__": {},
            "__info__": {
                "kuid": "c5bd6a23093a42478ff35df2aac7e5f7",
                "srcKUID": "i3e7eafa40224af3add7b95693500f53",
                "wType": "FlexScrollContainer"
            }
        },
        "customhamburger.flxSegLegalEntityHamburger": {
            "__events__": {},
            "__info__": {
                "kuid": "j24ea5c2890e4772b91671cb73bc682a",
                "srcKUID": "h2302b9ac9774251a172fbcdd3706015",
                "wType": "FlexContainer"
            }
        },
        "customhamburger.flxSeperator16": {
            "__events__": {},
            "__info__": {
                "kuid": "g839a3b0cf384dcabea47d2427ad3cfd",
                "srcKUID": "if0c694e156a4703b7545e789492c020",
                "wType": "FlexContainer"
            }
        },
        "customhamburger.imgCollapseAccounts": {
            "__events__": {},
            "__info__": {
                "kuid": "ac12ef21a5374956b2caedace542d9fb",
                "srcKUID": "cc9717fdf0ce469aa167f4b79dc1f439",
                "wType": "Image"
            },
            "src": "arrow_down.png"
        },
        "customhamburger.imgKony": {
            "__events__": {},
            "__info__": {
                "kuid": "b712abacb806420c9292feaed944d35b",
                "srcKUID": "e51c8a8198184739b48a18c3fbc65273",
                "wType": "Image"
            },
            "src": "kony_logo_white.png"
        },
        "customhamburger.imgLECrossHamburger": {
            "__events__": {},
            "__info__": {
                "kuid": "h5177d495e074bd09ce864e6ff798886",
                "srcKUID": "h612d6513ed645fbb2ff364de97ad527",
                "wType": "Image"
            }
        },
        "customhamburger.imgLogout": {
            "__events__": {},
            "__info__": {
                "kuid": "ad5b4acfe877487db943eb6d2229c974",
                "srcKUID": "b9d387d0d4d34dd38924df0c2fb82342",
                "wType": "Image"
            }
        },
        "customhamburger.lbfonticonlLogout": {
            "__events__": {},
            "__info__": {
                "kuid": "f945199cab554b80b5538efd5e655afc",
                "srcKUID": "c76c929d16e845d0bb4e567e9a9544fc",
                "wType": "Label"
            }
        },
        "customhamburger.lblAccounts": {
            "__events__": {},
            "__info__": {
                "kuid": "eb5b8bfe2269459b93ac7741afcf11fb",
                "srcKUID": "aed697189cee47098907b5f830c7134b",
                "wType": "Label"
            }
        },
        "customhamburger.lblCollapseAccounts": {
            "__events__": {},
            "__info__": {
                "kuid": "ca7e8a48b57d4ef48ae9c437954c487b",
                "srcKUID": "abf182ade073495492dcb8ccb85e46dd",
                "wType": "Label"
            }
        },
        "customhamburger.lblImgAccounts": {
            "__events__": {},
            "__info__": {
                "kuid": "adc7f329652b4575a2d2335f8541cc63",
                "srcKUID": "j1310b4359bd4b55a330313f954c89f4",
                "wType": "Label"
            }
        },
        "customhamburger.lblLESearchIconHamburger": {
            "__events__": {},
            "__info__": {
                "kuid": "b91c0cfb64404e62978537aba7b0f9f1",
                "srcKUID": "c38dd4718469490da8cf258e02239c24",
                "wType": "Label"
            }
        },
        "customhamburger.lblLegalEntityDropdownIconHamburger": {
            "__events__": {},
            "__info__": {
                "kuid": "f374819fc7bd491ba1bdc9b99cbbd270",
                "srcKUID": "af2f07ebe73141f18943d17c6894a429",
                "wType": "Label"
            }
        },
        "customhamburger.lblLegalEntityHamburger": {
            "__events__": {},
            "__info__": {
                "kuid": "f9891286f2b54f1ba7a8dde8cdcedf5e",
                "srcKUID": "c7bc5b7cf588434d82cbf8069c7e583f",
                "wType": "Label"
            }
        },
        "customhamburger.lblLegalEntityTextHamburger": {
            "__events__": {},
            "__info__": {
                "kuid": "e05ad6edf1d14a1da588c02f3c6eff26",
                "srcKUID": "i0260544333e4e69a3fd3e2b6c43de3a",
                "wType": "Label"
            }
        },
        "customhamburger.lblLogout": {
            "__events__": {},
            "__info__": {
                "kuid": "ef94ae2a866a4c6c8bf98bf2653c9f44",
                "srcKUID": "h6a632413dfd4f918bc0b6d0da014611",
                "wType": "Label"
            }
        },
        "customhamburger.lblMyAccounts": {
            "__events__": {},
            "__info__": {
                "kuid": "gc6245e5ec5842d09fb154525c37d3ee",
                "srcKUID": "a202b406f5f04a1698b17c9f0f9e1694",
                "wType": "Label"
            }
        },
        "customhamburger.segLegalEntityHamburger": {
            "__events__": {},
            "__info__": {
                "kuid": "h6cd1c85e4e240f39b6bcab7c5a760f2",
                "srcKUID": "dbf7effc49b84d0495c7316981e9678b",
                "wType": "Segment"
            }
        },
        "customhamburger.tbxLESearchHamburger": {
            "__events__": {},
            "__info__": {
                "kuid": "hf6b3ac3d2fc4337bcce9a307dec2bd5",
                "srcKUID": "f1b5074e1c264bfd9f8ce12eafe7b2ff",
                "wType": "TextField"
            }
        },
        "customheader": {
            "__events__": {},
            "__info__": {
                "isRoot": true,
                "kuid": "c4382bf67fbc49d18188d92fc838b9c9",
                "srcKUID": "c04bbf50611342ca895c5e0a329aeb52",
                "wType": "FlexContainer"
            },
            "autogrowMode": {
                "Default": 0
            },
            "height": {},
            "left": {},
            "minWidth": {},
            "responsiveData": {
                "b1": {
                    "top": {
                        "type": "string",
                        "value": "0dp"
                    }
                },
                "b2": {
                    "top": {
                        "type": "string",
                        "value": "0dp"
                    }
                },
                "b3": {
                    "height": {
                        "type": "string",
                        "value": "50px"
                    },
                    "isVisible": true,
                    "left": {
                        "type": "string",
                        "value": "0dp"
                    },
                    "top": {
                        "type": "string",
                        "value": "0dp"
                    }
                },
                "b4": {
                    "minWidth": {
                        "type": "string",
                        "value": ""
                    },
                    "top": {
                        "type": "string",
                        "value": "0dp"
                    },
                    "width": {
                        "type": "string",
                        "value": "100%"
                    }
                }
            },
            "top": {},
            "width": {},
            "zIndex": {
                "Default": 1000
            }
        },
        "flxAccountTypesSegment": {
            "__events__": {},
            "__info__": {
                "kuid": "da1fb558f9624b5a8a4af4a575d780bd",
                "srcKUID": "d431114047984f3ba84cf9829500caf5",
                "wType": "FlexContainer"
            }
        },
        "flxBottomBlue": {
            "__events__": {},
            "__info__": {
                "kuid": "hd9e232fa76d445d8734317febec350f",
                "srcKUID": "a3c7c667e8bb4a0da597ebde4b02694b",
                "wType": "FlexContainer"
            },
            "responsiveData": {
                "b3": {
                    "isVisible": false
                }
            }
        },
        "flxBottomContainer": {
            "__events__": {},
            "__info__": {
                "kuid": "d4e3c3f806634489b36ab0eaa401ef68",
                "srcKUID": "h9bdf039c3f54878b18ff66171c8c6c6",
                "wType": "FlexContainer"
            },
            "autogrowMode": {
                "Default": 0
            },
            "height": {},
            "responsiveData": {
                "b3": {
                    "height": {
                        "type": "string",
                        "value": "50dp"
                    }
                }
            }
        },
        "flxHamburger": {
            "__events__": {},
            "__info__": {
                "kuid": "d7d5d163913441bfb05c7bcf224a447a",
                "srcKUID": "f04c6e11e7da43b49dd181b8b47d93c4",
                "wType": "FlexContainer"
            },
            "left": {
                "Default": {
                    "type": "string",
                    "value": "-35%"
                }
            },
            "responsiveData": {
                "b3": {}
            },
            "width": {
                "Default": {
                    "type": "string",
                    "value": "35%"
                }
            },
            "zIndex": {
                "Default": 900
            }
        },
        "flxHamburgerBack": {
            "__events__": {},
            "__info__": {
                "kuid": "af37045e76fc4080908c36c3ff2c5fc7",
                "srcKUID": "d74ea43244984beda96f3fdfd7e1de6b",
                "wType": "FlexContainer"
            }
        },
        "flxHeaderMain": {
            "__events__": {},
            "__info__": {
                "kuid": "deaeca5acdf04ea8b0fda0da64179405",
                "srcKUID": "f85d68fc07dd44c2938e507df0fe87fc",
                "wType": "FlexContainer"
            },
            "autogrowMode": {
                "Default": 0
            },
            "height": {},
            "responsiveData": {
                "b2": {
                    "width": {
                        "type": "string",
                        "value": "100%"
                    }
                },
                "b3": {
                    "height": {
                        "type": "string",
                        "value": "50px"
                    },
                    "isVisible": true,
                    "width": {
                        "type": "string",
                        "value": "100%"
                    }
                },
                "b4": {
                    "width": {
                        "type": "string",
                        "value": "100%"
                    }
                }
            },
            "width": {}
        },
        "flxImgKony": {
            "__events__": {},
            "__info__": {
                "kuid": "d204195b95ff49f88b2695e7d7e8eb0e",
                "srcKUID": "c95bcfbdbcdd4f78abc08c8a1a8688bc",
                "wType": "FlexContainer"
            }
        },
        "flxSeperatorHor2": {
            "__events__": {},
            "__info__": {
                "kuid": "e56143acd396400091bc6229acd06054",
                "srcKUID": "hadeefb9ccf84d75b58e19e7a860af8f",
                "wType": "FlexContainer"
            },
            "responsiveData": {
                "b3": {
                    "top": {
                        "type": "string",
                        "value": "50dp"
                    }
                }
            },
            "top": {}
        },
        "flxTopmenu": {
            "__events__": {},
            "__info__": {
                "kuid": "ee2cab97a8b9401f9f530a7db8b014a9",
                "srcKUID": "ed60ec01cd4843d8acaf4c0c4767b493",
                "wType": "FlexContainer"
            },
            "isVisible": true,
            "responsiveData": {
                "b2": {
                    "width": {
                        "type": "string",
                        "value": "100%"
                    }
                },
                "b3": {
                    "isVisible": true,
                    "top": {
                        "type": "string",
                        "value": "0dp"
                    },
                    "width": {
                        "type": "string",
                        "value": "100%"
                    }
                },
                "b4": {
                    "width": {
                        "type": "string",
                        "value": "100%"
                    }
                }
            },
            "top": {},
            "width": {}
        },
        "flxUserActions": {
            "__events__": {},
            "__info__": {
                "kuid": "hb195ed44fb24baebb50de508887339d",
                "srcKUID": "j914824243a446a18dc539def72a7642",
                "wType": "FlexContainer"
            },
            "isVisible": false,
            "responsiveData": {
                "b1": {
                    "isVisible": false
                },
                "b2": {
                    "isVisible": false
                },
                "b3": {
                    "isVisible": false
                },
                "b4": {
                    "isVisible": false
                }
            }
        },
        "headermenu": {
            "__events__": {},
            "__info__": {
                "kuid": "fda8c0e2f8b14799ad4666fabd5bb9cf",
                "srcKUID": "haabafcdc12f4455b3af44d1e0d8f80b",
                "wType": "UserWidgetInstance"
            },
            "responsiveData": {
                "b2": {
                    "right": {
                        "type": "string",
                        "value": "6%"
                    }
                },
                "b3": {
                    "isVisible": false
                },
                "b4": {
                    "right": {
                        "type": "string",
                        "value": "24dp"
                    },
                    "width": {
                        "type": "string",
                        "value": "100%"
                    }
                }
            },
            "right": {},
            "width": {}
        },
        "headermenu.btnLogout": {
            "__events__": {},
            "__info__": {
                "kuid": "cd7f756383bf4810a74ac2924b23b759",
                "srcKUID": "a99aeb51dbc642d289994c024e87add5",
                "wType": "Button"
            }
        },
        "headermenu.flxEntityText": {
            "__events__": {},
            "__info__": {
                "kuid": "i0f747b995c449fab969d4a1f3b7c8da",
                "srcKUID": "c84a1126dd994e70b166b10be9ad1d63",
                "wType": "FlexContainer"
            }
        },
        "headermenu.flxLECross": {
            "__events__": {},
            "__info__": {
                "kuid": "i78c4a0498b64f93a85d07a98e66b36f",
                "srcKUID": "d846cdbe0fe44883b32a21568bc593c9",
                "wType": "FlexContainer"
            }
        },
        "headermenu.flxLESearch": {
            "__events__": {},
            "__info__": {
                "kuid": "d7080800b5804c7d926046242b1185a1",
                "srcKUID": "eea23134843f4b80b2e4ae61657e28dc",
                "wType": "FlexContainer"
            }
        },
        "headermenu.flxLegalEntity": {
            "__events__": {},
            "__info__": {
                "kuid": "b7f3044422ea472888619a7b3ec6a659",
                "srcKUID": "b2631247fbde406e8b1c69a510ea3432",
                "wType": "FlexContainer"
            }
        },
        "headermenu.flxLegalEntityDropdown": {
            "__events__": {},
            "__info__": {
                "kuid": "b984199f77ce4baf913b52d96fe767a7",
                "srcKUID": "i0a3e54937d84b9f912f98eaf2369f80",
                "wType": "FlexContainer"
            }
        },
        "headermenu.flxMessages": {
            "__events__": {},
            "__info__": {
                "kuid": "b00d204a671c477484e8fa32bcb7278f",
                "srcKUID": "a3a2c85df1ce44b4ad11832c28bce011",
                "wType": "FlexContainer"
            }
        },
        "headermenu.flxNotifications": {
            "__events__": {},
            "__info__": {
                "kuid": "j820f78d33094c1a8c9a4bb729638eee",
                "srcKUID": "ac3447a671db4ff79c563e385d237583",
                "wType": "FlexContainer"
            },
            "responsiveData": {
                "b1": {
                    "right": {
                        "type": "string",
                        "value": "145dp"
                    }
                },
                "b2": {
                    "right": {
                        "type": "string",
                        "value": "145dp"
                    }
                },
                "b4": {
                    "right": {
                        "type": "string",
                        "value": "145dp"
                    }
                }
            },
            "right": {}
        },
        "headermenu.flxResetUserImg": {
            "__events__": {},
            "__info__": {
                "kuid": "g2a681a2fc304058a6fe0a9d5dd7d269",
                "srcKUID": "adcf593a077c4c0cb56c90ee73238583",
                "wType": "FlexContainer"
            },
            "responsiveData": {
                "b1": {
                    "right": {
                        "type": "string",
                        "value": "75dp"
                    }
                }
            },
            "right": {}
        },
        "headermenu.flxSegLegalEntity": {
            "__events__": {},
            "__info__": {
                "kuid": "e77fd3c4eab1418fa1ff13e6e2ca6fa6",
                "srcKUID": "b8d49e1e9e9f417696406b33ed2b334b",
                "wType": "FlexContainer"
            }
        },
        "headermenu.flxUserId": {
            "__events__": {},
            "__info__": {
                "kuid": "cbfaa5f5f31b43db818448c675a7bebb",
                "srcKUID": "c135ea56ffd24834a20c4f3af08e75ed",
                "wType": "FlexContainer"
            },
            "responsiveData": {
                "b1": {
                    "right": {
                        "type": "string",
                        "value": "55dp"
                    }
                }
            },
            "right": {}
        },
        "headermenu.flxVerticalSeperator1": {
            "__events__": {},
            "__info__": {
                "kuid": "aa415da6688f4ee8bedd964afb8a19a3",
                "srcKUID": "g1cf2c5ea04748138b67069bf6443784",
                "wType": "FlexContainer"
            }
        },
        "headermenu.flxVerticalSeperator2": {
            "__events__": {},
            "__info__": {
                "kuid": "f659fa8d47de490cb610c7e14529fefd",
                "srcKUID": "i869d64f25f744c7a219ce87160f4fa9",
                "wType": "FlexContainer"
            }
        },
        "headermenu.flxVerticalSeperator3": {
            "__events__": {},
            "__info__": {
                "kuid": "dd2bb4f2d0c44a1d948166b1dd073106",
                "srcKUID": "ed4ae387593d4f509d7542c9677a49e4",
                "wType": "FlexContainer"
            }
        },
        "headermenu.flxVerticalSeperator4": {
            "__events__": {},
            "__info__": {
                "kuid": "faf06b92c4254afa8e6c5fbb693124b9",
                "srcKUID": "b0bf2b97c6704b489cd1b18c08b05e7c",
                "wType": "FlexContainer"
            }
        },
        "headermenu.flxWarning": {
            "__events__": {},
            "__info__": {
                "kuid": "e7bc579fb12141fa87c7c074ce9b1af5",
                "srcKUID": "a3f637c9fa154e6ca5621edf7af7f744",
                "wType": "FlexContainer"
            }
        },
        "headermenu.flximgUserResetWrapper": {
            "__events__": {},
            "__info__": {
                "kuid": "bdf33374b1e04a0987f9a2b3ed7c5e48",
                "srcKUID": "e3916b40967c456aa3942940472ad47e",
                "wType": "FlexContainer"
            }
        },
        "headermenu.imgDropdown": {
            "__events__": {},
            "__info__": {
                "kuid": "a6e651cb5d9f49538746a4e18792be98",
                "srcKUID": "h3d2b4b7f954464d931e34492064ab17",
                "wType": "Image"
            },
            "src": "profile_dropdown_arrow.png"
        },
        "headermenu.imgLECross": {
            "__events__": {},
            "__info__": {
                "kuid": "c259dc02c0114497acc055c3ddececc4",
                "srcKUID": "e8b242b65ac944e5a612ecffd81385cc",
                "wType": "Image"
            }
        },
        "headermenu.imgLogout": {
            "__events__": {},
            "__info__": {
                "kuid": "bf1aa69fd9de43e0af060817db93cc71",
                "srcKUID": "ea749115721c4958af968ab52ef8529f",
                "wType": "Image"
            },
            "responsiveData": {
                "b2": {},
                "b4": {
                    "right": {
                        "type": "string",
                        "value": "0dp"
                    }
                }
            },
            "right": {
                "Default": {
                    "type": "string",
                    "value": "5dp"
                }
            },
            "src": "logout.png"
        },
        "headermenu.imgMessages": {
            "__events__": {},
            "__info__": {
                "kuid": "c42f3bb110324a7ca3aadc923de770dc",
                "srcKUID": "e210e728a3d64107876615d205a2d4c8",
                "wType": "Label"
            }
        },
        "headermenu.imgNotifications": {
            "__events__": {},
            "__info__": {
                "kuid": "h483073fcafe4935a85294db705ee57b",
                "srcKUID": "j053dc709b2c497681932e7129f70ddb",
                "wType": "Image"
            },
            "src": "notification_flag.png"
        },
        "headermenu.imgUserBoundary": {
            "__events__": {},
            "__info__": {
                "kuid": "j6f7f1b80f114f96b66fe5badd42f7ca",
                "srcKUID": "g6047dd874ff440fab7ed86f7b808fdd",
                "wType": "Image"
            },
            "src": "verify_user.png"
        },
        "headermenu.imgUserReset": {
            "__events__": {},
            "__info__": {
                "kuid": "dec40c57ffe442fe8d0271828a884955",
                "srcKUID": "d155016ff2f34df99cd72e103964fb82",
                "wType": "Image"
            },
            "src": "profile_header.png"
        },
        "headermenu.imgWarning": {
            "__events__": {},
            "__info__": {
                "kuid": "gf7f589f1c0e47069f18fced22eb1cba",
                "srcKUID": "j00ce4f7525e4f2aa69884ac2cc7b8a0",
                "wType": "Image"
            },
            "src": "error_yellow.png"
        },
        "headermenu.imgheaderdefault": {
            "__events__": {},
            "__info__": {
                "kuid": "f057fec3162e4a48a14f5fff86dd8edc",
                "srcKUID": "i589d54c00ef4b33bc0e54ccd9b1e9b9",
                "wType": "Image"
            },
            "src": "default_username.png"
        },
        "headermenu.lblImageLogout": {
            "__events__": {},
            "__info__": {
                "kuid": "c5f0083a95074597ab033a50520a2fc6",
                "srcKUID": "f96e1012115540aebf364b900bd0ac3b",
                "wType": "Label"
            }
        },
        "headermenu.lblLESearchIcon": {
            "__events__": {},
            "__info__": {
                "kuid": "h916dad9123e4968ab2c6871138d75bd",
                "srcKUID": "j651c43464394ed6a9e7dcfae1bb11b8",
                "wType": "Label"
            }
        },
        "headermenu.lblLegalEntity": {
            "__events__": {},
            "__info__": {
                "kuid": "d2db1d5af1af459e8184c09d5b8e111e",
                "srcKUID": "cef9dffcd9f2433e90ba2d1df1f40df6",
                "wType": "Label"
            }
        },
        "headermenu.lblLegalEntityDropdownIcon": {
            "__events__": {},
            "__info__": {
                "kuid": "d91018a96dae4fd5be486f32220edfa0",
                "srcKUID": "gbcce66d4cdf45e2b031fcc09efb812b",
                "wType": "Label"
            }
        },
        "headermenu.lblLegalEntityText": {
            "__events__": {},
            "__info__": {
                "kuid": "f27d420901d14650b7194a1a82ecf308",
                "srcKUID": "de4974ebc82d4c1787e8617843ad4c75",
                "wType": "Label"
            }
        },
        "headermenu.lblNewMessages": {
            "__events__": {},
            "__info__": {
                "kuid": "e24236b59e8c40b9af5c413773a170e8",
                "srcKUID": "eb2b58f5c0fe4a178d7b685995b78747",
                "wType": "Label"
            }
        },
        "headermenu.lblNewNotifications": {
            "__events__": {},
            "__info__": {
                "kuid": "a107925a2c3643aa84477e14b3d18946",
                "srcKUID": "bc2f4a9f76164bc18e8e1663bbba3a61",
                "wType": "Label"
            }
        },
        "headermenu.lblNotifications": {
            "__events__": {},
            "__info__": {
                "kuid": "ac8c6a25bf8c45189ff53f6c151c3c35",
                "srcKUID": "ia435cbbf32f4cc9900e89096e8c2c52",
                "wType": "Label"
            }
        },
        "headermenu.rtxWarning": {
            "__events__": {},
            "__info__": {
                "kuid": "j4f59cdb9d134f1682c364ec6298ae2b",
                "srcKUID": "i05c5f9533194937886bb0d238f640e3",
                "wType": "RichText"
            }
        },
        "headermenu.segLegalEntity": {
            "__events__": {},
            "__info__": {
                "kuid": "j12241d5399a41eb9f0921d54be18970",
                "srcKUID": "bf7bb8ee891b405c9a418507f50aeba8",
                "wType": "Segment"
            }
        },
        "headermenu.tbxLESearch": {
            "__events__": {},
            "__info__": {
                "kuid": "b704c795ed07400e884d2ed6e1aefa6d",
                "srcKUID": "f56567750f17469c9f4229bc2e36851f",
                "wType": "TextField"
            }
        },
        "imgKony": {
            "__events__": {},
            "__info__": {
                "kuid": "df97253f50074f209b53d2653d716767",
                "srcKUID": "i89a4c93ab68416c8f6a24b3e85d037c",
                "wType": "Image"
            },
            "left": {},
            "responsiveData": {
                "b1": {
                    "left": {
                        "type": "string",
                        "value": "85dp"
                    }
                },
                "b3": {
                    "isVisible": false
                },
                "b4": {
                    "left": {
                        "type": "string",
                        "value": "24dp"
                    },
                    "top": {
                        "type": "string",
                        "value": "18px"
                    }
                }
            },
            "src": "kony_logo.png",
            "top": {}
        },
        "imgToolTip": {
            "__events__": {},
            "__info__": {
                "kuid": "a321d8eb3c0a4c079393358b0448a75a",
                "srcKUID": "b05c4200ee7747f2b596bc0eafc18760",
                "wType": "Image"
            },
            "src": "tool_tip.png"
        },
        "lblHeaderMobile": {
            "__events__": {},
            "__info__": {
                "kuid": "fa108d14c2ad46aea33b0e1bb62e4bfa",
                "srcKUID": "f601c2dac7d4490fb32b2040ad16ca87",
                "wType": "Label"
            },
            "isVisible": true,
            "responsiveData": {
                "b2": {
                    "text": "Feedback"
                },
                "b3": {
                    "text": "Feedback"
                },
                "b4": {
                    "text": ""
                }
            },
            "text": ""
        },
        "lblHeaderMobileView": {
            "__events__": {},
            "__info__": {
                "kuid": "g3e510368bd14ff983c1b7829f3a60fc",
                "srcKUID": "e845559aef0c4fb9b6a4354975cce47c",
                "wType": "Label"
            }
        },
        "lblName": {
            "__events__": {},
            "__info__": {
                "kuid": "h923bd467c7d439f83ce7a8c931c024d",
                "srcKUID": "e4ac7c6df45f47999b2250e0bcb58bcb",
                "wType": "Label"
            }
        },
        "lblUserEmail": {
            "__events__": {},
            "__info__": {
                "kuid": "h041f65ce44f4b87b4d8654bbc64b085",
                "srcKUID": "cd423535a51f4a4bb95d5056c43f5d13",
                "wType": "RichText"
            }
        },
        "lblUserEmail1": {
            "__events__": {},
            "__info__": {
                "kuid": "d8f89472c5b44533bfe42549f443728f",
                "srcKUID": "j0ea4a96f1104289ad3d0312ed141d3b",
                "wType": "Label"
            }
        },
        "segUserActions": {
            "__events__": {},
            "__info__": {
                "kuid": "ea6f3459a174451488cc090b4a143e54",
                "srcKUID": "h6bf423223694ef0be1f75d0abee1c0a",
                "wType": "Segment"
            },
            "isVisible": true
        },
        "topmenu": {
            "__events__": {},
            "__info__": {
                "kuid": "e9c11bab1e4f42038b6876556a124630",
                "srcKUID": "f3bc1d211a8342419317a1f649e456a0",
                "wType": "UserWidgetInstance"
            },
            "responsiveData": {
                "b3": {
                    "isVisible": true
                },
                "b4": {
                    "width": {
                        "type": "string",
                        "value": "100%"
                    }
                }
            },
            "width": {}
        },
        "topmenu.CopyLabel0a8b12f7002084d": {
            "__events__": {},
            "__info__": {
                "kuid": "b7231e5c54674407b849c76af37a3427",
                "srcKUID": "c6970a565fc545a99c0e118b2e0fd447",
                "wType": "Label"
            }
        },
        "topmenu.CopyLabel0bb648d916e554d": {
            "__events__": {},
            "__info__": {
                "kuid": "d306396e77cc4008ad8ab60686e5adfd",
                "srcKUID": "jff9fe4733df441da45df3e9e7077c16",
                "wType": "Label"
            }
        },
        "topmenu.CopyLabel0h9e71b8a76ad44": {
            "__events__": {},
            "__info__": {
                "kuid": "fd1c72ce91ad4ecf8d81021683ebd5dd",
                "srcKUID": "db7ed17156b3455982f6d5e9ec649426",
                "wType": "Label"
            }
        },
        "topmenu.Label0dcf00103bdba46": {
            "__events__": {},
            "__info__": {
                "kuid": "j6dddd33e1b842a1b7961217226798f4",
                "srcKUID": "f93434834b0144ffb8f03bbbe1edf740",
                "wType": "Label"
            }
        },
        "topmenu.btnHamburger": {
            "__events__": {},
            "__info__": {
                "kuid": "c0e76f44f37f40bdb7e16443e63b8407",
                "srcKUID": "d1b1ca20f167455d86776d6c2cad2162",
                "wType": "Button"
            }
        },
        "topmenu.flxCombined": {
            "__events__": {},
            "__info__": {
                "kuid": "i7e5240001d742219de7aed516a300ec",
                "srcKUID": "ia75c62782304b3db8698da48f580b35",
                "wType": "FlexContainer"
            }
        },
        "topmenu.flxCombinedAccess": {
            "__events__": {},
            "__info__": {
                "kuid": "baf7d03f4f214c179f4826055c8a9609",
                "srcKUID": "b4fbc28380364865bbfe12defa72c365",
                "wType": "FlexContainer"
            }
        },
        "topmenu.flxCombinedAccessMenu": {
            "__events__": {},
            "__info__": {
                "kuid": "b8a1a7c7551444e68c9d74966fdedbe9",
                "srcKUID": "dbc3eec174e7474c887b9bc82e30b4d5",
                "wType": "FlexContainer"
            }
        },
        "topmenu.flxCombinedAccessMenuMobile": {
            "__events__": {},
            "__info__": {
                "kuid": "gfb1bf503f7e4969ae84ba91846394b4",
                "srcKUID": "h37db148c1be4747b25b61b848ebea88",
                "wType": "FlexContainer"
            }
        },
        "topmenu.flxCombinedAccessMobile": {
            "__events__": {},
            "__info__": {
                "kuid": "h058df526e3f4b8699e4678db5858c96",
                "srcKUID": "cff3966829d04b9da4ea5ffbf721ad43",
                "wType": "FlexContainer"
            }
        },
        "topmenu.flxCombinedMobile": {
            "__events__": {},
            "__info__": {
                "kuid": "e99e8ef125aa4cf7804c8d5515275cd4",
                "srcKUID": "c6282db2327448d3a1d309d0c8257027",
                "wType": "FlexContainer"
            }
        },
        "topmenu.flxContextualMenu": {
            "__events__": {},
            "__info__": {
                "kuid": "bec0edc5e6f74284a0024c195c5371fb",
                "srcKUID": "iaedc8bb3b254e219e0ec496d08636d8",
                "wType": "FlexContainer"
            },
            "isVisible": false,
            "responsiveData": {
                "b3": {}
            }
        },
        "topmenu.flxFeedback": {
            "__events__": {},
            "__info__": {
                "kuid": "g443f24913e6427985103c238a95efba",
                "srcKUID": "cd10d4b4f565433fb35f2d2d0a97fe1e",
                "wType": "FlexContainer"
            },
            "responsiveData": {
                "b3": {
                    "isVisible": false
                },
                "b4": {
                    "right": {
                        "type": "string",
                        "value": "75dp"
                    },
                    "width": {
                        "type": "string",
                        "value": "16%"
                    }
                }
            },
            "right": {},
            "width": {}
        },
        "topmenu.flxFeedbackimg": {
            "__events__": {},
            "__info__": {
                "kuid": "gdd7dfc346354c4483cb28c3a2a6dffe",
                "srcKUID": "g11b5488a8d343ae866e1de13660acda",
                "wType": "FlexContainer"
            },
            "left": {},
            "responsiveData": {
                "b1": {
                    "right": {
                        "type": "string",
                        "value": "10dp"
                    }
                },
                "b2": {
                    "right": {
                        "type": "string",
                        "value": "10dp"
                    },
                    "width": {
                        "type": "string",
                        "value": "80%"
                    }
                },
                "b4": {
                    "right": {
                        "type": "string",
                        "value": "5%"
                    },
                    "width": {
                        "type": "string",
                        "value": "85%"
                    }
                }
            },
            "right": {},
            "width": {}
        },
        "topmenu.flxHelp": {
            "__events__": {},
            "__info__": {
                "kuid": "b418dd24f9404969a45fa64aa31303d9",
                "srcKUID": "i2d06c634cdc4172ba80e744bcdcfebb",
                "wType": "FlexContainer"
            },
            "responsiveData": {
                "b1": {
                    "right": {
                        "type": "string",
                        "value": "83dp"
                    },
                    "width": {
                        "type": "string",
                        "value": "55dp"
                    }
                },
                "b2": {
                    "right": {
                        "type": "string",
                        "value": "6%"
                    },
                    "width": {
                        "type": "string",
                        "value": "55dp"
                    }
                },
                "b3": {
                    "isVisible": false
                },
                "b4": {
                    "right": {
                        "type": "string",
                        "value": "2.50%"
                    },
                    "width": {
                        "type": "string",
                        "value": "60dp"
                    }
                }
            },
            "right": {
                "Default": {
                    "type": "string",
                    "value": "5%"
                }
            },
            "width": {
                "Default": {
                    "type": "string",
                    "value": "70dp"
                }
            }
        },
        "topmenu.flxMenusMain": {
            "__events__": {},
            "__info__": {
                "kuid": "h4fca3eac93e48c3bbd4988243192700",
                "srcKUID": "da5555fd4c164726bf9860ec53363048",
                "wType": "FlexContainer"
            },
            "responsiveData": {
                "b3": {
                    "isVisible": true,
                    "top": {
                        "type": "string",
                        "value": "0dp"
                    }
                }
            },
            "top": {}
        },
        "topmenu.flxMyBills": {
            "__events__": {},
            "__info__": {
                "kuid": "ca129ea0e91048baba13b773719ae5b0",
                "srcKUID": "a4da8c0229454e98aa76669ee85574cb",
                "wType": "FlexContainer"
            }
        },
        "topmenu.flxPayBills": {
            "__events__": {},
            "__info__": {
                "kuid": "e6b87f9e22c74c5a9366544205164525",
                "srcKUID": "ea97a9ae24004e468bb62c6e11cff833",
                "wType": "FlexContainer"
            }
        },
        "topmenu.flxPayMultipleBeneficiaries": {
            "__events__": {},
            "__info__": {
                "kuid": "c566ced6319a4f3eb134d46255eec498",
                "srcKUID": "de653a693d5143f8a86ed23628877bac",
                "wType": "FlexContainer"
            }
        },
        "topmenu.flxSendMoney": {
            "__events__": {},
            "__info__": {
                "kuid": "e387ddfd45bb4355a73e0f7ee2d081d5",
                "srcKUID": "h1bb64a044404681858216ea0afef3cf",
                "wType": "FlexContainer"
            }
        },
        "topmenu.flxSeperator1": {
            "__events__": {},
            "__info__": {
                "kuid": "gda40f163e56463284fa6aea555d2810",
                "srcKUID": "i09ec806e136452589e84e2f83e53e68",
                "wType": "FlexContainer"
            },
            "responsiveData": {
                "b3": {
                    "isVisible": false
                }
            }
        },
        "topmenu.flxSeperator4": {
            "__events__": {},
            "__info__": {
                "kuid": "c4b3bf748f18479da4be7bf4142a9db8",
                "srcKUID": "cb1d2b3f8bf64e53abc8fe2029b5055a",
                "wType": "FlexContainer"
            }
        },
        "topmenu.flxTransferMoney": {
            "__events__": {},
            "__info__": {
                "kuid": "ebcb6359f36e4db5b02cfb83f361c02f",
                "srcKUID": "j0b6f93293e948bbaad52b4f16db8bea",
                "wType": "FlexContainer"
            }
        },
        "topmenu.flxTransfersAndPay": {
            "__events__": {},
            "__info__": {
                "kuid": "a0ac1b8e5ec742f1b53694ef3e3fd52e",
                "srcKUID": "j83fe7fb58c04ec394a0d8313351f539",
                "wType": "FlexContainer"
            },
            "responsiveData": {
                "b3": {
                    "isVisible": false
                }
            }
        },
        "topmenu.flxWireMoney": {
            "__events__": {},
            "__info__": {
                "kuid": "g539ac342d604404996496cbee79bad0",
                "srcKUID": "ed2961fbd05f4e8eb5ae5d530848a7da",
                "wType": "FlexContainer"
            }
        },
        "topmenu.flxaccounts": {
            "__events__": {},
            "__info__": {
                "kuid": "eb3d40677496462f80ed33abe770eb85",
                "srcKUID": "b6366fc9b5854ca5aecefb68e89386e7",
                "wType": "FlexContainer"
            },
            "responsiveData": {
                "b3": {
                    "isVisible": false
                }
            }
        },
        "topmenu.flxverseperator2": {
            "__events__": {},
            "__info__": {
                "kuid": "ib2d77ce5f0940978bb8ed3b36e176ff",
                "srcKUID": "f9719a0b9d3f42b690d0b92a4477ec5d",
                "wType": "FlexContainer"
            }
        },
        "topmenu.imgLblTransfers": {
            "__events__": {},
            "__info__": {
                "kuid": "d2c5082c6a5c4f8abca9768f48f7dc75",
                "srcKUID": "i6ce4bbe9a904933bf2c217077d91a6f",
                "wType": "Label"
            }
        },
        "topmenu.lblAccounts": {
            "__events__": {},
            "__info__": {
                "kuid": "a1a99101d8f5471383b7a3c4af6168a8",
                "srcKUID": "bcf724a120b24fdbb2278444060c639c",
                "wType": "Label"
            }
        },
        "topmenu.lblDashboard": {
            "__events__": {},
            "__info__": {
                "kuid": "g5ed846f35314c38894423cdb3b35577",
                "srcKUID": "i230559c4e194a67933901b9936958bd",
                "wType": "Label"
            }
        },
        "topmenu.lblDashboardHeader": {
            "__events__": {},
            "__info__": {
                "kuid": "e8ccfeb074a941f4894d30c93ce473f1",
                "srcKUID": "gf3a6b9b54b048fc88af1a277a814f00",
                "wType": "Label"
            }
        },
        "topmenu.lblDashboardIcon": {
            "__events__": {},
            "__info__": {
                "kuid": "e2f5e7a92530475982f9f1108a95eb7b",
                "srcKUID": "cb6af2dadd2147068fe7977967ed48d3",
                "wType": "Label"
            }
        },
        "topmenu.lblDashboardIconMobile": {
            "__events__": {},
            "__info__": {
                "kuid": "h6b568d2ea0444da9b90d87a38e6ff5a",
                "srcKUID": "d810310301f748e484f38777d90fbf09",
                "wType": "Label"
            }
        },
        "topmenu.lblDropbox": {
            "__events__": {},
            "__info__": {
                "kuid": "b42510a0d5c24a5c8d9ac2431de01315",
                "srcKUID": "ec1ce5d231134d4f8cfb0842f7538da3",
                "wType": "Label"
            }
        },
        "topmenu.lblDropboxMobile": {
            "__events__": {},
            "__info__": {
                "kuid": "a79e2e89f6fa43fc85ea0c1e7c67bca2",
                "srcKUID": "d5987c906f8f432ea7c31a58772ad7a0",
                "wType": "Label"
            }
        },
        "topmenu.lblFeedback": {
            "__events__": {},
            "__info__": {
                "kuid": "i05aec160948450e9df207b98936663c",
                "srcKUID": "i45ffb2e674e425ba9e5542807008a2e",
                "wType": "Label"
            },
            "responsiveData": {}
        },
        "topmenu.lblHelp": {
            "__events__": {},
            "__info__": {
                "kuid": "c62c5556303b42c6b90a5edd11ab5892",
                "srcKUID": "b910c72e31ac4950b9d4fcca565a1df4",
                "wType": "Label"
            },
            "centerX": {
                "Default": {
                    "type": "string",
                    "value": "50%"
                }
            },
            "isVisible": true,
            "responsiveData": {
                "b1": {
                    "centerX": {
                        "type": "string",
                        "value": ""
                    },
                    "right": {
                        "type": "string",
                        "value": "0dp"
                    }
                },
                "b2": {
                    "centerX": {
                        "type": "string",
                        "value": ""
                    },
                    "right": {
                        "type": "string",
                        "value": "0dp"
                    }
                },
                "b4": {
                    "centerX": {
                        "type": "string",
                        "value": ""
                    },
                    "right": {
                        "type": "string",
                        "value": "0dp"
                    }
                }
            },
            "right": {
                "Default": {
                    "type": "string",
                    "value": ""
                }
            }
        },
        "topmenu.lblMyBills": {
            "__events__": {},
            "__info__": {
                "kuid": "a74619400e6f4f808800ea98dedebb8e",
                "srcKUID": "d8925fb060194253ba463a13de343eac",
                "wType": "Label"
            }
        },
        "topmenu.lblPayMultipleBeneficiaries": {
            "__events__": {},
            "__info__": {
                "kuid": "g9757452b1a84278b3f602ce06ba571e",
                "srcKUID": "cedc3a7abf744c1c80199066b1f9a252",
                "wType": "Label"
            }
        },
        "topmenu.lblTransferAndPay": {
            "__events__": {},
            "__info__": {
                "kuid": "e089f3324c2f4e09830b12886a868671",
                "srcKUID": "gf970d4c8185498db726665e80e4fff7",
                "wType": "Label"
            }
        },
        "topmenu.segCombinedAccessMenuMobile": {
            "__events__": {},
            "__info__": {
                "kuid": "cf15157888e64f369612b7dee8c75a74",
                "srcKUID": "fc65c13a65044f12b6e9da428e059df4",
                "wType": "Segment"
            }
        },
        "topmenu.segMenuDropdown": {
            "__events__": {},
            "__info__": {
                "kuid": "d2d127ae5f5848f9aba7fac201cb7aff",
                "srcKUID": "h8894426165e4ae3bc9b8480f4c0affa",
                "wType": "Segment"
            }
        }
    },
    "id": "customheader",
    "info": null,
    "isdatareferenced": false,
    "issegmentchild": false,
    "isvisible": true,
    "kuid": "d50239dc5c1445bab4f20d5d604a851c",
    "layouttype": 2,
    "masterType": 0,
    "name": "kony.ui.UserWidgetInstance",
    "parent": "flxHeaderPostLogin",
    "pf": "frmCustomerFeedback",
    "snaptogrid": true,
    "sourceUserWidget": "c04bbf50611342ca895c5e0a329aeb52",
    "vizprops": {
        "hidewidgethierarchy": false
    },
    "wType": "UserWidgetInstance",
    "zindex": 1000
}