{
    "@class": "com.kony.gen.viz.model.component.KVizUserWidget",
    "DNDConfig": null,
    "_children_": [],
    "_height_": {
        "type": "ref",
        "value": "preferred"
    },
    "_left_": {
        "type": "string",
        "value": "0dp"
    },
    "_margin_": [
        0,
        0,
        0,
        0
    ],
    "_orientation_": 1,
    "_padding_": [
        0,
        0,
        0,
        0
    ],
    "_percent_": true,
    "_render_": true,
    "_skin_": "sb75f187c17c456fb0450d66550451bb",
    "_top_": {
        "type": "string",
        "value": "0dp"
    },
    "_width_": {
        "type": "string",
        "value": "100%"
    },
    "areflexpropsreferenced": false,
    "autogrowmode": 1,
    "canUpdateUI": true,
    "centerx": {
        "type": "number",
        "value": ""
    },
    "clipbounds": false,
    "containerweight": 0,
    "dataDiffs": {
        "AllForms": {
            "__events__": {},
            "__info__": {
                "kuid": "i62235074dc04d1daa23a03d68922209",
                "srcKUID": "af9eda3d0a384cdfa55b41a248b6f133",
                "wType": "UserWidgetInstance"
            },
            "clipBounds": false,
            "isVisible": false,
            "left": {
                "Default": {
                    "type": "string",
                    "value": "100dp"
                }
            },
            "responsiveData": {
                "b1": {
                    "left": {
                        "type": "string",
                        "value": "7%"
                    },
                    "zIndex": 20
                },
                "b2": {
                    "left": {
                        "type": "string",
                        "value": "12%"
                    }
                },
                "b3": {
                    "left": {
                        "type": "string",
                        "value": "55dp"
                    }
                },
                "b4": {
                    "left": {
                        "type": "string",
                        "value": "200dp"
                    }
                }
            },
            "top": {
                "Default": {
                    "type": "string",
                    "value": "420dp"
                }
            },
            "zIndex": {}
        },
        "AllForms.RichTextInfo": {
            "__events__": {},
            "__info__": {
                "kuid": "e26fee2475824f47b60a5ea94005c003",
                "srcKUID": "b0b88114077243c0bfbb53875c190a52",
                "wType": "RichText"
            },
            "i18n_text": "i18n.CustomerFeedback.msgInfo",
            "text": "Let us know what features should be added to this application to improve your online banking experience."
        },
        "AllForms.RichTextInfoArabic": {
            "__events__": {},
            "__info__": {
                "kuid": "gd04900eca194295b210978b5d16e05a",
                "srcKUID": "i785244ef47347d1b625852eed2fd1da",
                "wType": "RichText"
            }
        },
        "AllForms.flxAccountType": {
            "__events__": {},
            "__info__": {
                "kuid": "hbf1c50caa5b4185837fbb48e48b14e0",
                "srcKUID": "cb095180aa6f4d9e903873413248a076",
                "wType": "FlexContainer"
            }
        },
        "AllForms.flxCross": {
            "__events__": {},
            "__info__": {
                "kuid": "ac195cde9f8c4a91bbfe3cb4ad5fe04b",
                "srcKUID": "a0bef6dfd8cf40f4925528ae90823929",
                "wType": "FlexContainer"
            }
        },
        "AllForms.flxInformation": {
            "__events__": {},
            "__info__": {
                "kuid": "ce785a34318447fb8cbbc8807a846e00",
                "srcKUID": "ga988d02acb7461a8f75953c5f8a7d3e",
                "wType": "FlexContainer"
            },
            "top": {
                "Default": {
                    "type": "string",
                    "value": "0dp"
                }
            }
        },
        "AllForms.flxInformationText": {
            "__events__": {},
            "__info__": {
                "kuid": "j0f8a2c3ed7043ed9faa6ab691cb14c7",
                "srcKUID": "hc96d73a57fc4fe89c2d303d23e55d34",
                "wType": "FlexContainer"
            },
            "top": {
                "Default": {
                    "type": "string",
                    "value": "-2dp"
                }
            }
        },
        "AllForms.imgCross": {
            "__events__": {},
            "__info__": {
                "kuid": "cff14249152049f79582e293f44b0097",
                "srcKUID": "ab0b72ef6dab4587ab46226a22744e2f",
                "wType": "Image"
            },
            "responsiveData": {
                "b1": {}
            },
            "src": "bbcloseicon.png"
        },
        "AllForms.imgToolTip": {
            "__events__": {},
            "__info__": {
                "kuid": "ea397a4b2d1e415084e9716a3adcc8dc",
                "srcKUID": "b06ee37745f449a98667aaf7b038b1a5",
                "wType": "Image"
            },
            "src": "tool_tip.png"
        },
        "AllForms.lblInfo": {
            "__events__": {},
            "__info__": {
                "kuid": "be3d97f092d146ffba88dec693de2b7c",
                "srcKUID": "e12f4e5e7a8d4f259aca998dd816ee9d",
                "wType": "Label"
            }
        },
        "AllForms.lblSeperator": {
            "__events__": {},
            "__info__": {
                "kuid": "h017a8ce2cc34c3a8d96d66c665be717",
                "srcKUID": "d03d28452ac5465c8be09687537f57dc",
                "wType": "Label"
            }
        },
        "Feedback": {
            "__events__": {},
            "__info__": {
                "isRoot": true,
                "kuid": "b574c0dd6dcf4417b04a851384ba52ed",
                "srcKUID": "ceafa1a08293436eb91035769c96f5ec",
                "wType": "FlexContainer"
            },
            "centerX": {},
            "isVisible": true,
            "left": {},
            "responsiveData": {
                "b1": {
                    "centerX": {
                        "type": "string",
                        "value": "50%"
                    },
                    "left": {
                        "type": "string",
                        "value": ""
                    }
                },
                "b4": {
                    "left": {
                        "type": "string",
                        "value": "0dp"
                    },
                    "right": {
                        "type": "string",
                        "value": "24dp"
                    }
                }
            },
            "right": {},
            "width": {
                "Default": {
                    "type": "string",
                    "value": "100%"
                }
            }
        },
        "LblAddFeatureRequest": {
            "__events__": {},
            "__info__": {
                "kuid": "c8d79a41934a4c89a828d283ecfb6821",
                "srcKUID": "dcb38868e18f43c7a2babed5a2cc8626",
                "wType": "Label"
            },
            "height": {
                "Default": {
                    "type": "string",
                    "value": "25dp"
                }
            },
            "left": {},
            "responsiveData": {
                "b1": {
                    "left": {
                        "type": "string",
                        "value": "10dp"
                    },
                    "text": "Add Feature Request",
                    "top": {
                        "type": "string",
                        "value": "0dp"
                    }
                },
                "b2": {
                    "left": {
                        "type": "string",
                        "value": "10dp"
                    },
                    "top": {
                        "type": "string",
                        "value": "0dp"
                    }
                },
                "b3": {
                    "height": {
                        "type": "string",
                        "value": "22dp"
                    },
                    "left": {
                        "type": "string",
                        "value": "5dp"
                    },
                    "text": "Add Feature Request",
                    "top": {
                        "type": "string",
                        "value": "3dp"
                    }
                },
                "b4": {
                    "left": {
                        "type": "string",
                        "value": "10dp"
                    },
                    "text": "Add Feature Request",
                    "top": {
                        "type": "string",
                        "value": "0dp"
                    }
                }
            },
            "text": "Label",
            "top": {
                "Default": {
                    "type": "string",
                    "value": "1dp"
                }
            }
        },
        "confirmButtons": {
            "__events__": {},
            "__info__": {
                "kuid": "jc6be6257c6f4b0d97129cc93cb72d15",
                "srcKUID": "g6a1fc2549ba438aa18b0c9c856f1de9",
                "wType": "UserWidgetInstance"
            },
            "autogrowMode": {
                "Default": 0
            },
            "height": {},
            "responsiveData": {
                "b2": {
                    "top": {
                        "type": "string",
                        "value": "20dp"
                    }
                },
                "b3": {
                    "height": {
                        "type": "string",
                        "value": "120px"
                    },
                    "top": {
                        "type": "string",
                        "value": "10dp"
                    }
                },
                "b4": {
                    "right": {
                        "type": "string",
                        "value": "0dp"
                    },
                    "width": {
                        "type": "string",
                        "value": "98%"
                    }
                }
            },
            "right": {},
            "top": {
                "type": "string",
                "value": "20dp"
            },
            "width": {}
        },
        "confirmButtons.btnCancel": {
            "__events__": {},
            "__info__": {
                "kuid": "b632cb65646d42f6b92a3414fadf660a",
                "srcKUID": "c69dd70537134dca91d79ecfae2ab801",
                "wType": "Button"
            },
            "isVisible": false
        },
        "confirmButtons.btnConfirm": {
            "__events__": {
                "ide_onClick": "AS_Button_de264b9824ac4f68843c416991eff063"
            },
            "__info__": {
                "kuid": "eea8a6f8e1d740a0ae27686b0369bd4a",
                "srcKUID": "id4ed79fda4946d7b788005be824b480",
                "wType": "Button"
            },
            "centerY": {},
            "i18n_text": "i18n.CustomerFeedback.Submit",
            "left": {},
            "responsiveData": {
                "b3": {
                    "centerY": {
                        "type": "string",
                        "value": ""
                    },
                    "left": {
                        "type": "string",
                        "value": "2.50%"
                    },
                    "right": {
                        "type": "string",
                        "value": "10dp"
                    },
                    "top": {
                        "type": "string",
                        "value": "15dp"
                    },
                    "width": {
                        "type": "string",
                        "value": "95%"
                    }
                },
                "b4": {
                    "right": {
                        "type": "string",
                        "value": "0%"
                    }
                }
            },
            "right": {},
            "top": {},
            "width": {
                "Default": {
                    "type": "string",
                    "value": "150dp"
                }
            }
        },
        "confirmButtons.btnModify": {
            "__events__": {
                "ide_onClick": "AS_Button_c667bf53388c4a81b111f208040f9e49"
            },
            "__info__": {
                "kuid": "b244dd7f838841debf12551abbf8880f",
                "srcKUID": "ib356fc7a2664bdfa2d82ba1e6d9bf5a",
                "wType": "Button"
            },
            "centerY": {},
            "i18n_text": "i18n.transfers.Cancel",
            "left": {},
            "responsiveData": {
                "b3": {
                    "centerY": {
                        "type": "string",
                        "value": ""
                    },
                    "left": {
                        "type": "string",
                        "value": "2.50%"
                    },
                    "top": {
                        "type": "string",
                        "value": "70dp"
                    },
                    "width": {
                        "type": "string",
                        "value": "95%"
                    }
                },
                "b4": {
                    "right": {
                        "type": "string",
                        "value": "180dp"
                    }
                }
            },
            "right": {
                "Default": {
                    "type": "string",
                    "value": "200dp"
                }
            },
            "top": {},
            "width": {
                "Default": {
                    "type": "string",
                    "value": "150dp"
                }
            }
        },
        "confirmButtons.flxHorizontalLine": {
            "__events__": {},
            "__info__": {
                "kuid": "e660a98cdcf3421a8ece606f889b0534",
                "srcKUID": "daa090bb00594a999e8dd106a8d4f9ec",
                "wType": "FlexContainer"
            },
            "left": {},
            "responsiveData": {
                "b3": {
                    "left": {
                        "type": "string",
                        "value": "0dp"
                    },
                    "right": {
                        "type": "string",
                        "value": ""
                    },
                    "width": {
                        "type": "string",
                        "value": "100%"
                    }
                }
            },
            "right": {},
            "top": {
                "Default": {
                    "type": "string",
                    "value": "0dp"
                }
            },
            "width": {}
        },
        "flxAddFeatureRequest": {
            "__events__": {},
            "__info__": {
                "kuid": "g2b1c9e9205e44408687bcb7c16ad39a",
                "srcKUID": "f3dc5e649e0e4ac5b5f23d7699410246",
                "wType": "FlexContainer"
            },
            "responsiveData": {
                "b2": {
                    "layoutType": 3
                },
                "b3": {
                    "layoutType": 3,
                    "top": {
                        "type": "string",
                        "value": "15dp"
                    }
                },
                "b4": {
                    "layoutType": 3
                }
            },
            "top": {
                "Default": {
                    "type": "string",
                    "value": "20dp"
                }
            }
        },
        "flxAddFeatureRequestandimg": {
            "__events__": {
                "ide_onClick": "AS_FlexContainer_i82dddffde6e4f2ea6bffbf21f35369a"
            },
            "__info__": {
                "kuid": "ed5f0ad2a7184c76bb0ee7ab98b970c3",
                "srcKUID": "d200469f27a84ef2a2bfd4212ce0f5f8",
                "wType": "FlexContainer"
            },
            "layoutType": 3,
            "left": {
                "Default": {
                    "type": "string",
                    "value": "0dp"
                }
            },
            "responsiveData": {
                "b1": {
                    "width": {
                        "type": "string",
                        "value": "100%"
                    }
                },
                "b2": {
                    "width": {
                        "type": "string",
                        "value": "100%"
                    }
                },
                "b3": {
                    "left": {
                        "type": "string",
                        "value": "0dp"
                    },
                    "width": {
                        "type": "string",
                        "value": "100%"
                    }
                },
                "b4": {
                    "width": {
                        "type": "string",
                        "value": "100%"
                    }
                }
            },
            "width": {
                "Default": {
                    "type": "string",
                    "value": "100%"
                }
            }
        },
        "flxAddRequest": {
            "__events__": {},
            "__info__": {
                "kuid": "de77bd5e5de245749c896506ed71a9f1",
                "srcKUID": "g1a1364089c8461d86afe56a1f5a0c69",
                "wType": "FlexContainer"
            },
            "responsiveData": {
                "b2": {
                    "width": {
                        "type": "string",
                        "value": "17%"
                    }
                },
                "b3": {
                    "width": {
                        "type": "string",
                        "value": "85%"
                    }
                },
                "b4": {
                    "width": {
                        "type": "string",
                        "value": "17%"
                    }
                }
            },
            "width": {
                "Default": {
                    "type": "string",
                    "value": "15%"
                }
            }
        },
        "flxAllForms": {
            "__events__": {},
            "__info__": {
                "kuid": "b45e37a7da104f8fb65ca508d0270563",
                "srcKUID": "a966a856f7d444c18cc0caae4db2bd9f",
                "wType": "FlexContainer"
            }
        },
        "flxHeader": {
            "__events__": {},
            "__info__": {
                "kuid": "haa5438d9409411fa6cfedaa178ec27f",
                "srcKUID": "c460ab58945846c899f18f9f5295d25e",
                "wType": "FlexContainer"
            },
            "autogrowMode": {
                "Default": 0
            },
            "centerX": {},
            "height": {
                "Default": {
                    "type": "string",
                    "value": "67dp"
                }
            },
            "left": {},
            "responsiveData": {
                "b1": {
                    "centerX": {
                        "type": "string",
                        "value": ""
                    },
                    "left": {
                        "type": "string",
                        "value": "0dp"
                    },
                    "right": {
                        "type": "string",
                        "value": ""
                    },
                    "width": {
                        "type": "string",
                        "value": "100%"
                    }
                },
                "b3": {
                    "isVisible": false
                }
            },
            "right": {},
            "top": {
                "Default": {
                    "type": "string",
                    "value": "0dp"
                }
            },
            "width": {}
        },
        "flxHorizontalLine": {
            "__events__": {},
            "__info__": {
                "kuid": "ie28ca2454cb428788e15213871c1c31",
                "srcKUID": "d5970485be1d4930b741be22a84ce890",
                "wType": "FlexContainer"
            },
            "responsiveData": {
                "b4": {
                    "isVisible": false
                }
            }
        },
        "flxImgInfoIcon": {
            "__events__": {},
            "__info__": {
                "kuid": "ceea1d0043e44995bbf52e90e97cca85",
                "srcKUID": "f61c912f326d45998cc28d0d283bb757",
                "wType": "FlexContainer"
            },
            "autogrowMode": {
                "Default": 0
            },
            "height": {
                "Default": {
                    "type": "string",
                    "value": "25dp"
                }
            },
            "isVisible": true,
            "layoutType": 2,
            "left": {
                "Default": {
                    "type": "string",
                    "value": "10dp"
                }
            },
            "responsiveData": {
                "b1": {
                    "left": {
                        "type": "string",
                        "value": "10dp"
                    },
                    "top": {
                        "type": "string",
                        "value": "5dp"
                    }
                },
                "b2": {
                    "left": {
                        "type": "string",
                        "value": "10dp"
                    },
                    "top": {
                        "type": "string",
                        "value": "4dp"
                    }
                },
                "b3": {
                    "height": null,
                    "left": {
                        "type": "string",
                        "value": "8dp"
                    },
                    "top": {
                        "type": "string",
                        "value": "5dp"
                    },
                    "width": null
                },
                "b4": {
                    "left": {
                        "type": "string",
                        "value": "10dp"
                    }
                }
            },
            "right": {
                "Default": {
                    "type": "number",
                    "value": ""
                }
            },
            "top": {
                "type": "string",
                "value": "4dp"
            },
            "width": {
                "Default": {
                    "type": "string",
                    "value": "25dp"
                }
            }
        },
        "flxMain": {
            "__events__": {},
            "__info__": {
                "kuid": "hc41d22273fd4264b8a2bf4ecf7062ea",
                "srcKUID": "hc93a7fd5c2e48c4ba101b6f911fa005",
                "wType": "FlexContainer"
            },
            "autogrowMode": {
                "Default": 1
            },
            "bottom": {
                "Default": {
                    "type": "string",
                    "value": ""
                }
            },
            "centerX": {},
            "height": {
                "Default": {
                    "type": "ref",
                    "value": "preferred"
                }
            },
            "left": {},
            "minHeight": {
                "Default": {
                    "type": "string",
                    "value": ""
                }
            },
            "responsiveData": {
                "b1": {
                    "centerX": {
                        "type": "string",
                        "value": ""
                    },
                    "left": {
                        "type": "string",
                        "value": "0dp"
                    },
                    "right": {
                        "type": "string",
                        "value": ""
                    },
                    "width": {
                        "type": "string",
                        "value": "100%"
                    }
                },
                "b2": {
                    "left": {
                        "type": "string",
                        "value": "0%"
                    },
                    "width": {
                        "type": "string",
                        "value": "100%"
                    }
                },
                "b3": {
                    "left": {
                        "type": "string",
                        "value": "4dp"
                    },
                    "right": {
                        "type": "string",
                        "value": "10dp"
                    },
                    "top": {
                        "type": "string",
                        "value": "20dp"
                    },
                    "width": {
                        "type": "string",
                        "value": "98.50%"
                    }
                },
                "b4": {
                    "left": {
                        "type": "string",
                        "value": "0dp"
                    },
                    "width": {
                        "type": "string",
                        "value": "100%"
                    }
                }
            },
            "right": {},
            "top": {
                "Default": {
                    "type": "string",
                    "value": "67dp"
                }
            },
            "width": {
                "Default": {
                    "type": "string",
                    "value": "96.50%"
                }
            }
        },
        "flxPlusIcon": {
            "__events__": {},
            "__info__": {
                "kuid": "ff69c1f10d144d7e864efcec77955f60",
                "srcKUID": "ff6704282db04cfea4d503df9e027c50",
                "wType": "FlexContainer"
            },
            "autogrowMode": {
                "Default": 0
            },
            "centerY": {
                "Default": {
                    "type": "number",
                    "value": ""
                }
            },
            "height": {
                "Default": {
                    "type": "string",
                    "value": "24dp"
                }
            },
            "isVisible": true,
            "responsiveData": {
                "b3": {
                    "centerY": {
                        "type": "string",
                        "value": ""
                    },
                    "height": {
                        "type": "string",
                        "value": "13dp"
                    },
                    "isVisible": false,
                    "width": {
                        "type": "string",
                        "value": "13dp"
                    }
                },
                "b4": {
                    "top": {
                        "type": "string",
                        "value": "2dp"
                    }
                }
            },
            "top": {},
            "width": {
                "Default": {
                    "type": "string",
                    "value": "24dp"
                }
            }
        },
        "flxRating": {
            "__events__": {},
            "__info__": {
                "kuid": "b84f2e2401dc4bff966edb70b6ae2fa6",
                "srcKUID": "jfd59b238f294fb5bf660c542a5eecba",
                "wType": "FlexContainer"
            },
            "clipBounds": false,
            "layoutType": 3,
            "responsiveData": {
                "b1": {
                    "width": {
                        "type": "string",
                        "value": "95%"
                    }
                },
                "b2": {
                    "width": {
                        "type": "string",
                        "value": "95%"
                    }
                },
                "b3": {
                    "layoutType": 4,
                    "width": {
                        "type": "string",
                        "value": "100%"
                    }
                },
                "b4": {
                    "width": {
                        "type": "string",
                        "value": "95%"
                    }
                }
            },
            "width": {}
        },
        "flxRating1": {
            "__events__": {
                "ide_onClick": "AS_FlexContainer_a4a94fb507bd48198e03f507309b9df6"
            },
            "__info__": {
                "kuid": "ic0c42410e1047d6a34fd40399963e9a",
                "srcKUID": "h5c3c96a98354883863a57b3c63b36a5",
                "wType": "FlexContainer"
            },
            "left": {
                "Default": {
                    "type": "string",
                    "value": "10dp"
                }
            },
            "responsiveData": {
                "b1": {
                    "left": {
                        "type": "string",
                        "value": "2%"
                    }
                },
                "b3": {
                    "left": {
                        "type": "string",
                        "value": "0dp"
                    }
                }
            }
        },
        "flxRating2": {
            "__events__": {
                "ide_onClick": "AS_FlexContainer_d51cd9167b614bbd8ab68e4c039a1d68"
            },
            "__info__": {
                "kuid": "d1b07fcf256a4485b11886c8971001d3",
                "srcKUID": "f996f4f4229e44558a6f96cfdecbab0c",
                "wType": "FlexContainer"
            },
            "left": {},
            "responsiveData": {
                "b1": {
                    "left": {
                        "type": "string",
                        "value": "0.50%"
                    }
                },
                "b3": {
                    "left": {
                        "type": "string",
                        "value": "2%"
                    }
                }
            }
        },
        "flxRating3": {
            "__events__": {
                "ide_onClick": "AS_FlexContainer_e00aaf44e15a4151b448616bf7a89e56"
            },
            "__info__": {
                "kuid": "ad2bdf56c6f54be197fc0c60efd5fe16",
                "srcKUID": "d5467c82a9bb4263aa9d5fe18ba67b89",
                "wType": "FlexContainer"
            },
            "left": {},
            "responsiveData": {
                "b1": {
                    "left": {
                        "type": "string",
                        "value": "0.50%"
                    }
                },
                "b3": {
                    "left": {
                        "type": "string",
                        "value": "2%"
                    }
                }
            }
        },
        "flxRating4": {
            "__events__": {
                "ide_onClick": "AS_FlexContainer_hda99f509f614811ab2e5e30282c8b21"
            },
            "__info__": {
                "kuid": "i652e3fec66746d5b4900ae1d43d51c9",
                "srcKUID": "b25d2e226e4f44309846b9bdbc613bbe",
                "wType": "FlexContainer"
            },
            "left": {},
            "responsiveData": {
                "b1": {
                    "left": {
                        "type": "string",
                        "value": "0.50%"
                    }
                },
                "b3": {
                    "left": {
                        "type": "string",
                        "value": "2%"
                    }
                }
            }
        },
        "flxRating5": {
            "__events__": {
                "ide_onClick": "AS_FlexContainer_b4530ef487bb472a862380bfb551c0d3"
            },
            "__info__": {
                "kuid": "iaffdd4d7e9943d1832e9c60bd069b06",
                "srcKUID": "c1849f1e2f4e4d358ca76f05dd058243",
                "wType": "FlexContainer"
            },
            "left": {},
            "responsiveData": {
                "b1": {
                    "left": {
                        "type": "string",
                        "value": "0.50%"
                    }
                },
                "b3": {
                    "left": {
                        "type": "string",
                        "value": "2%"
                    }
                }
            }
        },
        "flxRatingimg": {
            "__events__": {},
            "__info__": {
                "kuid": "b7d39447629546319f29ad9ea9efdca4",
                "srcKUID": "i09c3367b92f4b45bba64027c6566d9f",
                "wType": "FlexContainer"
            },
            "clipBounds": false,
            "left": {
                "Default": {
                    "type": "string",
                    "value": "10dp"
                }
            },
            "responsiveData": {
                "b1": {
                    "left": {
                        "type": "string",
                        "value": "0dp"
                    }
                },
                "b2": {
                    "top": {
                        "type": "string",
                        "value": "30dp"
                    }
                },
                "b3": {
                    "top": {
                        "type": "string",
                        "value": "120dp"
                    },
                    "width": {
                        "type": "string",
                        "value": "90%"
                    }
                },
                "b4": {
                    "top": {
                        "type": "string",
                        "value": "30dp"
                    },
                    "width": {
                        "type": "ref",
                        "value": "preferred"
                    }
                }
            },
            "top": {
                "Default": {
                    "type": "string",
                    "value": "81dp"
                }
            },
            "width": {}
        },
        "flxUserFeedback": {
            "__events__": {},
            "__info__": {
                "kuid": "e1b25f052df042ae881fe34484058e80",
                "srcKUID": "ff15c62ca753487097ee52a36a301ae8",
                "wType": "FlexContainer"
            },
            "isVisible": false,
            "responsiveData": {
                "b1": {
                    "isVisible": false,
                    "top": {
                        "type": "string",
                        "value": "20dp"
                    }
                },
                "b3": {
                    "isVisible": false,
                    "layoutType": 4
                },
                "b4": {
                    "isVisible": false,
                    "right": {
                        "type": "string",
                        "value": ""
                    },
                    "top": {
                        "type": "string",
                        "value": "20dp"
                    },
                    "width": {
                        "type": "ref",
                        "value": "preferred"
                    }
                }
            },
            "right": {},
            "top": {},
            "width": {}
        },
        "flxaddress": {
            "__events__": {},
            "__info__": {
                "kuid": "d32420913e5d42d1b36fd58e2f92039a",
                "srcKUID": "bab0465d8e834fc4854c93f2405cbf0c",
                "wType": "FlexContainer"
            },
            "clipBounds": false,
            "responsiveData": {
                "b4": {
                    "isVisible": true,
                    "layoutType": 2
                }
            }
        },
        "imgAdd": {
            "__events__": {},
            "__info__": {
                "kuid": "efcf23ddf9e14d57be113cb990a223f4",
                "srcKUID": "b6cd323f5a484268ac9dafa2d043e0bb",
                "wType": "Image"
            },
            "height": {
                "Default": {
                    "type": "string",
                    "value": "24dp"
                }
            },
            "left": {
                "Default": {
                    "type": "string",
                    "value": "0dp"
                }
            },
            "responsiveData": {
                "b1": {
                    "left": {
                        "type": "string",
                        "value": "2dp"
                    },
                    "top": {
                        "type": "string",
                        "value": "5dp"
                    }
                },
                "b3": {
                    "left": {
                        "type": "string",
                        "value": "0dp"
                    }
                },
                "b4": {
                    "left": {
                        "type": "string",
                        "value": "0%"
                    },
                    "top": {
                        "type": "string",
                        "value": "6dp"
                    }
                }
            },
            "src": "plus_icon.png",
            "top": {
                "Default": {
                    "type": "string",
                    "value": "4dp"
                }
            },
            "width": {
                "Default": {
                    "type": "string",
                    "value": "15dp"
                }
            }
        },
        "imgInfo": {
            "__events__": {},
            "__info__": {
                "kuid": "f5853c00759e4f94afdda020d2bcf436",
                "srcKUID": "ae93d6fc38cc4972b98b77b64c0f6284",
                "wType": "Image"
            },
            "height": {
                "Default": {
                    "type": "string",
                    "value": "15dp"
                }
            },
            "left": {
                "Default": {
                    "type": "string",
                    "value": "19.5%"
                }
            },
            "responsiveData": {
                "b3": {
                    "isVisible": false,
                    "left": {
                        "type": "string",
                        "value": "10dp"
                    }
                },
                "b4": {
                    "top": {
                        "type": "string",
                        "value": "7dp"
                    }
                }
            },
            "src": "info_grey.png",
            "top": {
                "Default": {
                    "type": "string",
                    "value": "7dp"
                }
            },
            "width": {
                "Default": {
                    "type": "string",
                    "value": "15dp"
                }
            }
        },
        "imgInfoIcon": {
            "__events__": {},
            "__info__": {
                "kuid": "e83614973dfa4598961b5e688e9a500f",
                "srcKUID": "dedadc9e9fa24046979ec2641cb8ff5a",
                "wType": "Image"
            },
            "responsiveData": {
                "b3": {
                    "top": {
                        "type": "string",
                        "value": "-1dp"
                    },
                    "width": {
                        "type": "string",
                        "value": "20dp"
                    }
                }
            },
            "src": "info_grey.png",
            "top": {
                "Default": {
                    "type": "string",
                    "value": "0dp"
                }
            },
            "width": {
                "Default": {
                    "type": "string",
                    "value": "20dp"
                }
            }
        },
        "imgRating1": {
            "__events__": {},
            "__info__": {
                "kuid": "e0e6b3867b4e4e029e539ed110b09c06",
                "srcKUID": "g9fa84c905d5442c87ca0bebd8ea81ff",
                "wType": "Label"
            }
        },
        "imgRating2": {
            "__events__": {},
            "__info__": {
                "kuid": "c36c29d75579453e800fedc514e5a0a9",
                "srcKUID": "a53b121fbee046b0928e6115db615077",
                "wType": "Label"
            }
        },
        "imgRating3": {
            "__events__": {},
            "__info__": {
                "kuid": "f17352b6d10a4c4698d59ae7ac7ed944",
                "srcKUID": "bd7c3b41920f46bfb93a4e5fb785506d",
                "wType": "Label"
            }
        },
        "imgRating4": {
            "__events__": {},
            "__info__": {
                "kuid": "d0af7a861d944450bbbe35b7ffac236d",
                "srcKUID": "bed64fe29a1c4a2e974986cc70843bd3",
                "wType": "Label"
            }
        },
        "imgRating5": {
            "__events__": {},
            "__info__": {
                "kuid": "c75cd10f7e1340528ea9521482d895e4",
                "srcKUID": "ca2f86a480b6493f962d1404f82d5d7a",
                "wType": "Label"
            }
        },
        "lblAddYourComments": {
            "__events__": {},
            "__info__": {
                "kuid": "cdaa78a1709d49278e05c413db38d94a",
                "srcKUID": "g3e7bd9bfdc842a18aca88ecadd91a0f",
                "wType": "Label"
            },
            "responsiveData": {
                "b3": {
                    "top": {
                        "type": "string",
                        "value": "165dp"
                    }
                }
            },
            "top": {
                "Default": {
                    "type": "string",
                    "value": "87dp"
                }
            }
        },
        "lblCharCountComments": {
            "__events__": {},
            "__info__": {
                "kuid": "f59e713e5bec4910983557e147592a08",
                "srcKUID": "hec50810eb0a45458dc7be5961f831e4",
                "wType": "Label"
            },
            "responsiveData": {
                "b3": {
                    "top": {
                        "type": "string",
                        "value": "125dp"
                    }
                }
            },
            "top": {
                "Default": {
                    "type": "string",
                    "value": "95dp"
                }
            }
        },
        "lblCharCountFeedback": {
            "__events__": {},
            "__info__": {
                "kuid": "a1082428ade346eda674da92644a3b25",
                "srcKUID": "d84d7519316342e198f51c0466dbcd41",
                "wType": "Label"
            }
        },
        "lblHeading": {
            "__events__": {},
            "__info__": {
                "kuid": "f4ccfa6ab9224f448fb0b3e5262e0a5b",
                "srcKUID": "h09b0c2281e04f9dae8303e332e8c064",
                "wType": "Label"
            },
            "bottom": {
                "Default": {
                    "type": "string",
                    "value": "15dp"
                }
            },
            "centerY": {
                "Default": {
                    "type": "string",
                    "value": ""
                }
            },
            "height": {
                "Default": {
                    "type": "string",
                    "value": "25dp"
                }
            },
            "left": {
                "Default": {
                    "type": "string",
                    "value": "0dp"
                }
            },
            "responsiveData": {
                "b1": {},
                "b2": {},
                "b4": {}
            },
            "top": {
                "Default": {
                    "type": "string",
                    "value": "25dp"
                }
            }
        },
        "lblPlusIcon": {
            "__events__": {},
            "__info__": {
                "kuid": "i06029db57c14496b221b8e486f52c13",
                "srcKUID": "c73466a14411464e874e45732385c141",
                "wType": "Label"
            },
            "height": {
                "Default": {
                    "type": "string",
                    "value": "24dp"
                }
            },
            "responsiveData": {
                "b3": {
                    "height": {
                        "type": "string",
                        "value": "100%"
                    },
                    "width": {
                        "type": "string",
                        "value": "100%"
                    }
                }
            },
            "width": {
                "Default": {
                    "type": "string",
                    "value": "19dp"
                }
            }
        },
        "lblQuestion": {
            "__events__": {},
            "__info__": {
                "kuid": "i4cbc3d8f2594911a3b41cc7e2b13ee6",
                "srcKUID": "ca2ac696179442ec811dd74ece8c4804",
                "wType": "Label"
            },
            "height": {},
            "responsiveData": {
                "b3": {
                    "height": {
                        "type": "ref",
                        "value": "preferred"
                    },
                    "width": {
                        "type": "string",
                        "value": "84%"
                    }
                }
            },
            "width": {}
        },
        "lblRateYourExpeience": {
            "__events__": {},
            "__info__": {
                "kuid": "b84dab8c59b14bb4807cf281d0023c8b",
                "srcKUID": "j2f1f5a8c733428d928e737f5b3d4174",
                "wType": "Label"
            },
            "left": {},
            "responsiveData": {
                "b3": {
                    "left": {
                        "type": "string",
                        "value": "10dp"
                    },
                    "top": {
                        "type": "string",
                        "value": "0dp"
                    },
                    "width": {
                        "type": "string",
                        "value": "90%"
                    }
                }
            },
            "top": {
                "Default": {
                    "type": "string",
                    "value": "0dp"
                }
            },
            "width": {
                "Default": {
                    "type": "ref",
                    "value": "preferred"
                }
            }
        },
        "lblRatingtxt": {
            "__events__": {},
            "__info__": {
                "kuid": "a7c16bfd4c8d4e19b8e8167d9b12f39d",
                "srcKUID": "f0fc426c6c764897bb37f5af4741669c",
                "wType": "Label"
            },
            "left": {
                "Default": {
                    "type": "string",
                    "value": "26.50%"
                }
            },
            "responsiveData": {
                "b1": {
                    "left": {
                        "type": "string",
                        "value": "28dp"
                    }
                },
                "b2": {
                    "left": {
                        "type": "string",
                        "value": "15dp"
                    }
                },
                "b3": {
                    "height": {
                        "type": "ref",
                        "value": "preferred"
                    },
                    "left": {
                        "type": "string",
                        "value": "10dp"
                    },
                    "top": {
                        "type": "string",
                        "value": "10dp"
                    },
                    "width": {
                        "type": "string",
                        "value": "98%"
                    }
                },
                "b4": {
                    "left": {
                        "type": "string",
                        "value": "10dp"
                    }
                }
            },
            "top": {}
        },
        "txtareaUserAdditionalComments": {
            "__events__": {},
            "__info__": {
                "kuid": "c6b5359bfbbc4f09b245f617d5daf761",
                "srcKUID": "f3efc31fe0fb434dae9ab5ad238d08c4",
                "wType": "TextArea"
            },
            "maxTextLength": 1000,
            "responsiveData": {
                "b3": {
                    "top": {
                        "type": "string",
                        "value": "10dp"
                    }
                },
                "b4": {
                    "right": {
                        "type": "string",
                        "value": "2%"
                    },
                    "width": {
                        "type": "string",
                        "value": ""
                    }
                }
            },
            "right": {},
            "width": {}
        },
        "txtareaUserComments": {
            "__events__": {},
            "__info__": {
                "kuid": "febc50af3623403fb39aa0886ecab6aa",
                "srcKUID": "ea61110de4e2403596965a5d9c05f1f7",
                "wType": "TextArea"
            },
            "bottom": {
                "Default": {
                    "type": "string",
                    "value": "20dp"
                }
            },
            "maxTextLength": 1000,
            "responsiveData": {
                "b3": {
                    "top": {
                        "type": "string",
                        "value": "190dp"
                    },
                    "width": {
                        "type": "string",
                        "value": "95.50%"
                    }
                },
                "b4": {
                    "right": {
                        "type": "string",
                        "value": "2%"
                    },
                    "width": {
                        "type": "string",
                        "value": ""
                    }
                }
            },
            "right": {},
            "top": {
                "Default": {
                    "type": "string",
                    "value": "120dp"
                }
            },
            "width": {}
        }
    },
    "id": "Feedback",
    "info": null,
    "isdatareferenced": false,
    "issegmentchild": false,
    "isvisible": true,
    "kuid": "b574c0dd6dcf4417b04a851384ba52ed",
    "layouttype": 2,
    "masterType": 0,
    "name": "kony.ui.UserWidgetInstance",
    "parent": "flxFeedbackContainer",
    "pf": "frmCustomerFeedback",
    "snaptogrid": true,
    "sourceUserWidget": "ceafa1a08293436eb91035769c96f5ec",
    "vizprops": {
        "hidewidgethierarchy": false
    },
    "wType": "UserWidgetInstance"
}