{
    "DNDConfig": null,
    "_height_": {
        "type": "string",
        "value": "100%"
    },
    "_left_": {
        "type": "string",
        "value": "0dp"
    },
    "_margin_": [
        0,
        0,
        0,
        0
    ],
    "_orientation_": 6,
    "_padding_": [
        0,
        0,
        0,
        0
    ],
    "_percent_": true,
    "_right_": {
        "type": "number",
        "value": ""
    },
    "_skin_": "s24c92fc23b14f5484b693ee9b8a9b35",
    "_top_": {
        "type": "string",
        "value": "0dp"
    },
    "_width_": {
        "type": "string",
        "value": "100%"
    },
    "accessibilityconfig": {
        "a11yARIA": {
            "tabindex": -1
        },
        "a11yHidden": false
    },
    "allboxes": [],
    "canUpdateUI": true,
    "children": [
        "lblKonyBank",
        "imgReminder"
    ],
    "clipbounds": true,
    "containerweight": 100,
    "enablescrolling": true,
    "id": "FlexGroup0bb8635a53b8241",
    "info": null,
    "iscustomlayout": false,
    "isvisible": true,
    "kuid": "j403b491dcc249a3bafafea9c03c8ead",
    "layouttype": 2,
    "name": "kony.ui.FlexContainer",
    "parent": "flxMainHeader",
    "pf": "frmCustomerFeedback",
    "responsiveData": {
        "b1": {
            "layoutType": 3,
            "left": {
                "type": "string",
                "value": ""
            },
            "right": {
                "type": "string",
                "value": "160dp"
            },
            "width": {
                "type": "string",
                "value": "200dp"
            }
        },
        "b2": {
            "layoutType": 3,
            "left": {
                "type": "string",
                "value": ""
            },
            "right": {
                "type": "string",
                "value": "180dp"
            },
            "width": {
                "type": "string",
                "value": "250dp"
            }
        }
    },
    "retaincontentalignment": false,
    "retainflexpositionproperties": false,
    "retainflowhorizontalalignment": false,
    "reverselayoutdirection": true,
    "snapgridsize": 10,
    "snaptogrid": true,
    "wType": "FlexContainer",
    "widgetalignment": 1
}