{
    "DNDConfig": null,
    "_height_": {
        "type": "string",
        "value": "90dp"
    },
    "_left_": {
        "type": "string",
        "value": "5dp"
    },
    "_margin_": [
        0,
        0,
        0,
        0
    ],
    "_orientation_": 6,
    "_padding_": [
        0,
        0,
        0,
        0
    ],
    "_percent_": true,
    "_skin_": "s99953ae6fb84054bcfed3d722884526",
    "_top_": {
        "type": "string",
        "value": "5dp"
    },
    "_width_": {
        "type": "string",
        "value": "99.10%"
    },
    "allboxes": [],
    "canUpdateUI": true,
    "children": [
        "imgSuccessGreen",
        "lblThankYouMsg",
        "lblWeValue",
        "flxHeaderAck"
    ],
    "clipbounds": false,
    "containerweight": 100,
    "enablescrolling": true,
    "id": "flxAcknowledgementThankyouMessage",
    "info": null,
    "isvisible": true,
    "kuid": "f11dc6c4ae68408b8ecc3259cd7c69c4",
    "layouttype": 2,
    "name": "kony.ui.FlexContainer",
    "parent": "flxFeedbackAcknowledgementSurvey",
    "pf": "frmCustomerFeedback",
    "responsiveData": {
        "b3": {
            "height": {
                "type": "string",
                "value": "282dp"
            },
            "width": {
                "type": "string",
                "value": "98.60%"
            }
        },
        "b4": {
            "skin": "sd16ce1e169e41989424e7544cbf4816"
        }
    },
    "snapgridsize": 10,
    "snaptogrid": true,
    "wType": "FlexContainer",
    "widgetalignment": 1,
    "zindex": 1
}