{
    "DNDConfig": null,
    "_height_": {
        "type": "string",
        "value": "410dp"
    },
    "_left_": {
        "type": "string",
        "value": "6.08%"
    },
    "_margin_": [
        0,
        0,
        0,
        0
    ],
    "_orientation_": 6,
    "_padding_": [
        0,
        0,
        0,
        0
    ],
    "_percent_": true,
    "_right_": {
        "type": "number",
        "value": ""
    },
    "_skin_": "s99953ae6fb84054bcfed3d722884526",
    "_top_": {
        "type": "string",
        "value": "68dp"
    },
    "_width_": {
        "type": "string",
        "value": "43.27%"
    },
    "allboxes": [],
    "canUpdateUI": true,
    "children": [
        "acknowledgment"
    ],
    "clipbounds": false,
    "containerweight": 100,
    "enablescrolling": true,
    "id": "flxAcknowledgementMain",
    "info": null,
    "isvisible": true,
    "kuid": "e928b1bdf8b94bdba921dbe4cae0820d",
    "layouttype": 2,
    "minwidth": {
        "type": "number",
        "value": ""
    },
    "name": "kony.ui.FlexContainer",
    "parent": "flxAcknowledgementContainer",
    "pf": "frmCustomerFeedback",
    "responsiveData": {
        "b1": {
            "left": {
                "type": "string",
                "value": "0dp"
            },
            "top": {
                "type": "string",
                "value": "67dp"
            },
            "width": {
                "type": "string",
                "value": "49%"
            }
        },
        "b2": {},
        "b3": {
            "height": {
                "type": "string",
                "value": "380dp"
            },
            "isVisible": true,
            "left": {
                "type": "string",
                "value": "10dp"
            },
            "right": {
                "type": "string",
                "value": "10dp"
            },
            "top": {
                "type": "string",
                "value": "20dp"
            },
            "width": {
                "type": "string",
                "value": ""
            }
        },
        "b4": {
            "isVisible": true,
            "left": {
                "type": "string",
                "value": "2.50%"
            },
            "minWidth": {
                "type": "string",
                "value": ""
            },
            "right": {
                "type": "string",
                "value": "2.50%"
            },
            "width": {
                "type": "string",
                "value": "95%"
            }
        }
    },
    "snapgridsize": 10,
    "snaptogrid": true,
    "wType": "FlexContainer",
    "widgetalignment": 1,
    "zindex": 1
}