{
    "DNDConfig": null,
    "_bottom_": {
        "type": "number",
        "value": ""
    },
    "_height_": {
        "type": "ref",
        "value": "preferred"
    },
    "_left_": {
        "type": "string",
        "value": "0dp"
    },
    "_margin_": [
        0,
        0,
        0,
        0
    ],
    "_orientation_": 6,
    "_padding_": [
        0,
        0,
        0,
        0
    ],
    "_percent_": true,
    "_skin_": "sb75f187c17c456fb0450d66550451bb",
    "_top_": {
        "type": "string",
        "value": "0dp"
    },
    "_width_": {
        "type": "string",
        "value": "1366dp"
    },
    "allboxes": [],
    "canUpdateUI": true,
    "centerx": {
        "type": "string",
        "value": "50%"
    },
    "children": [
        "flxAcknowledgementMain",
        "flxTransactionDetails",
        "flxSpace",
        "CopyflxSurveyHeader0g535a03984564f"
    ],
    "clipbounds": false,
    "containerweight": 100,
    "enablescrolling": true,
    "id": "flxAcknowledgementContainer",
    "info": null,
    "isvisible": false,
    "kuid": "df43628667ca44798186a851ddb6d2a1",
    "layouttype": 2,
    "name": "kony.ui.FlexContainer",
    "parent": "flxMainContainer",
    "pf": "frmCustomerFeedback",
    "responsiveData": {
        "b1": {
            "centerX": {
                "type": "string",
                "value": "49.80%"
            },
            "width": {
                "type": "string",
                "value": "1200dp"
            }
        },
        "b2": {
            "left": {
                "type": "string",
                "value": "0dp"
            },
            "top": {
                "type": "string",
                "value": "0dp"
            },
            "width": {
                "type": "string",
                "value": "100%"
            }
        },
        "b3": {
            "bottom": {
                "type": "string",
                "value": ""
            },
            "centerX": {
                "type": "string",
                "value": ""
            },
            "top": {
                "type": "string",
                "value": "0dp"
            },
            "width": {
                "type": "string",
                "value": "100%"
            }
        },
        "b4": {
            "layoutType": 2,
            "left": {
                "type": "string",
                "value": "0dp"
            },
            "top": {
                "type": "string",
                "value": "0dp"
            },
            "width": {
                "type": "string",
                "value": "100%"
            }
        }
    },
    "snapgridsize": 10,
    "snaptogrid": true,
    "wType": "FlexContainer",
    "widgetalignment": 1,
    "zindex": 1
}