{
    "DNDConfig": null,
    "_height_": {
        "type": "ref",
        "value": "preferred"
    },
    "_left_": {
        "type": "string",
        "value": "0%"
    },
    "_margin_": [
        0,
        0,
        0,
        0
    ],
    "_orientation_": 6,
    "_padding_": [
        0,
        0,
        0,
        0
    ],
    "_percent_": true,
    "_skin_": "sa8d52a315c34fd0b98ab4bce8f84f02",
    "_top_": {
        "type": "string",
        "value": "15dp"
    },
    "_width_": {
        "type": "string",
        "value": "95.50%"
    },
    "allboxes": [],
    "autogrowmode": 1,
    "canUpdateUI": true,
    "centerx": {
        "type": "string",
        "value": "50%"
    },
    "children": [
        "imgDowntimeWarning",
        "lblDowntimeWarning",
        "flxCloseDowntimeWarning"
    ],
    "clipbounds": true,
    "containerweight": 100,
    "enablescrolling": true,
    "id": "flxDowntimeWarning",
    "info": null,
    "isvisible": false,
    "kuid": "ba3df956f3f84b40b2805c486f80f50d",
    "layouttype": 2,
    "name": "kony.ui.FlexContainer",
    "parent": "flxFeedbackContainer",
    "pf": "frmCustomerFeedback",
    "responsiveData": {
        "b1": {},
        "b2": {},
        "b3": {},
        "b4": {
            "width": {
                "type": "string",
                "value": "100%"
            }
        }
    },
    "snapgridsize": 10,
    "snaptogrid": true,
    "wType": "FlexContainer",
    "widgetalignment": 1,
    "zindex": 1
}