{
    "DNDConfig": null,
    "_height_": {
        "type": "ref",
        "value": "preferred"
    },
    "_left_": {
        "type": "string",
        "value": "0dp"
    },
    "_margin_": [
        0,
        0,
        0,
        0
    ],
    "_orientation_": 6,
    "_padding_": [
        0,
        0,
        0,
        0
    ],
    "_percent_": true,
    "_skin_": "sefda3987cda44e4b9df8fdce98bad27",
    "_top_": {
        "type": "string",
        "value": "0dp"
    },
    "_width_": {
        "type": "string",
        "value": "100%"
    },
    "allboxes": [],
    "autogrowmode": 1,
    "canUpdateUI": true,
    "centerx": {
        "type": "string",
        "value": "50%"
    },
    "children": [
        "flxSurveyHeader",
        "flxFeedbackAcknowledgementSurvey"
    ],
    "clipbounds": false,
    "containerweight": 100,
    "enablescrolling": true,
    "id": "flxFeedbackAcknowledgement",
    "info": null,
    "isvisible": false,
    "kuid": "ab457278d8bc458cbbcae6467899b3a0",
    "layouttype": 4,
    "name": "kony.ui.FlexContainer",
    "parent": "flxMainContainer",
    "pf": "frmCustomerFeedback",
    "responsiveData": {
        "b1": {},
        "b2": {},
        "b3": {
            "layoutType": 2,
            "top": {
                "type": "string",
                "value": "0dp"
            }
        },
        "b4": {
            "layoutType": 2
        }
    },
    "snapgridsize": 10,
    "snaptogrid": true,
    "wType": "FlexContainer",
    "widgetalignment": 1,
    "zindex": 1
}