{
    "DNDConfig": null,
    "_height_": {
        "type": "ref",
        "value": "preferred"
    },
    "_left_": {
        "type": "string",
        "value": "62dp"
    },
    "_margin_": [
        0,
        0,
        0,
        0
    ],
    "_orientation_": 6,
    "_padding_": [
        0,
        0,
        0,
        0
    ],
    "_percent_": true,
    "_right_": {
        "type": "string",
        "value": "62dp"
    },
    "_skin_": "sefda3987cda44e4b9df8fdce98bad27",
    "_top_": {
        "type": "string",
        "value": "30dp"
    },
    "_width_": {
        "type": "number",
        "value": ""
    },
    "accessibilityconfig": {
        "a11yARIA": {
            "tabindex": -1
        }
    },
    "allboxes": [],
    "autogrowmode": 1,
    "canUpdateUI": true,
    "centerx": {
        "type": "number",
        "value": ""
    },
    "children": [
        "flxDowntimeWarning",
        "Feedback"
    ],
    "clipbounds": false,
    "containerweight": 100,
    "enablescrolling": true,
    "id": "flxFeedbackContainer",
    "info": null,
    "isvisible": true,
    "kuid": "cf7ec71ef0c744a7805b7a433e2efab8",
    "layouttype": 4,
    "name": "kony.ui.FlexContainer",
    "parent": "flxFeedback",
    "pf": "frmCustomerFeedback",
    "responsiveData": {
        "b1": {
            "centerX": {
                "type": "string",
                "value": "50%"
            },
            "left": {
                "type": "string",
                "value": ""
            },
            "right": {
                "type": "string",
                "value": ""
            },
            "top": {
                "type": "string",
                "value": "0dp"
            },
            "width": {
                "type": "string",
                "value": "1266dp"
            },
            "zIndex": 1000
        },
        "b2": {
            "left": {
                "type": "string",
                "value": "6%"
            },
            "right": {
                "type": "string",
                "value": "6%"
            },
            "top": {
                "type": "string",
                "value": "0dp"
            },
            "width": {
                "type": "string",
                "value": "88.40%"
            }
        },
        "b3": {
            "isVisible": true,
            "left": {
                "type": "string",
                "value": "10dp"
            },
            "right": {
                "type": "string",
                "value": "10dp"
            },
            "top": {
                "type": "string",
                "value": "0dp"
            }
        },
        "b4": {
            "left": {
                "type": "string",
                "value": "2.50%"
            },
            "right": {
                "type": "string",
                "value": ""
            },
            "top": {
                "type": "string",
                "value": "0dp"
            },
            "width": {
                "type": "string",
                "value": "95%"
            }
        }
    },
    "snapgridsize": 10,
    "snaptogrid": true,
    "wType": "FlexContainer",
    "widgetalignment": 1,
    "zindex": 1
}