{
    "DNDConfig": null,
    "_bottom_": {
        "type": "string",
        "value": "30dp"
    },
    "_height_": {
        "type": "ref",
        "value": "preferred"
    },
    "_left_": {
        "type": "number",
        "value": ""
    },
    "_margin_": [
        0,
        0,
        0,
        0
    ],
    "_orientation_": 6,
    "_padding_": [
        0,
        0,
        0,
        0
    ],
    "_percent_": true,
    "_right_": {
        "type": "number",
        "value": ""
    },
    "_skin_": "s24c92fc23b14f5484b693ee9b8a9b35",
    "_top_": {
        "type": "string",
        "value": "0dp"
    },
    "_width_": {
        "type": "string",
        "value": "1200dp"
    },
    "allboxes": [],
    "autogrowmode": 1,
    "canUpdateUI": true,
    "centerx": {
        "type": "string",
        "value": "50%"
    },
    "children": [
        "flxAcknowledgementThankyouMessage",
        "flxFeedbackDetails"
    ],
    "clipbounds": false,
    "containerweight": 100,
    "enablescrolling": true,
    "id": "flxFeedbackAcknowledgementSurvey",
    "info": null,
    "isvisible": true,
    "kuid": "c91c2e9b4f8d4f66a56cf26e199f6dec",
    "layouttype": 4,
    "name": "kony.ui.FlexContainer",
    "parent": "flxFeedbackAcknowledgement",
    "pf": "frmCustomerFeedback",
    "responsiveData": {
        "b1": {
            "centerX": {
                "type": "string",
                "value": "51%"
            }
        },
        "b2": {},
        "b3": {
            "isVisible": true,
            "left": {
                "type": "string",
                "value": "10dp"
            },
            "right": {
                "type": "string",
                "value": "10dp"
            },
            "top": {
                "type": "string",
                "value": "20dp"
            },
            "width": {
                "type": "string",
                "value": ""
            }
        },
        "b4": {
            "isVisible": true,
            "left": {
                "type": "string",
                "value": "24dp"
            },
            "right": {
                "type": "string",
                "value": "24dp"
            },
            "top": {
                "type": "string",
                "value": "75dp"
            },
            "width": {
                "type": "string",
                "value": ""
            }
        }
    },
    "snapgridsize": 10,
    "snaptogrid": true,
    "wType": "FlexContainer",
    "widgetalignment": 1,
    "zindex": 1
}