{
    "DNDConfig": null,
    "_bottom_": {
        "type": "string",
        "value": "5dp"
    },
    "_height_": {
        "type": "ref",
        "value": "preferred"
    },
    "_left_": {
        "type": "string",
        "value": "5dp"
    },
    "_margin_": [
        0,
        0,
        0,
        0
    ],
    "_orientation_": 6,
    "_padding_": [
        0,
        0,
        0,
        0
    ],
    "_percent_": true,
    "_skin_": "s99953ae6fb84054bcfed3d722884526",
    "_top_": {
        "type": "string",
        "value": "20dp"
    },
    "_width_": {
        "type": "string",
        "value": "99.10%"
    },
    "allboxes": [],
    "autogrowmode": 1,
    "canUpdateUI": true,
    "children": [
        "confirmHeaders",
        "flxSeperator2",
        "flxaddress",
        "flxSeperatorhor",
        "flxButtons"
    ],
    "clipbounds": false,
    "containerweight": 100,
    "enablescrolling": true,
    "id": "flxFeedbackDetails",
    "info": null,
    "isvisible": true,
    "kuid": "a21c9010e69247be9f007036b0657e9a",
    "layouttype": 4,
    "name": "kony.ui.FlexContainer",
    "parent": "flxFeedbackAcknowledgementSurvey",
    "pf": "frmCustomerFeedback",
    "responsiveData": {
        "b3": {
            "width": {
                "type": "string",
                "value": "98.60%"
            }
        },
        "b4": {}
    },
    "snapgridsize": 10,
    "snaptogrid": true,
    "wType": "FlexContainer",
    "widgetalignment": 1,
    "zindex": 1
}