{
    "DNDConfig": null,
    "_height_": {
        "type": "string",
        "value": "150dp"
    },
    "_left_": {
        "type": "string",
        "value": "0dp"
    },
    "_margin_": [
        0,
        0,
        0,
        0
    ],
    "_orientation_": 6,
    "_padding_": [
        0,
        0,
        0,
        0
    ],
    "_percent_": true,
    "_skin_": "scbd4cac3526468089bf3013adff0549",
    "_top_": {
        "type": "string",
        "value": "1000dp"
    },
    "_width_": {
        "type": "string",
        "value": "100%"
    },
    "allboxes": [],
    "autogrowmode": 0,
    "canUpdateUI": true,
    "children": [
        "CustomFooterMain"
    ],
    "clipbounds": false,
    "containerweight": 100,
    "enablescrolling": true,
    "id": "flxFooter",
    "info": null,
    "isvisible": true,
    "kuid": "b17ae5aca70348de996cc7f75362b55f",
    "layouttype": 2,
    "name": "kony.ui.FlexContainer",
    "parent": "flxFormContent",
    "pf": "frmCustomerFeedback",
    "responsiveData": {
        "b1": {
            "isVisible": true
        },
        "b2": {
            "isVisible": true,
            "zIndex": 1
        },
        "b3": {
            "isVisible": true
        },
        "b4": {
            "isVisible": true,
            "zIndex": 1
        }
    },
    "snapgridsize": 10,
    "snaptogrid": true,
    "wType": "FlexContainer",
    "widgetalignment": 1,
    "zindex": 1
}