{
    "DNDConfig": null,
    "_bottom_": {
        "type": "number",
        "value": ""
    },
    "_height_": {
        "type": "string",
        "value": "0dp"
    },
    "_left_": {
        "type": "string",
        "value": "0dp"
    },
    "_margin_": [
        0,
        0,
        0,
        0
    ],
    "_orientation_": 6,
    "_padding_": [
        0,
        0,
        0,
        0
    ],
    "_percent_": true,
    "_skin_": "s5f8d10ce8734c0f80d528b8398c3cf5",
    "_top_": {
        "type": "string",
        "value": "0dp"
    },
    "_width_": {
        "type": "string",
        "value": "100%"
    },
    "accessibilityconfig": {
        "a11yARIA": {
            "tabindex": -1
        }
    },
    "allboxes": [],
    "canUpdateUI": true,
    "children": [],
    "clipbounds": true,
    "containerweight": 100,
    "enablescrolling": true,
    "id": "flxHorizontalLine",
    "info": null,
    "isvisible": false,
    "kuid": "b2d222e535c24b1199cfd83b28ca9b0d",
    "layouttype": 2,
    "name": "kony.ui.FlexContainer",
    "parent": "flxTransactionDetails",
    "pf": "frmCustomerFeedback",
    "responsiveData": {
        "b1": {
            "isVisible": true,
            "left": {
                "type": "string",
                "value": "0dp"
            },
            "width": {
                "type": "string",
                "value": "100%"
            }
        },
        "b3": {
            "bottom": {
                "type": "string",
                "value": ""
            },
            "isVisible": true,
            "top": {
                "type": "string",
                "value": "450dp"
            }
        }
    },
    "snapgridsize": 10,
    "snaptogrid": true,
    "wType": "FlexContainer",
    "widgetalignment": 1,
    "zindex": 5
}