{
    "DNDConfig": null,
    "_bottom_": {
        "type": "number",
        "value": ""
    },
    "_height_": {
        "type": "string",
        "value": "1dp"
    },
    "_left_": {
        "type": "string",
        "value": "0dp"
    },
    "_margin_": [
        0,
        0,
        0,
        0
    ],
    "_orientation_": 6,
    "_padding_": [
        0,
        0,
        0,
        0
    ],
    "_percent_": true,
    "_skin_": "s5f8d10ce8734c0f80d528b8398c3cf5",
    "_top_": {
        "type": "string",
        "value": "0dp"
    },
    "_width_": {
        "type": "string",
        "value": "100%"
    },
    "allboxes": [],
    "autogrowmode": 0,
    "canUpdateUI": true,
    "children": [],
    "clipbounds": true,
    "containerweight": 100,
    "enablescrolling": true,
    "id": "flxHorizontalLine2",
    "info": null,
    "isvisible": true,
    "kuid": "d06cd1c7e9e94ba99db064642e04307b",
    "layouttype": 2,
    "name": "kony.ui.FlexContainer",
    "parent": "flxHeaderAck",
    "pf": "frmCustomerFeedback",
    "responsiveData": {
        "b2": {
            "bottom": {
                "type": "string",
                "value": "0dp"
            },
            "top": {
                "type": "string",
                "value": ""
            },
            "width": {
                "type": "string",
                "value": "100%"
            }
        },
        "b3": {
            "bottom": {
                "type": "string",
                "value": "0dp"
            },
            "top": {
                "type": "string",
                "value": ""
            }
        }
    },
    "snapgridsize": 10,
    "snaptogrid": true,
    "wType": "FlexContainer",
    "widgetalignment": 1,
    "zindex": 5
}