{
    "DNDConfig": null,
    "_height_": {
        "type": "string",
        "value": "70dp"
    },
    "_left_": {
        "type": "string",
        "value": "0dp"
    },
    "_margin_": [
        0,
        0,
        0,
        0
    ],
    "_orientation_": 6,
    "_padding_": [
        0,
        0,
        0,
        0
    ],
    "_percent_": true,
    "_skin_": "s344174b66d24a22be7a954acfcdefc5",
    "_top_": {
        "type": "string",
        "value": "0dp"
    },
    "_width_": {
        "type": "string",
        "value": "100%"
    },
    "allboxes": [],
    "canUpdateUI": true,
    "children": [
        "flxMainHeader",
        "flxLeftContainers",
        "flxRightContainers",
        "flxSeperatorHor2"
    ],
    "clipbounds": false,
    "containerweight": 100,
    "enablescrolling": true,
    "id": "flxHeaderPreLogin",
    "info": null,
    "isvisible": true,
    "kuid": "c7a89e254aea4e4587d2b9ed9ad9ceab",
    "layouttype": 2,
    "name": "kony.ui.FlexContainer",
    "parent": "frmCustomerFeedback",
    "pf": "frmCustomerFeedback",
    "responsiveData": {
        "b1": {
            "zIndex": 1000
        },
        "b2": {},
        "b3": {
            "height": {
                "type": "string",
                "value": "51dp"
            },
            "isVisible": false,
            "skin": "s759c69986d4453187117f8cfba59bde"
        }
    },
    "snapgridsize": 10,
    "snaptogrid": true,
    "wType": "FlexContainer",
    "widgetalignment": 1,
    "zindex": 1000
}