{
    "DNDConfig": null,
    "_height_": {
        "type": "string",
        "value": "145dp"
    },
    "_margin_": [
        0,
        0,
        0,
        0
    ],
    "_orientation_": 6,
    "_padding_": [
        0,
        0,
        0,
        0
    ],
    "_percent_": true,
    "_skin_": "s957fdf6b59c4b0689f6d1bd4c29d0d9",
    "_width_": {
        "type": "string",
        "value": "145dp"
    },
    "allboxes": [],
    "autogrowmode": 0,
    "canUpdateUI": true,
    "centerx": {
        "type": "string",
        "value": "50%"
    },
    "centery": {
        "type": "string",
        "value": "50%"
    },
    "children": [
        "imgLoading"
    ],
    "clipbounds": true,
    "containerweight": 100,
    "enablescrolling": true,
    "id": "flxImageContainer",
    "info": null,
    "isvisible": true,
    "kuid": "a5573465b0564710b63f82d72446af7d",
    "layouttype": 2,
    "name": "kony.ui.FlexContainer",
    "parent": "flxLoadingWrapper",
    "pf": "frmCustomerFeedback",
    "snapgridsize": 10,
    "snaptogrid": true,
    "wType": "FlexContainer",
    "widgetalignment": 1,
    "zindex": 1000
}