{
    "DNDConfig": null,
    "_height_": {
        "type": "string",
        "value": "150dp"
    },
    "_margin_": [
        0,
        0,
        0,
        0
    ],
    "_orientation_": 6,
    "_padding_": [
        0,
        0,
        0,
        0
    ],
    "_percent_": true,
    "_skin_": "s957fdf6b59c4b0689f6d1bd4c29d0d9",
    "_top_": {
        "type": "string",
        "value": "250dp"
    },
    "_width_": {
        "type": "string",
        "value": "150dp"
    },
    "allboxes": [],
    "autogrowmode": 0,
    "canUpdateUI": true,
    "centerx": {
        "type": "string",
        "value": "50%"
    },
    "children": [
        "flxImageContainer"
    ],
    "clipbounds": false,
    "containerweight": 100,
    "enablescrolling": true,
    "id": "flxLoadingWrapper",
    "info": null,
    "isvisible": true,
    "kuid": "cdcb6d2732d54c6f8cf93be7e35b24ae",
    "layouttype": 2,
    "name": "kony.ui.FlexContainer",
    "parent": "flxLoading",
    "pf": "frmCustomerFeedback",
    "snapgridsize": 10,
    "snaptogrid": true,
    "wType": "FlexContainer",
    "widgetalignment": 1,
    "zindex": 1000
}