{
    "DNDConfig": null,
    "_height_": {
        "type": "string",
        "value": "70px"
    },
    "_left_": {
        "type": "string",
        "value": "0%"
    },
    "_margin_": [
        0,
        0,
        0,
        0
    ],
    "_orientation_": 6,
    "_padding_": [
        0,
        0,
        0,
        0
    ],
    "_percent_": true,
    "_skin_": "s24c92fc23b14f5484b693ee9b8a9b35",
    "_top_": {
        "type": "string",
        "value": "0dp"
    },
    "_width_": {
        "type": "string",
        "value": "1366dp"
    },
    "allboxes": [],
    "canUpdateUI": true,
    "centerx": {
        "type": "string",
        "value": "50%"
    },
    "children": [
        "btnSkipContent",
        "flxKony",
        "lblSeperator",
        "FlexGroup0bb8635a53b8241",
        "btnLogin",
        "imgLogout"
    ],
    "clipbounds": false,
    "containerweight": 100,
    "enablescrolling": true,
    "id": "flxMainHeader",
    "info": null,
    "isvisible": true,
    "kuid": "ie8b402d633c4fae9058ae7d3ec2cc20",
    "layouttype": 2,
    "name": "kony.ui.FlexContainer",
    "parent": "flxHeaderPreLogin",
    "pf": "frmCustomerFeedback",
    "responsiveData": {
        "b2": {
            "width": {
                "type": "string",
                "value": "100%"
            }
        },
        "b3": {
            "height": {
                "type": "string",
                "value": "100%"
            },
            "width": {
                "type": "string",
                "value": "100%"
            }
        },
        "b4": {
            "width": {
                "type": "string",
                "value": "100%"
            }
        }
    },
    "snapgridsize": 10,
    "snaptogrid": true,
    "wType": "FlexContainer",
    "widgetalignment": 1,
    "zindex": 3
}