{
    "DNDConfig": null,
    "_height_": {
        "type": "string",
        "value": "1dp"
    },
    "_left_": {
        "type": "string",
        "value": "0dp"
    },
    "_margin_": [
        0,
        0,
        0,
        0
    ],
    "_orientation_": 6,
    "_padding_": [
        0,
        0,
        0,
        0
    ],
    "_percent_": true,
    "_skin_": "s2f1930e68bc4b258cfe821e7f0122cd",
    "_top_": {
        "type": "string",
        "value": "0dp"
    },
    "_width_": {
        "type": "string",
        "value": "100%"
    },
    "allboxes": [],
    "autogrowmode": 0,
    "canUpdateUI": true,
    "children": [],
    "clipbounds": true,
    "containerweight": 100,
    "enablescrolling": true,
    "id": "flxSeperator2",
    "info": null,
    "isvisible": true,
    "kuid": "d9aa2edf91524b4caa489da3c06edc34",
    "layouttype": 4,
    "name": "kony.ui.FlexContainer",
    "parent": "flxFeedbackDetails",
    "pf": "frmCustomerFeedback",
    "responsiveData": {
        "b2": {},
        "b3": {},
        "b4": {}
    },
    "snapgridsize": 10,
    "snaptogrid": true,
    "wType": "FlexContainer",
    "widgetalignment": 1,
    "zindex": 5
}