{
    "DNDConfig": null,
    "_height_": {
        "type": "string",
        "value": "63dp"
    },
    "_margin_": [
        0,
        0,
        0,
        0
    ],
    "_orientation_": 6,
    "_padding_": [
        0,
        0,
        0,
        0
    ],
    "_percent_": true,
    "_skin_": "s24c92fc23b14f5484b693ee9b8a9b35",
    "_top_": {
        "type": "string",
        "value": "0dp"
    },
    "_width_": {
        "type": "string",
        "value": "1366dp"
    },
    "allboxes": [],
    "canUpdateUI": true,
    "centerx": {
        "type": "string",
        "value": "50%"
    },
    "children": [
        "lblSurvey"
    ],
    "clipbounds": true,
    "containerweight": 100,
    "enablescrolling": true,
    "id": "flxSurveyHeader",
    "info": null,
    "isvisible": true,
    "kuid": "j28e5623366c490a927eb8a23ce70e67",
    "layouttype": 2,
    "name": "kony.ui.FlexContainer",
    "parent": "flxFeedbackAcknowledgement",
    "pf": "frmCustomerFeedback",
    "responsiveData": {
        "b2": {
            "height": {
                "type": "string",
                "value": "75dp"
            },
            "isVisible": true
        },
        "b3": {
            "isVisible": false,
            "top": {
                "type": "string",
                "value": "0dp"
            },
            "width": {
                "type": "string",
                "value": "100%"
            }
        },
        "b4": {
            "height": {
                "type": "string",
                "value": "75dp"
            },
            "width": {
                "type": "string",
                "value": "100%"
            }
        }
    },
    "snapgridsize": 10,
    "snaptogrid": true,
    "wType": "FlexContainer",
    "widgetalignment": 1,
    "zindex": 20
}