{
    "DNDConfig": null,
    "_height_": {
        "type": "string",
        "value": "410dp"
    },
    "_left_": {
        "type": "string",
        "value": "50.59%"
    },
    "_margin_": [
        0,
        0,
        0,
        0
    ],
    "_orientation_": 6,
    "_padding_": [
        0,
        0,
        0,
        0
    ],
    "_percent_": true,
    "_right_": {
        "type": "number",
        "value": ""
    },
    "_skin_": "s99953ae6fb84054bcfed3d722884526",
    "_top_": {
        "type": "string",
        "value": "68dp"
    },
    "_width_": {
        "type": "string",
        "value": "43.27%"
    },
    "allboxes": [],
    "canUpdateUI": true,
    "children": [
        "CustomerFeedbackDetails",
        "flxHorizontalLine",
        "btnAddAnotherAccount"
    ],
    "clipbounds": false,
    "containerweight": 100,
    "enablescrolling": true,
    "id": "flxTransactionDetails",
    "info": null,
    "isvisible": true,
    "kuid": "f141ddf475054ee1a0a96898af575f68",
    "layouttype": 2,
    "name": "kony.ui.FlexContainer",
    "parent": "flxAcknowledgementContainer",
    "pf": "frmCustomerFeedback",
    "responsiveData": {
        "b1": {
            "left": {
                "type": "string",
                "value": ""
            },
            "right": {
                "type": "string",
                "value": "0dp"
            },
            "top": {
                "type": "string",
                "value": "67dp"
            },
            "width": {
                "type": "string",
                "value": "49%"
            }
        },
        "b2": {},
        "b3": {
            "height": {
                "type": "string",
                "value": "530dp"
            },
            "left": {
                "type": "string",
                "value": "10dp"
            },
            "right": {
                "type": "string",
                "value": "10dp"
            },
            "skin": "sf052fd82d224fc1a020a88977067dd5",
            "top": {
                "type": "string",
                "value": "420dp"
            },
            "width": {
                "type": "string",
                "value": ""
            }
        },
        "b4": {
            "left": {
                "type": "string",
                "value": "2.50%"
            },
            "right": {
                "type": "string",
                "value": "2.50%"
            },
            "top": {
                "type": "string",
                "value": "500dp"
            },
            "width": {
                "type": "string",
                "value": ""
            }
        }
    },
    "snapgridsize": 10,
    "snaptogrid": true,
    "wType": "FlexContainer",
    "widgetalignment": 1,
    "zindex": 1
}