{
    "@class": "com.kony.gen.viz.model.container.KVizScrollFlexForm",
    "DNDConfig": null,
    "_margin_": [
        0,
        0,
        0,
        0
    ],
    "_orientation_": 1,
    "_padding_": [
        0,
        0,
        0,
        0
    ],
    "_percent_": true,
    "_pxMenuIndex": [
        2,
        1,
        0,
        0
    ],
    "_skin_": "s2f58a140c5647b8a643edf5a6309600",
    "_title_": "Customer Feedback",
    "addWidgetsdone": false,
    "allboxes": [],
    "android": {
        "psp": {
            "windowSoftInputMode": 2
        }
    },
    "breakpointInfo": {
        "b1": {
            "width": 1380
        },
        "b2": {
            "width": 1366
        },
        "b3": {
            "width": 640
        },
        "b4": {
            "width": 1024
        }
    },
    "canUpdateUI": true,
    "canvasWidth": 2000,
    "children": [
        "flxHeaderPreLogin",
        "flxHeaderPostLogin",
        "flxFormContent",
        "flxPopup",
        "flxLogout",
        "flxLoading"
    ],
    "containerweight": 100,
    "controllerInfo": {
        "default": {
            "channel": "desktop",
            "name": "frmCustomerFeedbackController"
        }
    },
    "currentBreakpoint": {
        "kuid": "b1",
        "width": 1380
    },
    "currentLocale": "default",
    "desktopweb": {
        "needAppMenu": false
    },
    "device": "desktopweb",
    "displayorientation": 1,
    "enabledforidletimeout": true,
    "friendlyName": "frmCustomerFeedback",
    "id": "frmCustomerFeedback",
    "ide_onDeviceBack": "AS_Form_b2492b13fe2c403b9d131432c35ebb80",
    "ide_onTouchEnd": "AS_Form_h0e63388a380494f8b404b73e01bd89f",
    "ide_postShow": "AS_Form_c0671ee55270431889671eb0bea88a72",
    "ide_preShow": "AS_Form_fb3f66c1ddce478e8b2bc220d94107c3",
    "info": null,
    "initdone": false,
    "inputaccessoryviewtype": 4,
    "ipad": {
        "psp": {
            "inputAccessoryViewType": 4
        }
    },
    "iphone": {
        "psp": {
            "inputAccessoryViewType": 4
        }
    },
    "isvisible": true,
    "kuid": "f9a0e499fabf424ba4982ce72ecd3bd2",
    "layouttype": 2,
    "name": "kony.ui.Form2",
    "needappmenu": true,
    "paddinginpixel": false,
    "platform": "desktopweb",
    "prevDevice": "desktopweb",
    "prevPlatform": "desktopweb",
    "retainscrollposition": false,
    "snapgridsize": 10,
    "snaptogrid": true,
    "titleBarSkin": "s2e24ee0a8ca46b089d8a5bea8a1a32e",
    "titlebar": true,
    "type": 3,
    "vizProps": {
        "globalRespDesignEnabled": true
    },
    "wType": "Form"
}