{
    "@class": "com.kony.gen.viz.model.component.KVizImage2",
    "DNDConfig": null,
    "_base64_": null,
    "_height_": {
        "type": "string",
        "value": "40dp"
    },
    "_margin_": [
        0,
        0,
        0,
        0
    ],
    "_padding_": [
        0,
        0,
        0,
        0
    ],
    "_skin_": "s8ee487de5774c1eb668e74bf92f5cdd",
    "_src_": "bbcloseicon.png",
    "_width_": {
        "type": "string",
        "value": "40dp"
    },
    "accessibilityconfig": {
        "a11yARIA": {
            "tabindex": -1
        },
        "a11yValue": ""
    },
    "canUpdateUI": true,
    "centerx": {
        "type": "string",
        "value": "50%"
    },
    "centery": {
        "type": "string",
        "value": "50%"
    },
    "containerweight": 100,
    "id": "imgCloseDowntimeWarning",
    "imagescalemode": 1,
    "imagewhiledownloading": "img_transparent.png",
    "info": null,
    "invokedProperty": "src",
    "isvisible": true,
    "kuid": "a307f0d8b09243deb90d4df1d8cedb1b",
    "name": "kony.ui.Image2",
    "parent": "flxCloseDowntimeWarning",
    "pf": "frmCustomerFeedback",
    "responsiveData": {
        "b3": {},
        "b4": {}
    },
    "srcType": 1,
    "tooltip": "Close",
    "wType": "Image",
    "widgetalignment": 5,
    "zindex": 1
}