{
    "@class": "com.kony.gen.viz.model.component.KVizImage2",
    "DNDConfig": null,
    "_base64_": null,
    "_bottom_": {
        "type": "string",
        "value": "10dp"
    },
    "_height_": {
        "type": "string",
        "value": "40dp"
    },
    "_left_": {
        "type": "string",
        "value": "10dp"
    },
    "_margin_": [
        0,
        0,
        0,
        0
    ],
    "_padding_": [
        0,
        0,
        0,
        0
    ],
    "_skin_": "s78a5f26c9f14cec9ebed1bb46098f80",
    "_src_": "error_yellow.png",
    "_top_": {
        "type": "string",
        "value": "10dp"
    },
    "_width_": {
        "type": "string",
        "value": "40dp"
    },
    "accessibilityconfig": {
        "a11yARIA": {
            "tabindex": -1
        },
        "a11yHidden": true,
        "a11yValue": ""
    },
    "canUpdateUI": true,
    "containerweight": 100,
    "id": "imgDowntimeWarning",
    "imagescalemode": 1,
    "imagewhiledownloading": "img_transparent.png",
    "info": null,
    "invokedProperty": "src",
    "isvisible": true,
    "kuid": "f97c69a6d5614b208db4e12cc0317a91",
    "name": "kony.ui.Image2",
    "parent": "flxDowntimeWarning",
    "pf": "frmCustomerFeedback",
    "responsiveData": {
        "b3": {}
    },
    "srcType": 1,
    "wType": "Image",
    "widgetalignment": 5,
    "zindex": 1
}