{
    "@class": "com.kony.gen.viz.model.component.KVizImage2",
    "DNDConfig": null,
    "_base64_": null,
    "_height_": {
        "type": "string",
        "value": "42dp"
    },
    "_left_": {
        "type": "string",
        "value": ""
    },
    "_margin_": [
        0,
        0,
        0,
        0
    ],
    "_padding_": [
        0,
        0,
        0,
        0
    ],
    "_skin_": "s78a5f26c9f14cec9ebed1bb46098f80",
    "_src_": "kony_logo.png",
    "_top_": {
        "type": "string",
        "value": ""
    },
    "_width_": {
        "type": "string",
        "value": "100%"
    },
    "accessibilityconfig": {
        "a11yARIA": {
            "tabindex": -1
        },
        "a11yValue": ""
    },
    "canUpdateUI": true,
    "centerx": {
        "type": "string",
        "value": "50%"
    },
    "centery": {
        "type": "string",
        "value": "50%"
    },
    "containerweight": 100,
    "id": "imgKony",
    "imagescalemode": 1,
    "imagewhiledownloading": "img_transparent.png",
    "info": null,
    "isvisible": true,
    "kuid": "e7e5ee0c09f441bdad28bd50d01d2ff9",
    "name": "kony.ui.Image2",
    "parent": "flxKony",
    "pf": "frmCustomerFeedback",
    "responsiveData": {
        "b1": {},
        "b3": {
            "isVisible": false
        },
        "b4": {}
    },
    "srcType": 1,
    "wType": "Image",
    "widgetalignment": 5,
    "zindex": 1
}