{
    "@class": "com.kony.gen.viz.model.component.KVizImage2",
    "DNDConfig": null,
    "_base64_": null,
    "_height_": {
        "type": "string",
        "value": "28dp"
    },
    "_left_": {
        "type": "string",
        "value": "75.30%"
    },
    "_margin_": [
        0,
        0,
        0,
        0
    ],
    "_padding_": [
        0,
        0,
        0,
        0
    ],
    "_right_": {
        "type": "number",
        "value": ""
    },
    "_skin_": "s78a5f26c9f14cec9ebed1bb46098f80",
    "_src_": "error_yellow.png",
    "_width_": {
        "type": "string",
        "value": "20dp"
    },
    "accessibilityconfig": {
        "a11yARIA": {
            "tabindex": -1
        },
        "a11yHidden": true,
        "a11yValue": ""
    },
    "canUpdateUI": true,
    "centery": {
        "type": "string",
        "value": "50%"
    },
    "containerweight": 100,
    "id": "imgReminder",
    "imagescalemode": 1,
    "info": null,
    "invokedProperty": "src",
    "isvisible": true,
    "kuid": "f03342126980444b872303c84505e13f",
    "name": "kony.ui.Image2",
    "parent": "FlexGroup0bb8635a53b8241",
    "pf": "frmCustomerFeedback",
    "responsiveData": {
        "b1": {
            "left": {
                "type": "string",
                "value": ""
            },
            "right": {
                "type": "number",
                "value": "20"
            }
        },
        "b2": {
            "left": {
                "type": "string",
                "value": ""
            },
            "right": {
                "type": "string",
                "value": "10dp"
            }
        },
        "b3": {
            "isVisible": false,
            "left": {
                "type": "string",
                "value": "64%"
            }
        },
        "b4": {
            "left": {
                "type": "string",
                "value": "70%"
            }
        }
    },
    "srcType": 1,
    "tooltip": "Print",
    "wType": "Image",
    "widgetalignment": 5,
    "zindex": 1
}