{
    "@class": "com.kony.gen.viz.model.component.KVizLabel",
    "DNDConfig": null,
    "_height_": {
        "type": "ref",
        "value": "preferred"
    },
    "_left_": {
        "type": "string",
        "value": "3.50%"
    },
    "_margin_": [
        1,
        1,
        1,
        1
    ],
    "_padding_": [
        0,
        0,
        0,
        0
    ],
    "_skin_": "sf0cb6e968274aa389aafbf14ff806fd",
    "_text_": "Label",
    "_top_": {
        "type": "string",
        "value": "23dp"
    },
    "_width_": {
        "type": "string",
        "value": "33%"
    },
    "_wrapping_": 2,
    "accessibilityconfig": {
        "a11yARIA": {
            "tabindex": -1
        },
        "tagName": "span"
    },
    "android": {
        "textStyle": {
            "letterSpacing": 0,
            "strikeThrough": false
        }
    },
    "canUpdateUI": true,
    "containerweight": 100,
    "contentalignment": 4,
    "id": "lblAnswer1",
    "info": null,
    "ipad": {
        "psp": {
            "wrapping": 2
        }
    },
    "iphone": {
        "psp": {
            "wrapping": 2
        }
    },
    "isvisible": true,
    "kuid": "hae9d8b86a5c4e67b86cf767f82e934e",
    "name": "kony.ui.Label",
    "parent": "flxQuestion1",
    "pf": "frmCustomerFeedback",
    "texti18n": "i18n.CustomerFeedback.Easy",
    "tooltip": "",
    "wType": "Label",
    "zindex": 1
}