{
    "@class": "com.kony.gen.viz.model.component.KVizLabel",
    "DNDConfig": null,
    "_bottom_": {
        "type": "string",
        "value": "8dp"
    },
    "_height_": {
        "type": "ref",
        "value": "preferred"
    },
    "_left_": {
        "type": "string",
        "value": "80dp"
    },
    "_margin_": [
        1,
        1,
        1,
        1
    ],
    "_padding_": [
        0,
        0,
        0,
        0
    ],
    "_right_": {
        "type": "string",
        "value": "70dp"
    },
    "_skin_": "se56454286124fef97a46e7249497088",
    "_text_": "Our online banking application will be unavailable on 13/04/2017 between 12:00 AM to 4:00 AM while we upgrade our system to provide you a better banking experience",
    "_top_": {
        "type": "string",
        "value": "8dp"
    },
    "_wrapping_": 2,
    "accessibilityconfig": {
        "a11yARIA": {
            "tabindex": -1
        }
    },
    "android": {
        "textStyle": {
            "letterSpacing": 0,
            "strikeThrough": false
        }
    },
    "canUpdateUI": true,
    "containerweight": 100,
    "contentalignment": 4,
    "id": "lblDowntimeWarning",
    "info": null,
    "ipad": {
        "psp": {
            "wrapping": 2
        }
    },
    "iphone": {
        "psp": {
            "wrapping": 2
        }
    },
    "isvisible": true,
    "kuid": "b45df42adc9742d6bf5b0ab78f6ac0f7",
    "name": "kony.ui.Label",
    "parent": "flxDowntimeWarning",
    "pf": "frmCustomerFeedback",
    "responsiveData": {
        "b2": {
            "contentAlignment": 4
        },
        "b3": {
            "contentAlignment": 1,
            "left": {
                "type": "string",
                "value": "60dp"
            }
        }
    },
    "texti18n": "i18n.AccountsLanding.Ouronlinebankingapplicationwillbeunavailableon13042017between",
    "tooltip": "",
    "wType": "Label",
    "zindex": 1
}