{
    "@class": "com.kony.gen.viz.model.component.KVizLabel",
    "DNDConfig": null,
    "_height_": {
        "type": "string",
        "value": "25dp"
    },
    "_left_": {
        "type": "number",
        "value": ""
    },
    "_margin_": [
        1,
        1,
        1,
        1
    ],
    "_padding_": [
        0,
        0,
        0,
        0
    ],
    "_skin_": "s7c5481167ef4f8dbefb3f332c9b7aca",
    "_text_": "Survey",
    "_top_": {
        "type": "string",
        "value": "20dp"
    },
    "_width_": {
        "type": "string",
        "value": "1200dp"
    },
    "_wrapping_": 2,
    "accessibilityconfig": {
        "a11yARIA": {
            "tabindex": -1
        }
    },
    "android": {
        "textStyle": {
            "letterSpacing": 0,
            "strikeThrough": false
        }
    },
    "canUpdateUI": true,
    "centerx": {
        "type": "string",
        "value": "50.50%"
    },
    "centery": {
        "type": "string",
        "value": "50%"
    },
    "containerweight": 100,
    "contentalignment": 4,
    "id": "lblSurvey",
    "info": null,
    "ipad": {
        "psp": {
            "wrapping": 2
        }
    },
    "iphone": {
        "psp": {
            "wrapping": 2
        }
    },
    "isvisible": true,
    "kuid": "ef10e5b474c6446daffac5c69ef9defd",
    "name": "kony.ui.Label",
    "parent": "flxSurveyHeader",
    "pf": "frmCustomerFeedback",
    "responsiveData": {
        "b1": {
            "text": "Feedback"
        },
        "b2": {
            "centerY": {
                "type": "string",
                "value": ""
            },
            "top": {
                "type": "string",
                "value": "30dp"
            }
        },
        "b3": {
            "isVisible": true,
            "top": {
                "type": "string",
                "value": ""
            },
            "width": {
                "type": "string",
                "value": "100%"
            }
        },
        "b4": {
            "centerY": {
                "type": "string",
                "value": ""
            },
            "isVisible": true,
            "left": {
                "type": "string",
                "value": "24dp"
            },
            "skin": "s7c5481167ef4f8dbefb3f332c9b7aca",
            "top": {
                "type": "string",
                "value": "30dp"
            },
            "width": {
                "type": "string",
                "value": "1200dp"
            }
        }
    },
    "texti18n": "i18n.CustomerFeedback.Survey",
    "tooltip": "",
    "wType": "Label",
    "zindex": 10
}