{
    "@class": "com.kony.gen.viz.model.component.KVizLabel",
    "DNDConfig": null,
    "_height_": {
        "type": "ref",
        "value": "preferred"
    },
    "_left_": {
        "type": "string",
        "value": "9%"
    },
    "_margin_": [
        1,
        1,
        1,
        1
    ],
    "_padding_": [
        0,
        0,
        2,
        0
    ],
    "_skin_": "s91f117e14f34e9993fd49cf32901f12",
    "_text_": "",
    "_top_": {
        "type": "string",
        "value": "30dp"
    },
    "_width_": {
        "type": "string",
        "value": "90%"
    },
    "_wrapping_": 2,
    "accessibilityconfig": {
        "a11yARIA": {
            "tabindex": -1
        },
        "tagName": "span"
    },
    "android": {
        "textStyle": {
            "letterSpacing": 0,
            "strikeThrough": false
        }
    },
    "canUpdateUI": true,
    "centerx": {
        "type": "number",
        "value": ""
    },
    "centery": {
        "type": "string",
        "value": "50%"
    },
    "containerweight": 100,
    "contentalignment": 1,
    "id": "lblWeValue",
    "info": null,
    "ipad": {
        "psp": {
            "wrapping": 2
        }
    },
    "iphone": {
        "psp": {
            "wrapping": 2
        }
    },
    "isvisible": true,
    "kuid": "c42810e9739045e2a1a7e6e2621dc41c",
    "name": "kony.ui.Label",
    "paddinginpixel": false,
    "parent": "flxAcknowledgementThankyouMessage",
    "pf": "frmCustomerFeedback",
    "responsiveData": {
        "b2": {
            "isVisible": false,
            "skin": "s7facb3c022b4bb38d1e831ad35515b6"
        },
        "b3": {
            "centerX": {
                "type": "string",
                "value": "50%"
            },
            "centerY": {
                "type": "string",
                "value": ""
            },
            "contentAlignment": 2,
            "left": {
                "type": "string",
                "value": ""
            },
            "top": {
                "type": "string",
                "value": "140dp"
            }
        },
        "b4": {
            "isVisible": false
        }
    },
    "texti18n": "i18.CustomerFeedback.ThankyouForCompletingTheSurvey",
    "tooltip": "",
    "wType": "Label",
    "zindex": 1
}