{
    "@class": "com.kony.gen.viz.model.component.KVizButton",
    "DNDConfig": null,
    "__parentReadjusting__": false,
    "_bottom_": {
        "type": "string",
        "value": "0%"
    },
    "_height_": {
        "type": "string",
        "value": "100%"
    },
    "_left_": {
        "type": "string",
        "value": "6.25%"
    },
    "_margin_": [
        6,
        6,
        6,
        6
    ],
    "_padding_": [
        0,
        0,
        0,
        0
    ],
    "_right_": {
        "type": "string",
        "value": "6.25%"
    },
    "_skin_": "sc61e719c72447bf9f14db24bea23eb3",
    "_text_": "CALL BRANCH",
    "accessibilityconfig": {
        "a11yLabel": "CALL BRANCH"
    },
    "canUpdateUI": true,
    "containerweight": 100,
    "contentalignment": 5,
    "disabledSkins": {},
    "displaytext": true,
    "focusskin": "sd85a0f475ff4b3b9f0a5e4b82f68213",
    "id": "btnCallBranch",
    "info": null,
    "iphone": {
        "psp": {
            "showProgressIndicator": false
        }
    },
    "isvisible": true,
    "kuid": "g0ec701b8e6e40698b11f7057f003087",
    "name": "kony.ui.Button",
    "parent": "flxBtnCallBranch",
    "pf": "frmLocationDetails",
    "texti18n": "kony.mb.Location.CallBranch",
    "wType": "Button",
    "zindex": 1
}