{
    "DNDConfig": null,
    "__parentReadjusting__": false,
    "_height_": {
        "type": "string",
        "value": "100dp"
    },
    "_margin_": [
        0,
        0,
        0,
        0
    ],
    "_orientation_": 6,
    "_padding_": [
        0,
        0,
        0,
        0
    ],
    "_percent_": true,
    "_right_": {
        "type": "string",
        "value": "0dp"
    },
    "_skin_": "s966eaf1ea1441148b4828270a782f8b",
    "_top_": {
        "type": "string",
        "value": "10dp"
    },
    "_width_": {
        "type": "string",
        "value": "85dp"
    },
    "allboxes": [],
    "autogrowmode": 0,
    "canUpdateUI": true,
    "children": [
        "flxImgNavigation",
        "lblDistance",
        "flxSeparator"
    ],
    "clipbounds": false,
    "containerweight": 100,
    "enablescrolling": true,
    "id": "flxDetailsDirections",
    "info": null,
    "isvisible": true,
    "kuid": "bdab1b24c70a46f5a882ec623a3b814b",
    "layouttype": 2,
    "name": "kony.ui.FlexContainer",
    "parent": "flxDetailsMain",
    "pf": "frmLocationDetails",
    "snapgridsize": 10,
    "snaptogrid": true,
    "wType": "FlexContainer",
    "widgetalignment": 1,
    "zindex": 11
}