{
    "DNDConfig": null,
    "__parentReadjusting__": false,
    "_height_": {
        "type": "ref",
        "value": "preferred"
    },
    "_left_": {
        "type": "string",
        "value": "0dp"
    },
    "_margin_": [
        0,
        0,
        0,
        0
    ],
    "_orientation_": 6,
    "_padding_": [
        0,
        0,
        0,
        0
    ],
    "_percent_": true,
    "_skin_": "s7b436962d6a4647b197083ac7d03d38",
    "_top_": {
        "type": "string",
        "value": "0dp"
    },
    "_width_": {
        "type": "string",
        "value": "100%"
    },
    "allboxes": [],
    "autogrowmode": 1,
    "canUpdateUI": true,
    "children": [
        "lblBranchName",
        "lblStatus",
        "lblAddress1",
        "lblAddress2",
        "flxDetailsDirections"
    ],
    "clipbounds": true,
    "containerweight": 100,
    "enablescrolling": true,
    "id": "flxDetailsMain",
    "info": null,
    "isvisible": true,
    "kuid": "c2f2568b46874bf3975c04c1799e0057",
    "layouttype": 2,
    "name": "kony.ui.FlexContainer",
    "parent": "flxBranchDetailsMain",
    "pf": "frmLocationDetails",
    "snapgridsize": 10,
    "snaptogrid": true,
    "wType": "FlexContainer",
    "widgetalignment": 1,
    "zindex": 11
}