{
    "@class": "com.kony.gen.viz.model.component.KVizUserWidget",
    "DNDConfig": null,
    "__parentReadjusting__": false,
    "_children_": [],
    "_height_": {
        "type": "string",
        "value": "100%"
    },
    "_left_": {
        "type": "string",
        "value": "0dp"
    },
    "_margin_": [
        0,
        0,
        0,
        0
    ],
    "_orientation_": 1,
    "_padding_": [
        0,
        0,
        0,
        0
    ],
    "_percent_": true,
    "_skin_": "s966eaf1ea1441148b4828270a782f8b",
    "_top_": {
        "type": "string",
        "value": "0dp"
    },
    "_width_": {
        "type": "string",
        "value": "100%"
    },
    "canUpdateUI": true,
    "containerweight": 0,
    "data": {},
    "id": "getdirection",
    "info": null,
    "isvisible": true,
    "kuid": "a0ac6e9b8d4143f5a3b0e2631843956d",
    "masterType": 1,
    "name": "kony.ui.UserWidgetInstance",
    "parent": "flxImgNavigation",
    "pf": "frmLocationDetails",
    "sourceUserWidget": "j5ebcecc15cf4987a54e59798b331839",
    "wType": "UserWidgetInstance"
}