{
    "@class": "com.kony.gen.viz.model.component.KVizImage2",
    "DNDConfig": null,
    "__parentReadjusting__": false,
    "_base64_": null,
    "_height_": {
        "type": "string",
        "value": "50dp"
    },
    "_margin_": [
        0,
        0,
        0,
        0
    ],
    "_padding_": [
        0,
        0,
        0,
        0
    ],
    "_skin_": "s679032976ec4441b527ec218f32745a",
    "_src_": "navigationicon.png",
    "_width_": {
        "type": "string",
        "value": "50dp"
    },
    "canUpdateUI": true,
    "centerx": {
        "type": "string",
        "value": "50%"
    },
    "centery": {
        "type": "string",
        "value": "50%"
    },
    "containerweight": 100,
    "context": {
        "channel": "mobile",
        "formID": "frmLocationDetails",
        "platform": "android",
        "templateType": "forms",
        "topLevelBox": null
    },
    "id": "imgNavigation",
    "imagescalemode": 1,
    "info": null,
    "invokedProperty": "src",
    "isvisible": false,
    "kuid": "af3e0cf4ab004ea5b4da5c9eb2349e22",
    "name": "kony.ui.Image2",
    "parent": "flxImgNavigation",
    "pf": "frmLocationDetails",
    "srcType": 1,
    "wType": "Image",
    "widgetalignment": 5,
    "zindex": 1
}