{
    "@class": "com.kony.gen.viz.model.component.KVizLabel",
    "DNDConfig": null,
    "__parentReadjusting__": false,
    "_height_": {
        "type": "ref",
        "value": "preferred"
    },
    "_left_": {
        "type": "string",
        "value": "20dp"
    },
    "_margin_": [
        1,
        1,
        1,
        1
    ],
    "_padding_": [
        0,
        0,
        0,
        0
    ],
    "_right_": {
        "type": "string",
        "value": "90dp"
    },
    "_skin_": "s41dc9531ec9444ba5bc919b00940393",
    "_text_": "Branch Address one line",
    "_top_": {
        "type": "string",
        "value": "47dp"
    },
    "_wrapping_": 2,
    "accessibilityconfig": {
        "a11yLabel": "Branch Address one line"
    },
    "android": {
        "textStyle": {
            "letterSpacing": 0,
            "strikeThrough": false
        }
    },
    "canUpdateUI": true,
    "containerweight": 100,
    "contentalignment": 4,
    "id": "lblAddress1",
    "info": null,
    "ipad": {
        "psp": {
            "wrapping": 2
        }
    },
    "iphone": {
        "psp": {
            "wrapping": 2
        }
    },
    "isvisible": true,
    "kuid": "b096fe472414474a95ad3d1fd1c45d45",
    "name": "kony.ui.Label",
    "parent": "flxDetailsMain",
    "pf": "frmLocationDetails",
    "textstyle": {},
    "tooltip": "",
    "wType": "Label",
    "zindex": 1
}