{
    "@class": "com.kony.gen.viz.model.component.KVizLabel",
    "DNDConfig": null,
    "__parentReadjusting__": false,
    "_bottom_": {
        "type": "string",
        "value": "12dp"
    },
    "_height_": {
        "type": "ref",
        "value": "preferred"
    },
    "_left_": {
        "type": "string",
        "value": "20dp"
    },
    "_margin_": [
        1,
        1,
        1,
        1
    ],
    "_padding_": [
        0,
        0,
        0,
        0
    ],
    "_right_": {
        "type": "string",
        "value": "90dp"
    },
    "_skin_": "sb88f8293d344b1798e4a05d9b45d1f8",
    "_text_": "Branch Address",
    "_top_": {
        "type": "string",
        "value": "63dp"
    },
    "_wrapping_": 2,
    "accessibilityconfig": {
        "a11yLabel": "Branch Address, CIty, Country."
    },
    "android": {
        "textStyle": {
            "letterSpacing": 0,
            "strikeThrough": false
        }
    },
    "canUpdateUI": true,
    "containerweight": 100,
    "contentalignment": 4,
    "id": "lblAddress2",
    "info": null,
    "ipad": {
        "psp": {
            "wrapping": 2
        }
    },
    "iphone": {
        "psp": {
            "wrapping": 2
        }
    },
    "isvisible": true,
    "kuid": "cf40d09786b04c0582d0cefd7f63a90f",
    "name": "kony.ui.Label",
    "parent": "flxDetailsMain",
    "pf": "frmLocationDetails",
    "textstyle": {},
    "tooltip": "",
    "wType": "Label",
    "zindex": 1
}