{
    "@class": "com.kony.gen.viz.model.component.KVizLabel",
    "DNDConfig": null,
    "__parentReadjusting__": false,
    "_height_": {
        "type": "string",
        "value": "18dp"
    },
    "_left_": {
        "type": "string",
        "value": "20dp"
    },
    "_margin_": [
        1,
        1,
        1,
        1
    ],
    "_padding_": [
        0,
        0,
        0,
        0
    ],
    "_right_": {
        "type": "string",
        "value": "90dp"
    },
    "_skin_": "s9c8aaafea034083a1bd2c04005272cf",
    "_text_": "Branch Name",
    "_top_": {
        "type": "string",
        "value": "12dp"
    },
    "_wrapping_": 2,
    "accessibilityconfig": {
        "a11yLabel": "Branch Name"
    },
    "android": {
        "maxNumberOfLines": 1,
        "textStyle": {
            "letterSpacing": 0,
            "strikeThrough": false
        }
    },
    "canUpdateUI": true,
    "containerweight": 100,
    "contentalignment": 4,
    "id": "lblBranchName",
    "info": null,
    "ipad": {
        "psp": {
            "wrapping": 2
        }
    },
    "iphone": {
        "maxNumberOfLines": 1,
        "psp": {
            "wrapping": 2
        }
    },
    "isvisible": true,
    "kuid": "g7818a7217d6469f89e749326dba1536",
    "maxnumberoflines": 1,
    "name": "kony.ui.Label",
    "parent": "flxDetailsMain",
    "pf": "frmLocationDetails",
    "texti18n": "kony.mb.Location.BranchName",
    "textstyle": {},
    "texttruncateposition": 3,
    "tooltip": "",
    "wType": "Label",
    "zindex": 1
}