{
    "@class": "com.kony.gen.viz.model.component.KVizLabel",
    "DNDConfig": null,
    "__parentReadjusting__": false,
    "_height_": {
        "type": "ref",
        "value": "preferred"
    },
    "_left_": {
        "type": "string",
        "value": "20dp"
    },
    "_margin_": [
        1,
        1,
        1,
        1
    ],
    "_padding_": [
        0,
        0,
        0,
        0
    ],
    "_right_": {
        "type": "string",
        "value": "90dp"
    },
    "_skin_": "s4776ca199f54748a217e5b0b0ce5ed6",
    "_text_": "Open",
    "_top_": {
        "type": "string",
        "value": "30dp"
    },
    "_wrapping_": 2,
    "accessibilityconfig": {
        "a11yLabel": "Open"
    },
    "android": {
        "textStyle": {
            "letterSpacing": 0,
            "strikeThrough": false
        }
    },
    "canUpdateUI": true,
    "containerweight": 100,
    "contentalignment": 4,
    "id": "lblStatus",
    "info": null,
    "ipad": {
        "psp": {
            "wrapping": 2
        }
    },
    "iphone": {
        "psp": {
            "wrapping": 2
        }
    },
    "isvisible": true,
    "kuid": "d4823583bb7745edbc989c66e2bd3356",
    "name": "kony.ui.Label",
    "parent": "flxDetailsMain",
    "pf": "frmLocationDetails",
    "texti18n": "kony.mb.Location.StatusOpen",
    "textstyle": {},
    "tooltip": "",
    "wType": "Label",
    "zindex": 1
}