{
    "@class": "com.kony.gen.viz.model.container.KVizSegment2",
    "DNDConfig": null,
    "__parentReadjusting__": false,
    "_bounces_": false,
    "_data_": [
        {
            "lblDay": {
                "@class": "com.viz.ide.model.segment.SimpleTextSegmentData",
                "text": "Tue"
            },
            "lblTimings": {
                "@class": "com.viz.ide.model.segment.SimpleTextSegmentData",
                "text": "10:00 am to 5:00 pm"
            }
        },
        {
            "lblDay": {
                "@class": "com.viz.ide.model.segment.SimpleTextSegmentData",
                "text": "Tue"
            },
            "lblTimings": {
                "@class": "com.viz.ide.model.segment.SimpleTextSegmentData",
                "text": "10:00 am to 5:00 pm"
            }
        },
        {
            "lblDay": {
                "@class": "com.viz.ide.model.segment.SimpleTextSegmentData",
                "text": "Wednesday"
            },
            "lblTimings": {
                "@class": "com.viz.ide.model.segment.SimpleTextSegmentData",
                "text": "10:00 am to 5:00 pm"
            }
        },
        {
            "lblDay": {
                "@class": "com.viz.ide.model.segment.SimpleTextSegmentData",
                "text": "asds"
            },
            "lblTimings": {
                "@class": "com.viz.ide.model.segment.SimpleTextSegmentData",
                "text": ""
            }
        },
        {
            "lblDay": {
                "@class": "com.viz.ide.model.segment.SimpleTextSegmentData",
                "text": "asx"
            },
            "lblTimings": {
                "@class": "com.viz.ide.model.segment.SimpleTextSegmentData",
                "text": ""
            }
        },
        {
            "lblDay": {
                "@class": "com.viz.ide.model.segment.SimpleTextSegmentData",
                "text": "asa"
            },
            "lblTimings": {
                "@class": "com.viz.ide.model.segment.SimpleTextSegmentData",
                "text": ""
            }
        },
        {
            "lblDay": {
                "@class": "com.viz.ide.model.segment.SimpleTextSegmentData",
                "text": "as"
            },
            "lblTimings": {
                "@class": "com.viz.ide.model.segment.SimpleTextSegmentData",
                "text": ""
            }
        }
    ],
    "_height_": {
        "type": "ref",
        "value": "preferred"
    },
    "_indicator_": "none",
    "_left_": {
        "type": "string",
        "value": "0%"
    },
    "_margin_": [
        0,
        0,
        0,
        0
    ],
    "_orientation_": 2,
    "_padding_": [
        0,
        0,
        0,
        0
    ],
    "_right_": {
        "type": "string",
        "value": "0%"
    },
    "_top_": {
        "type": "string",
        "value": "10dp"
    },
    "autogrowmode": 1,
    "canUpdateUI": true,
    "containerweight": 100,
    "counter": "06",
    "focusedindex": null,
    "focuseditem": null,
    "groupcells": false,
    "hasSections": false,
    "id": "segOperationalHours",
    "info": null,
    "ipad": {
        "psp": {
            "indicator": "rowselect"
        }
    },
    "iphone": {
        "psp": {
            "bounces": false,
            "indicator": "none"
        }
    },
    "isvisible": true,
    "kuid": "a5b532fd9190462d8dc7f462acfd9273",
    "masterdata": {},
    "name": "kony.ui.SegmentedUI2",
    "needpageindicator": true,
    "pageoffdotimage": "pageoffdot.png",
    "pageondotimage": "pageondot.png",
    "paginationconfig": {
        "position": "bottom"
    },
    "parent": "flxBranchDetailsMain",
    "pf": "frmLocationDetails",
    "retainselection": false,
    "rowTemplateId": "ec3c22d0e4764175ad0b439b5fd988ea",
    "rowcounter": 6,
    "rowfocusskin": "sec47134c53840738acea176209ff716",
    "rowskin": "s18472307db04580a2a9cb6f4681ebec",
    "rowtemplate": "flxOperationHours",
    "screenlevelwidget": false,
    "seccounter": 0,
    "sectionHeaderTemplateId": null,
    "sectionheaderskin": "s65e8b0a8be54624ac979cda71a22cac",
    "selectedRows": null,
    "selectedState": false,
    "selectedindex": null,
    "selectedindices": null,
    "selecteditems": null,
    "selectedsectionindex": 0,
    "selectionbehavior": "default",
    "separatorrequired": false,
    "showscrollbars": false,
    "viewtype": "tableview",
    "vizProps": {},
    "wType": "Segment",
    "widgetalignment": 5,
    "widgetdatamap": {
        "flxOperationHours": "flxOperationHours",
        "lblDay": "lblDay",
        "lblTimings": "lblTimings"
    },
    "zindex": 1
}