{
    "@class": "com.kony.gen.viz.model.container.KVizSegment2",
    "DNDConfig": null,
    "__parentReadjusting__": false,
    "_bounces_": false,
    "_data_": [
        {
            "lblBullet": {
                "@class": "com.viz.ide.model.segment.SimpleTextSegmentData",
                "text": "Label"
            },
            "lblService": {
                "@class": "com.viz.ide.model.segment.SimpleTextSegmentData",
                "text": "ATM- 24 Hours"
            }
        },
        {
            "lblBullet": {
                "@class": "com.viz.ide.model.segment.SimpleTextSegmentData",
                "text": "Label"
            },
            "lblService": {
                "@class": "com.viz.ide.model.segment.SimpleTextSegmentData",
                "text": "ATM- 24 Hours"
            }
        }
    ],
    "_height_": {
        "type": "ref",
        "value": "preferred"
    },
    "_indicator_": "none",
    "_left_": {
        "type": "string",
        "value": "0%"
    },
    "_margin_": [
        0,
        0,
        0,
        0
    ],
    "_orientation_": 2,
    "_padding_": [
        0,
        0,
        0,
        0
    ],
    "_right_": {
        "type": "string",
        "value": "0%"
    },
    "_top_": {
        "type": "string",
        "value": "10dp"
    },
    "autogrowmode": 1,
    "canUpdateUI": true,
    "containerweight": 100,
    "counter": "01",
    "focusedindex": null,
    "focuseditem": null,
    "groupcells": false,
    "hasSections": false,
    "id": "segServices",
    "info": null,
    "ipad": {
        "psp": {
            "indicator": "rowselect"
        }
    },
    "iphone": {
        "psp": {
            "bounces": false,
            "indicator": "none"
        }
    },
    "isvisible": true,
    "kuid": "b1db0a15ace642cfb714112813248b24",
    "masterdata": {},
    "minheight": {
        "type": "string",
        "value": "25%"
    },
    "name": "kony.ui.SegmentedUI2",
    "needpageindicator": true,
    "pageoffdotimage": "pageoffdot.png",
    "pageondotimage": "pageondot.png",
    "paginationconfig": {
        "position": "bottom"
    },
    "parent": "flxBranchDetailsMain",
    "pf": "frmLocationDetails",
    "retainselection": false,
    "rowTemplateId": "bd7c21ea53484059b3033eefb9429a7d",
    "rowcounter": 1,
    "rowfocusskin": "sec47134c53840738acea176209ff716",
    "rowskin": "s18472307db04580a2a9cb6f4681ebec",
    "rowtemplate": "flxServices",
    "screenlevelwidget": false,
    "seccounter": 0,
    "sectionHeaderTemplateId": null,
    "sectionheaderskin": "s65e8b0a8be54624ac979cda71a22cac",
    "selectedRows": null,
    "selectedState": false,
    "selectedindex": null,
    "selectedindices": null,
    "selecteditems": null,
    "selectedsectionindex": 0,
    "selectionbehavior": "default",
    "separatorrequired": false,
    "showscrollbars": false,
    "viewtype": "tableview",
    "vizProps": {},
    "wType": "Segment",
    "widgetalignment": 5,
    "widgetdatamap": {
        "flxServices": "flxServices",
        "lblBullet": "lblBullet",
        "lblService": "lblService"
    },
    "zindex": 1
}