{
    "@class": "com.kony.gen.viz.model.component.KVizUserWidget",
    "DNDConfig": null,
    "__parentReadjusting__": false,
    "_children_": [],
    "_height_": {
        "type": "string",
        "value": "100%"
    },
    "_iphone_": {
        "render": true
    },
    "_left_": {
        "type": "string",
        "value": "0dp"
    },
    "_margin_": [
        0,
        0,
        0,
        0
    ],
    "_orientation_": 1,
    "_padding_": [
        0,
        0,
        0,
        0
    ],
    "_percent_": true,
    "_render_": true,
    "_skin_": "s966eaf1ea1441148b4828270a782f8b",
    "_top_": {
        "type": "string",
        "value": "0dp"
    },
    "_vizProps_": {
        "hidewidgethierarchy": false
    },
    "_width_": {
        "type": "string",
        "value": "100%"
    },
    "areflexpropsreferenced": false,
    "canUpdateUI": true,
    "clipbounds": false,
    "containerweight": 0,
    "dataDiffs": {
        "btnLeft": {
            "__events__": {},
            "__info__": {
                "kuid": "d2639c43c6764645af541ed944f72a96",
                "srcKUID": "a92fc4f8fe924a5a95a2b7f3de772c04",
                "wType": "Button"
            }
        },
        "btnRight": {
            "__events__": {},
            "__info__": {
                "kuid": "c01e1a2a0ab54a68bac557993626f266",
                "srcKUID": "a4ee84ad1d214582898217af1d05a7d5",
                "wType": "Button"
            }
        },
        "customHeader": {
            "__events__": {},
            "__info__": {
                "isRoot": true,
                "kuid": "a583cf54110b4228ad30e743a3e63b00",
                "srcKUID": "cf270a797f14497bb1bba45b251f1a06",
                "wType": "FlexContainer"
            }
        },
        "flxBack": {
            "__events__": {},
            "__info__": {
                "kuid": "b3c3847ff90c4d71b7fd36febc54c0ba",
                "srcKUID": "dd5ab076f18a49149f542c0d2b517ac2",
                "wType": "FlexContainer"
            }
        },
        "flxHeader": {
            "__events__": {},
            "__info__": {
                "kuid": "ie2713c4769f4733b69c94e98f96d7ba",
                "srcKUID": "d9ee03385e1f41a79b8e123b6dda48c5",
                "wType": "FlexContainer"
            }
        },
        "flxHeaderShadow": {
            "__events__": {},
            "__info__": {
                "kuid": "f3b42e04ac5540e0b448d833e30dfc6e",
                "srcKUID": "fd3eb3ca751e4798b59a12af8de4fd04",
                "wType": "FlexContainer"
            }
        },
        "flxSearch": {
            "__events__": {},
            "__info__": {
                "kuid": "e2fa861aa89a4f3f855c568130fe8678",
                "srcKUID": "f46eab5e257a4a5faca8d9c8b16f58bb",
                "wType": "FlexContainer"
            },
            "isVisible": false
        },
        "imgBack": {
            "__events__": {},
            "__info__": {
                "kuid": "e2bed234dc0745cbb593af8c44e48d0c",
                "srcKUID": "a54167a680ef4852826dcbc71ac31f89",
                "wType": "Image"
            }
        },
        "imgSearch": {
            "__events__": {},
            "__info__": {
                "kuid": "ia5f95172e8c48a8b4f5e1cd7e4d09ca",
                "srcKUID": "d5b6a4c443884b6e920a9e69bfa3cf50",
                "wType": "Image"
            }
        },
        "lblLocateUs": {
            "__events__": {},
            "__info__": {
                "kuid": "e96ee1bb0fe749b499f18cae3dd07fd7",
                "srcKUID": "c6589a12cf8e43e685fa0a5b4a9223f6",
                "wType": "Label"
            },
            "i18n_text": "kony.mb.Hamburger.Locateus",
            "text": "Locate Us"
        }
    },
    "id": "customHeader",
    "info": null,
    "iscustomlayout": false,
    "isdatareferenced": false,
    "isvisible": true,
    "kuid": "a583cf54110b4228ad30e743a3e63b00",
    "layouttype": 2,
    "masterType": 0,
    "name": "kony.ui.UserWidgetInstance",
    "parent": "flxHeader",
    "pf": "frmLocationDirections",
    "retaincontentalignment": false,
    "retainflexpositionproperties": false,
    "sourceUserWidget": "cf270a797f14497bb1bba45b251f1a06",
    "wType": "UserWidgetInstance"
}