{
    "@class": "com.kony.gen.viz.model.component.KVizUserWidget",
    "DNDConfig": null,
    "__parentReadjusting__": false,
    "_children_": [],
    "_height_": {
        "type": "string",
        "value": "100%"
    },
    "_iphone_": {},
    "_left_": {
        "type": "string",
        "value": "0dp"
    },
    "_margin_": [
        0,
        0,
        0,
        0
    ],
    "_orientation_": 1,
    "_padding_": [
        0,
        0,
        0,
        0
    ],
    "_percent_": true,
    "_render_": true,
    "_skin_": "s966eaf1ea1441148b4828270a782f8b",
    "_top_": {
        "type": "string",
        "value": "0dp"
    },
    "_vizProps_": {
        "hidewidgethierarchy": false
    },
    "_width_": {
        "type": "string",
        "value": "100%"
    },
    "areflexpropsreferenced": false,
    "canUpdateUI": true,
    "clipbounds": true,
    "containerweight": 0,
    "dataDiffs": {
        "customPopup": {
            "__events__": {},
            "__info__": {
                "isRoot": true,
                "kuid": "j24ab70cd67b45c8b1bf040e19ed3f0e",
                "srcKUID": "ie413e7d00ff441480a402d8b73f47f4",
                "wType": "FlexContainer"
            }
        },
        "flxPopupWrapper": {
            "__events__": {},
            "__info__": {
                "kuid": "cd6bf5cfbae043f4916ecfcc4b2eae64",
                "srcKUID": "f56145d08fa2451fb9475e5d2bc6a01d",
                "wType": "FlexContainer"
            }
        },
        "imgPopup": {
            "__events__": {},
            "__info__": {
                "kuid": "g652ac9b56e54c048bcc0de6b75193df",
                "srcKUID": "f4638082e0dc4d7c9a5f12dbb322786e",
                "wType": "Image"
            }
        },
        "lblPopup": {
            "__events__": {},
            "__info__": {
                "kuid": "ebb27ecdb1bc449191f96f244779fd70",
                "srcKUID": "gc00deb3138044cd9f219a4d21d5533c",
                "wType": "Label"
            }
        }
    },
    "id": "customPopup",
    "info": null,
    "iscustomlayout": false,
    "isdatareferenced": false,
    "isvisible": true,
    "kuid": "ade40a910aa949d58e3d4d30a2b2d2a8",
    "layouttype": 3,
    "masterType": 0,
    "name": "kony.ui.UserWidgetInstance",
    "parent": "flxPopup",
    "pf": "frmLocationDirections",
    "retaincontentalignment": false,
    "retainflexpositionproperties": false,
    "snaptogrid": true,
    "sourceUserWidget": "ie413e7d00ff441480a402d8b73f47f4",
    "wType": "UserWidgetInstance"
}