{
    "@class": "com.kony.gen.viz.model.component.KVizUserWidget",
    "DNDConfig": null,
    "__parentReadjusting__": false,
    "_android_": {
        "render": true
    },
    "_children_": [],
    "_height_": {
        "type": "string",
        "value": "100%"
    },
    "_iphone_": {
        "render": true
    },
    "_left_": {
        "type": "string",
        "value": "0dp"
    },
    "_margin_": [
        0,
        0,
        0,
        0
    ],
    "_orientation_": 1,
    "_padding_": [
        0,
        0,
        0,
        0
    ],
    "_percent_": true,
    "_render_": true,
    "_skin_": "s966eaf1ea1441148b4828270a782f8b",
    "_top_": {
        "type": "string",
        "value": "0dp"
    },
    "_vizProps_": {
        "hidewidgethierarchy": false
    },
    "_width_": {
        "type": "string",
        "value": "100%"
    },
    "areflexpropsreferenced": false,
    "autogrowmode": 0,
    "canUpdateUI": true,
    "clipbounds": false,
    "containerweight": 0,
    "dataDiffs": {
        "btnLeft": {
            "__events__": {},
            "__info__": {
                "kuid": "dc9c7b74e93d46539a808b9a44e6c93d",
                "srcKUID": "a92fc4f8fe924a5a95a2b7f3de772c04",
                "wType": "Button"
            }
        },
        "btnRight": {
            "__events__": {},
            "__info__": {
                "kuid": "j17ac6c6ef924fc7af9e4a66ef3776c3",
                "srcKUID": "a4ee84ad1d214582898217af1d05a7d5",
                "wType": "Button"
            },
            "i18n_text": "kony.mb.common.Cancel",
            "isVisible": true,
            "text": "Cancel"
        },
        "customHeader": {
            "__events__": {},
            "__info__": {
                "isRoot": true,
                "kuid": "g020bffc57594b9fa8cacef54c41fb5d",
                "srcKUID": "cf270a797f14497bb1bba45b251f1a06",
                "wType": "FlexContainer"
            },
            "height": {
                "Default": {
                    "type": "string",
                    "value": "100%"
                }
            },
            "zIndex": {
                "Default": 1
            }
        },
        "flxBack": {
            "__events__": {},
            "__info__": {
                "kuid": "b068839042b64177aed64c8625cc5ecf",
                "srcKUID": "dd5ab076f18a49149f542c0d2b517ac2",
                "wType": "FlexContainer"
            },
            "clipBounds": true,
            "isVisible": false
        },
        "flxHeader": {
            "__events__": {},
            "__info__": {
                "kuid": "i23f8e8a752e42d9893b6b116c923d49",
                "srcKUID": "d9ee03385e1f41a79b8e123b6dda48c5",
                "wType": "FlexContainer"
            }
        },
        "flxHeaderShadow": {
            "__events__": {},
            "__info__": {
                "kuid": "ha6a40ea68f440b4b0e0eff5f64f25c9",
                "srcKUID": "fd3eb3ca751e4798b59a12af8de4fd04",
                "wType": "FlexContainer"
            }
        },
        "flxSearch": {
            "__events__": {},
            "__info__": {
                "kuid": "b4986f76ec4443c0aac3b1aaacec062a",
                "srcKUID": "f46eab5e257a4a5faca8d9c8b16f58bb",
                "wType": "FlexContainer"
            },
            "isVisible": false
        },
        "imgBack": {
            "__events__": {},
            "__info__": {
                "kuid": "c700227c588c4541802fe7280bd55183",
                "srcKUID": "a54167a680ef4852826dcbc71ac31f89",
                "wType": "Image"
            }
        },
        "imgSearch": {
            "__events__": {},
            "__info__": {
                "kuid": "ec125bae166449248941992c4c857f2d",
                "srcKUID": "d5b6a4c443884b6e920a9e69bfa3cf50",
                "wType": "Image"
            }
        },
        "lblLocateUs": {
            "__events__": {},
            "__info__": {
                "kuid": "aada077b2e514f2098e2e5821dd47360",
                "srcKUID": "c6589a12cf8e43e685fa0a5b4a9223f6",
                "wType": "Label"
            },
            "i18n_text": "kony.mb.feedback.feedback",
            "text": "Feedbabk"
        }
    },
    "id": "customHeader",
    "info": null,
    "iscustomlayout": false,
    "isdatareferenced": false,
    "isvisible": true,
    "kuid": "g020bffc57594b9fa8cacef54c41fb5d",
    "layouttype": 2,
    "masterType": 0,
    "name": "kony.ui.UserWidgetInstance",
    "parent": "flxHeader",
    "pf": "frmFeedbackEntry",
    "retaincontentalignment": false,
    "retainflexpositionproperties": false,
    "snaptogrid": true,
    "sourceUserWidget": "cf270a797f14497bb1bba45b251f1a06",
    "wType": "UserWidgetInstance",
    "zindex": 1
}