{
    "@class": "com.kony.gen.viz.model.component.KVizUserWidget",
    "DNDConfig": null,
    "_children_": [],
    "_height_": {
        "type": "string",
        "value": "100%"
    },
    "_left_": {
        "type": "string",
        "value": "0dp"
    },
    "_margin_": [
        0,
        0,
        0,
        0
    ],
    "_orientation_": 1,
    "_padding_": [
        0,
        0,
        0,
        0
    ],
    "_percent_": true,
    "_render_": true,
    "_skin_": "s966eaf1ea1441148b4828270a782f8b",
    "_top_": {
        "type": "string",
        "value": "0dp"
    },
    "_width_": {
        "type": "string",
        "value": "100%"
    },
    "areflexpropsreferenced": false,
    "canUpdateUI": true,
    "clipbounds": true,
    "containerweight": 0,
    "dataDiffs": {
        "customPopup": {
            "__events__": {},
            "__info__": {
                "isRoot": true,
                "kuid": "cbe91086d8bf45c9b2f0ed70b5cb9cf3",
                "srcKUID": "ie413e7d00ff441480a402d8b73f47f4",
                "wType": "FlexContainer"
            }
        },
        "flxPopupWrapper": {
            "__events__": {},
            "__info__": {
                "kuid": "bfff956e00a748bd97ad624b7594cf90",
                "srcKUID": "f56145d08fa2451fb9475e5d2bc6a01d",
                "wType": "FlexContainer"
            }
        },
        "imgPopup": {
            "__events__": {},
            "__info__": {
                "kuid": "f8d06384d2104d3593d189632e4cdaa9",
                "srcKUID": "f4638082e0dc4d7c9a5f12dbb322786e",
                "wType": "Image"
            }
        },
        "lblPopup": {
            "__events__": {},
            "__info__": {
                "kuid": "jde589ebb13542b7b9e4623475db8206",
                "srcKUID": "gc00deb3138044cd9f219a4d21d5533c",
                "wType": "Label"
            }
        }
    },
    "id": "customPopup",
    "info": null,
    "iscustomlayout": false,
    "isdatareferenced": false,
    "isvisible": true,
    "kuid": "cbe91086d8bf45c9b2f0ed70b5cb9cf3",
    "layouttype": 3,
    "masterType": 0,
    "name": "kony.ui.UserWidgetInstance",
    "parent": "flxPopup",
    "pf": "frmFeedbackEntry",
    "retaincontentalignment": false,
    "retainflexpositionproperties": false,
    "snaptogrid": true,
    "sourceUserWidget": "ie413e7d00ff441480a402d8b73f47f4",
    "wType": "UserWidgetInstance"
}