{
    "DNDConfig": null,
    "_height_": {
        "type": "string",
        "value": "10.50%"
    },
    "_margin_": [
        0,
        0,
        0,
        0
    ],
    "_orientation_": 6,
    "_padding_": [
        0,
        0,
        0,
        0
    ],
    "_percent_": true,
    "_skin_": "s44d64cd11cf4c658451323326caf691",
    "_top_": {
        "type": "string",
        "value": "0dp"
    },
    "_width_": {
        "type": "string",
        "value": "100%"
    },
    "allboxes": [],
    "autogrowmode": 0,
    "canUpdateUI": true,
    "centerx": {
        "type": "string",
        "value": "50%"
    },
    "children": [
        "customPopup"
    ],
    "clipbounds": true,
    "containerweight": 100,
    "enablescrolling": true,
    "id": "flxPopup",
    "info": null,
    "isvisible": false,
    "kuid": "f20f6159af2d4a739b391680bbf79dd5",
    "layouttype": 2,
    "name": "kony.ui.FlexContainer",
    "parent": "frmFeedbackEntry",
    "pf": "frmFeedbackEntry",
    "snapgridsize": 10,
    "snaptogrid": true,
    "wType": "FlexContainer",
    "widgetalignment": 1,
    "zindex": 200
}