{
    "@class": "com.kony.gen.viz.model.component.KVizLabel",
    "DNDConfig": null,
    "__parentReadjusting__": false,
    "_height_": {
        "type": "ref",
        "value": "preferred"
    },
    "_margin_": [
        1,
        1,
        1,
        1
    ],
    "_padding_": [
        0,
        0,
        0,
        0
    ],
    "_skin_": "s03e5e9c2d80462ab01d26f08c23277d",
    "_text_": "",
    "_width_": {
        "type": "ref",
        "value": "preferred"
    },
    "_wrapping_": 2,
    "accessibilityconfig": {
        "a11yLabel": "Reason for Changing PIN"
    },
    "android": {
        "textStyle": {
            "letterSpacing": 0,
            "strikeThrough": false
        }
    },
    "canUpdateUI": true,
    "centerx": {
        "type": "string",
        "value": "50%"
    },
    "centery": {
        "type": "string",
        "value": "47%"
    },
    "containerweight": 100,
    "contentalignment": 5,
    "id": "lblAreYouEnjoying",
    "info": null,
    "ipad": {
        "psp": {
            "wrapping": 2
        }
    },
    "iphone": {
        "psp": {
            "wrapping": 2
        }
    },
    "isvisible": true,
    "kuid": "e3242e1e2e6c4439a4864d62ec1b0327",
    "name": "kony.ui.Label",
    "parent": "flxTitle",
    "pf": "frmFeedbackEntry",
    "texti18n": "kony.mb.feedback.AreYouEnjoyingThisApp",
    "textstyle": {},
    "tooltip": "",
    "wType": "Label",
    "zindex": 1
}