{
    "@class": "com.kony.gen.viz.model.container.KVizSegment2",
    "DNDConfig": null,
    "__parentReadjusting__": false,
    "_data_": [
        {
            "lblReason": {
                "@class": "com.viz.ide.model.segment.SimpleTextSegmentData",
                "i18nkey": "kony.mb.common.Yes",
                "text": "Reason 1"
            }
        },
        {
            "lblReason": {
                "@class": "com.viz.ide.model.segment.SimpleTextSegmentData",
                "i18nkey": "kony.mb.common.No",
                "text": "Reason 2"
            }
        }
    ],
    "_height_": {
        "type": "ref",
        "value": "preferred"
    },
    "_indicator_": "none",
    "_left_": {
        "type": "string",
        "value": "0dp"
    },
    "_margin_": [
        0,
        0,
        0,
        0
    ],
    "_orientation_": 2,
    "_padding_": [
        0,
        0,
        0,
        0
    ],
    "_top_": {
        "type": "string",
        "value": "50dp"
    },
    "_width_": {
        "type": "string",
        "value": "100%"
    },
    "autogrowmode": 1,
    "canUpdateUI": true,
    "containerweight": 100,
    "counter": "01",
    "focusedindex": null,
    "focuseditem": null,
    "groupcells": false,
    "hasSections": false,
    "id": "segOptions",
    "info": null,
    "ipad": {
        "psp": {
            "indicator": "rowselect"
        }
    },
    "iphone": {
        "psp": {
            "bounces": false,
            "indicator": "none"
        }
    },
    "iscustomlayout": false,
    "isvisible": true,
    "kuid": "b74fb4f0af43490bbd5ec5a2d97c4d39",
    "masterdata": {},
    "name": "kony.ui.SegmentedUI2",
    "needpageindicator": true,
    "pageoffdotimage": "pageoffdot.png",
    "pageondotimage": "pageondot.png",
    "paginationconfig": {
        "position": "bottom"
    },
    "parent": "flxMainContainer",
    "pf": "frmFeedbackEntry",
    "retaincontentalignment": false,
    "retainflexpositionproperties": false,
    "retainselection": false,
    "rowTemplateId": "edb8a847805442e095e93444d0bdf6a0",
    "rowcounter": 1,
    "rowfocusskin": "s02d7ca459a74168b4573e79b9d8efec",
    "rowskin": "s18472307db04580a2a9cb6f4681ebec",
    "rowtemplate": "flxReasons",
    "screenlevelwidget": false,
    "seccounter": 0,
    "sectionheaderskin": "s65e8b0a8be54624ac979cda71a22cac",
    "selectedRows": null,
    "selectedState": false,
    "selectedindex": null,
    "selectedindices": null,
    "selecteditems": null,
    "selectedsectionindex": 0,
    "selectionbehavior": "default",
    "separatorcolor": "ffffff64",
    "separatorrequired": true,
    "separatorthickness": 0,
    "showscrollbars": false,
    "viewtype": "tableview",
    "vizProps": {},
    "wType": "Segment",
    "widgetalignment": 5,
    "widgetdatamap": {
        "flxReasons": "flxReasons",
        "lblReason": "lblReason"
    },
    "zindex": 1
}