{
    "@class": "com.kony.gen.viz.model.component.KVizBrowser",
    "DNDConfig": null,
    "_height_": {
        "type": "string",
        "value": "90%"
    },
    "_left_": {
        "type": "string",
        "value": "5%"
    },
    "_margin_": [
        0,
        0,
        0,
        0
    ],
    "_padding_": [
        0,
        0,
        0,
        0
    ],
    "_top_": {
        "type": "string",
        "value": "20dp"
    },
    "_type_": 3,
    "_width_": {
        "type": "string",
        "value": "90%"
    },
    "bounces": false,
    "browserType": 1,
    "canUpdateUI": true,
    "containerweight": 69,
    "detecttelnumber": true,
    "htmlstring": "Browser",
    "id": "browserContent",
    "info": null,
    "iphone": {
        "psp": {
            "bounces": false,
            "browserType": 1
        }
    },
    "iscustomlayout": false,
    "isvisible": true,
    "kuid": "ib5dd03cb1834981927074753b8728a2",
    "margininpixel": false,
    "method": "get",
    "name": "kony.ui.Browser",
    "paddinginpixel": false,
    "parent": "flxContainer",
    "pf": "frmSupportInfo",
    "requesturlconfig": {
        "URL": "",
        "requestMethod": "get"
    },
    "retaincontentalignment": false,
    "retainflexpositionproperties": false,
    "screenlevelwidget": false,
    "url": "",
    "wType": "Browser",
    "zindex": 3
}