{
    "@class": "com.kony.gen.viz.model.component.KVizUserWidget",
    "DNDConfig": null,
    "__parentReadjusting__": false,
    "_children_": [],
    "_height_": {
        "type": "string",
        "value": "95dp"
    },
    "_left_": {
        "type": "string",
        "value": "0%"
    },
    "_margin_": [
        0,
        0,
        0,
        0
    ],
    "_orientation_": 1,
    "_padding_": [
        0,
        0,
        0,
        0
    ],
    "_percent_": true,
    "_render_": true,
    "_skin_": "s38e071e0d88486185fc4ed3f44ef7d4",
    "_top_": {
        "type": "string",
        "value": "0%"
    },
    "_width_": {
        "type": "string",
        "value": "100%"
    },
    "areflexpropsreferenced": false,
    "canUpdateUI": true,
    "clipbounds": false,
    "containerweight": 100,
    "dataDiffs": {
        "btnCancel": {
            "__events__": {},
            "__info__": {
                "kuid": "ed3f7dfc590047a0821ccb9aff034d8f",
                "srcKUID": "ibf6d2dd48a14905a10b28ee29028c63",
                "wType": "Button"
            },
            "isVisible": false
        },
        "customSearch": {
            "__events__": {},
            "__info__": {
                "isRoot": true,
                "kuid": "ad1dd69a1af545f4b083ad198e844718",
                "srcKUID": "i4643880eddc4321bbf92cf1cb1321b7",
                "wType": "FlexContainer"
            }
        },
        "flxBack": {
            "__events__": {
                "ide_onClick": "AS_FlexContainer_je36524c6c8841a0b2d99134bb15eef6"
            },
            "__info__": {
                "kuid": "b8eee4927ddc41298291958748494a83",
                "srcKUID": "i15fd2595c1148b7b0321cf8392acb18",
                "wType": "FlexContainer"
            }
        },
        "flxHeader": {
            "__events__": {},
            "__info__": {
                "kuid": "b9cbb2d674d841c5ab1221728bcbd951",
                "srcKUID": "cc3f3d01f3ee4bcea38882599b22f83b",
                "wType": "FlexContainer"
            },
            "isVisible": false
        },
        "flxHeaderSeparator": {
            "__events__": {},
            "__info__": {
                "kuid": "b94891d2837e4f05bab8fdc1be40b860",
                "srcKUID": "cc37761173564833bdf957bf3990740a",
                "wType": "FlexContainer"
            }
        },
        "flxHeaderShadow": {
            "__events__": {},
            "__info__": {
                "kuid": "ib67c71c44ec44ba848df3a25c3debc6",
                "srcKUID": "d23d1f8efe244de8843c8c1ac101bb93",
                "wType": "FlexContainer"
            }
        },
        "flxSearch": {
            "__events__": {},
            "__info__": {
                "kuid": "b534bf7b95bc41698eea77496cd71b4d",
                "srcKUID": "hca6a3a81aa04e50bbe963e8b94fd595",
                "wType": "FlexContainer"
            }
        },
        "flxSearchMain": {
            "__events__": {},
            "__info__": {
                "kuid": "d3a51350ad3f4b54852a8f70e84d1229",
                "srcKUID": "gef9f5bc33c5471b90ceecd9c3d801f1",
                "wType": "FlexContainer"
            },
            "isVisible": true
        },
        "imgBack": {
            "__events__": {},
            "__info__": {
                "kuid": "hac019a2339b4f809ce7fff2c406691f",
                "srcKUID": "c38349fd54504305b85bcf241f9dfd0a",
                "wType": "Image"
            }
        },
        "imgSearch": {
            "__events__": {},
            "__info__": {
                "kuid": "fc0dc4fb20ed4775bdf19444511e5743",
                "srcKUID": "ff79dd57ac4b43d0bb6915c78333dac4",
                "wType": "Image"
            }
        },
        "imgSearchIcon": {
            "__events__": {},
            "__info__": {
                "kuid": "g6287f364feb455bbb652650e3d7c155",
                "srcKUID": "a0a616344f47404dbc166196fa03c0e0",
                "wType": "Image"
            }
        },
        "lblLocateUs": {
            "__events__": {},
            "__info__": {
                "kuid": "id9e5081fa0749cfadb0fa17636d8936",
                "srcKUID": "f04e95fa8c7c4cf095bea3ca7b9e035c",
                "wType": "Label"
            },
            "i18n_text": null,
            "text": "Locate Us"
        },
        "tbxSearch": {
            "__events__": {},
            "__info__": {
                "kuid": "ac48a9fbb306480880cf6f432a55e5c0",
                "srcKUID": "d3907287d4364176bb07bf0f4a7fbdaf",
                "wType": "TextField"
            },
            "placeholder": "Search",
            "top": {
                "Default": {
                    "type": "string",
                    "value": "0dp"
                }
            }
        }
    },
    "id": "customSearch",
    "info": null,
    "iscustomlayout": false,
    "isdatareferenced": false,
    "isvisible": true,
    "kuid": "ad1dd69a1af545f4b083ad198e844718",
    "layouttype": 4,
    "masterType": 0,
    "name": "kony.ui.UserWidgetInstance",
    "parent": "flxHeaderTermsConditions",
    "pf": "frmSupportInfo",
    "retaincontentalignment": false,
    "retainflexpositionproperties": false,
    "snaptogrid": true,
    "sourceUserWidget": "i4643880eddc4321bbf92cf1cb1321b7",
    "wType": "UserWidgetInstance"
}