{
    "@class": "com.kony.gen.viz.model.component.KVizUserWidget",
    "DNDConfig": null,
    "__parentReadjusting__": false,
    "_children_": [],
    "_height_": {
        "type": "string",
        "value": "40dp"
    },
    "_left_": {
        "type": "string",
        "value": "0dp"
    },
    "_margin_": [
        0,
        0,
        0,
        0
    ],
    "_orientation_": 1,
    "_padding_": [
        0,
        0,
        0,
        0
    ],
    "_percent_": true,
    "_render_": true,
    "_skin_": "s966eaf1ea1441148b4828270a782f8b",
    "_top_": {
        "type": "string",
        "value": "0dp"
    },
    "_width_": {
        "type": "string",
        "value": "100%"
    },
    "areflexpropsreferenced": false,
    "canUpdateUI": true,
    "clipbounds": false,
    "containerweight": 100,
    "dataDiffs": {
        "btnCancel": {
            "__events__": {},
            "__info__": {
                "kuid": "afcdc5a6e81f456397df4ff2b8e70278",
                "srcKUID": "cf0f0a7a19664002a53a1f77e7082c6c",
                "wType": "Button"
            }
        },
        "customSearchbox": {
            "__events__": {},
            "__info__": {
                "isRoot": true,
                "kuid": "b79a4c109b304500970841d6c398f2ed",
                "srcKUID": "f1b1b5e40a58453ab9a1b4f121e4f4eb",
                "wType": "FlexContainer"
            },
            "top": {
                "Default": {
                    "type": "string",
                    "value": "0dp"
                }
            }
        },
        "flxHeaderShadow": {
            "__events__": {},
            "__info__": {
                "kuid": "a4920ef7ef0a4dd6b5206273ca0c8fdc",
                "srcKUID": "f2d9c4a6a40143d8810c778f5f634853",
                "wType": "FlexContainer"
            }
        },
        "flxSearch": {
            "__events__": {},
            "__info__": {
                "kuid": "efafc34eef654bd4aecf779b5fe900b7",
                "srcKUID": "b3770ab32332447ab59176519234cee8",
                "wType": "FlexContainer"
            }
        },
        "flxSearchMain": {
            "__events__": {},
            "__info__": {
                "kuid": "g7f8c5431aaf456abc88047539c9ab16",
                "srcKUID": "db20269d51344928b8ba8a9b29d0741f",
                "wType": "FlexContainer"
            }
        },
        "imgSearch": {
            "__events__": {},
            "__info__": {
                "kuid": "b2fe688699a34f70bb1e7e8ecce01bf6",
                "srcKUID": "f9d61cc007354263ab63d0c7a742aa41",
                "wType": "Image"
            }
        },
        "imgSearchIcon": {
            "__events__": {},
            "__info__": {
                "kuid": "c8188c479a7b4582aa4d602867da43b7",
                "srcKUID": "j657ec465367414995d83c0c48f49c43",
                "wType": "Image"
            }
        },
        "tbxSearch": {
            "__events__": {},
            "__info__": {
                "kuid": "gc31347c757c4f309534883c448e1b76",
                "srcKUID": "b9d79b6a7ddf4527a22a3e3cc610c0f5",
                "wType": "TextField"
            },
            "placeholder": "Search "
        }
    },
    "id": "customSearchbox",
    "info": null,
    "iscustomlayout": false,
    "isdatareferenced": false,
    "isvisible": true,
    "kuid": "dcebf1a21dbb4d45a3f9251aebc90c53",
    "layouttype": 2,
    "masterType": 0,
    "name": "kony.ui.UserWidgetInstance",
    "parent": "flxHeaderSearchbox",
    "pf": "frmSupportInfo",
    "retaincontentalignment": false,
    "retainflexpositionproperties": false,
    "snaptogrid": true,
    "sourceUserWidget": "f1b1b5e40a58453ab9a1b4f121e4f4eb",
    "wType": "UserWidgetInstance"
}