{
    "DNDConfig": null,
    "__parentReadjusting__": false,
    "_height_": {
        "type": "string",
        "value": "45%"
    },
    "_left_": {
        "type": "string",
        "value": "0dp"
    },
    "_margin_": [
        0,
        0,
        0,
        0
    ],
    "_orientation_": 6,
    "_padding_": [
        0,
        0,
        0,
        0
    ],
    "_percent_": true,
    "_skin_": "s8ea0950d0594556bb6a819019b620d9",
    "_top_": {
        "type": "string",
        "value": "56dp"
    },
    "_width_": {
        "type": "string",
        "value": "100%"
    },
    "allboxes": [],
    "autogrowmode": 0,
    "canUpdateUI": true,
    "children": [],
    "clipbounds": false,
    "containerweight": 100,
    "enablescrolling": true,
    "id": "flxGradient",
    "info": null,
    "iphone": {
        "top": {
            "type": "string",
            "value": "0dp"
        }
    },
    "iscustomlayout": false,
    "isvisible": true,
    "kuid": "f2bd1e6c04264a88afacbfa2a7413e58",
    "layouttype": 2,
    "name": "kony.ui.FlexContainer",
    "parent": "frmSupportInfo",
    "pf": "frmSupportInfo",
    "retaincontentalignment": false,
    "retainflexpositionproperties": false,
    "snapgridsize": 10,
    "snaptogrid": true,
    "wType": "FlexContainer",
    "widgetalignment": 1,
    "zindex": 1
}