{
    "DNDConfig": null,
    "__parentReadjusting__": false,
    "_height_": {
        "type": "string",
        "value": "50dp"
    },
    "_left_": {
        "type": "string",
        "value": "0dp"
    },
    "_margin_": [
        0,
        0,
        0,
        0
    ],
    "_orientation_": 6,
    "_padding_": [
        0,
        0,
        0,
        0
    ],
    "_percent_": true,
    "_skin_": "s2ba74f957a54a6bb3c565edebc5bb21",
    "_top_": {
        "type": "string",
        "value": "55dp"
    },
    "_width_": {
        "type": "string",
        "value": "100%"
    },
    "allboxes": [],
    "autogrowmode": 0,
    "canUpdateUI": true,
    "children": [
        "customSearch"
    ],
    "clipbounds": true,
    "containerweight": 100,
    "enablescrolling": true,
    "id": "flxHeaderTermsConditions",
    "info": null,
    "isvisible": true,
    "kuid": "ebb43f9c944d47d7bb933963e3264354",
    "layouttype": 2,
    "name": "kony.ui.FlexContainer",
    "parent": "frmSupportInfo",
    "pf": "frmSupportInfo",
    "snapgridsize": 10,
    "snaptogrid": true,
    "wType": "FlexContainer",
    "widgetalignment": 1,
    "zindex": 3
}