{
    "DNDConfig": null,
    "__parentReadjusting__": false,
    "_bottom_": {
        "type": "string",
        "value": "0dp"
    },
    "_left_": {
        "type": "string",
        "value": "0dp"
    },
    "_margin_": [
        0,
        0,
        0,
        0
    ],
    "_orientation_": 6,
    "_padding_": [
        0,
        0,
        0,
        0
    ],
    "_percent_": true,
    "_skin_": "s7b436962d6a4647b197083ac7d03d39",
    "_top_": {
        "type": "string",
        "value": "106dp"
    },
    "_width_": {
        "type": "string",
        "value": "100%"
    },
    "allboxes": [],
    "autogrowmode": 0,
    "canUpdateUI": true,
    "children": [
        "flxContainer",
        "flxContainerS"
    ],
    "clipbounds": true,
    "containerweight": 100,
    "enablescrolling": true,
    "id": "flxTermsConditions",
    "info": null,
    "iscustomlayout": false,
    "isvisible": true,
    "kuid": "f40e12b453364d5883f2b110097bb505",
    "layouttype": 2,
    "name": "kony.ui.FlexContainer",
    "parent": "frmSupportInfo",
    "pf": "frmSupportInfo",
    "retaincontentalignment": false,
    "retainflexpositionproperties": false,
    "snapgridsize": 10,
    "snaptogrid": true,
    "vizProps": {},
    "wType": "FlexContainer",
    "widgetalignment": 1,
    "zindex": 3
}