{
    "@class": "com.kony.gen.viz.model.container.KVizSegment2",
    "DNDConfig": null,
    "__parentReadjusting__": false,
    "_data_": [
        [
            {
                "imgUpArrow": {
                    "@class": "com.viz.ide.model.segment.ImageSegmentData",
                    "src": "arrowdown.png"
                },
                "lblHeader": {
                    "@class": "com.viz.ide.model.segment.SimpleTextSegmentData",
                    "text": "Transactions"
                }
            },
            [
                {
                    "lblAnswer": {
                        "@class": "com.viz.ide.model.segment.SimpleTextSegmentData",
                        "text": "By accessing the information provided at the Kony Mobile Banking site, you agree to the following terms and conditions. The material available on these sites has been produced by independent"
                    },
                    "lblQuestion": {
                        "@class": "com.viz.ide.model.segment.SimpleTextSegmentData",
                        "text": "Question appears here. Question will be in bold text and can be in multiple lines."
                    }
                },
                {
                    "lblAnswer": {
                        "@class": "com.viz.ide.model.segment.SimpleTextSegmentData",
                        "text": "By accessing the information provided at the Kony Mobile Banking site, you agree to the following terms and conditions. The material available on these sites has been produced by independent providers and are not the opinions or recommendations of kony Mobile Banking. Proin elit quam, feugiat quis sem eu, euismod feugiat lacus. Donec posuere sapien eu auctor lacinia. Quisque dictum augue nec auctor venenatis. Cras tincidunt tristique mauris, non tincidunt metus elementum quis."
                    },
                    "lblQuestion": {
                        "@class": "com.viz.ide.model.segment.SimpleTextSegmentData",
                        "text": "Question appears here. Question will be in bold text and can be in multiple lines."
                    }
                },
                {
                    "lblAnswer": {
                        "@class": "com.viz.ide.model.segment.SimpleTextSegmentData",
                        "text": "By accessing the information provided at the Kony Mobile Banking site, you agree to the following terms and conditions. The material available on these sites has been produced by independent providers and are not the opinions or recommendations of kony Mobile Banking. Proin elit quam, feugiat quis sem eu, euismod feugiat lacus. Donec posuere sapien eu auctor lacinia. Quisque dictum augue nec auctor venenatis. Cras tincidunt tristique mauris, non tincidunt metus elementum quis."
                    },
                    "lblQuestion": {
                        "@class": "com.viz.ide.model.segment.SimpleTextSegmentData",
                        "text": "Question appears here. Question will be in bold text and can be in multiple lines."
                    }
                }
            ]
        ],
        [
            {
                "imgUpArrow": {
                    "@class": "com.viz.ide.model.segment.ImageSegmentData",
                    "src": "arrowdown.png"
                },
                "lblHeader": {
                    "@class": "com.viz.ide.model.segment.SimpleTextSegmentData",
                    "text": "Transactions"
                }
            },
            [
                {
                    "lblAnswer": {
                        "@class": "com.viz.ide.model.segment.SimpleTextSegmentData",
                        "text": "By accessing the information provided at the Kony Mobile Banking site, you agree to the following terms and conditions. The material available on these sites has been produced by independent"
                    },
                    "lblQuestion": {
                        "@class": "com.viz.ide.model.segment.SimpleTextSegmentData",
                        "text": "Question appears here. Question will be in bold text and can be in multiple lines."
                    }
                },
                {
                    "lblAnswer": {
                        "@class": "com.viz.ide.model.segment.SimpleTextSegmentData",
                        "text": "By accessing the information provided at the Kony Mobile Banking site, you agree to the following terms and conditions. The material available on these sites has been produced by independent providers and are not the opinions or recommendations of kony Mobile Banking. Proin elit quam, feugiat quis sem eu, euismod feugiat lacus. Donec posuere sapien eu auctor lacinia. Quisque dictum augue nec auctor venenatis. Cras tincidunt tristique mauris, non tincidunt metus elementum quis."
                    },
                    "lblQuestion": {
                        "@class": "com.viz.ide.model.segment.SimpleTextSegmentData",
                        "text": "Question appears here. Question will be in bold text and can be in multiple lines."
                    }
                },
                {
                    "lblAnswer": {
                        "@class": "com.viz.ide.model.segment.SimpleTextSegmentData",
                        "text": "By accessing the information provided at the Kony Mobile Banking site, you agree to the following terms and conditions. The material available on these sites has been produced by independent providers and are not the opinions or recommendations of kony Mobile Banking. Proin elit quam, feugiat quis sem eu, euismod feugiat lacus. Donec posuere sapien eu auctor lacinia. Quisque dictum augue nec auctor venenatis. Cras tincidunt tristique mauris, non tincidunt metus elementum quis."
                    },
                    "lblQuestion": {
                        "@class": "com.viz.ide.model.segment.SimpleTextSegmentData",
                        "text": "Question appears here. Question will be in bold text and can be in multiple lines."
                    }
                }
            ]
        ]
    ],
    "_height_": {
        "type": "string",
        "value": "100%"
    },
    "_indicator_": "none",
    "_left_": {
        "type": "string",
        "value": "0dp"
    },
    "_margin_": [
        0,
        0,
        0,
        0
    ],
    "_orientation_": 2,
    "_padding_": [
        0,
        0,
        0,
        0
    ],
    "_top_": {
        "type": "string",
        "value": "0dp"
    },
    "_width_": {
        "type": "string",
        "value": "100%"
    },
    "autogrowmode": 0,
    "canUpdateUI": true,
    "containerweight": 100,
    "counter": "12",
    "focusedindex": null,
    "focuseditem": null,
    "groupcells": false,
    "hasSections": true,
    "id": "segFaq",
    "info": null,
    "ipad": {
        "psp": {
            "indicator": "rowselect"
        }
    },
    "iphone": {
        "psp": {
            "indicator": "none"
        }
    },
    "iscustomlayout": false,
    "isvisible": true,
    "kuid": "e8f087d175324223b41cb612fdee7388",
    "masterdata": {},
    "name": "kony.ui.SegmentedUI2",
    "needpageindicator": true,
    "pageoffdotimage": "pageoffdot.png",
    "pageondotimage": "pageondot.png",
    "paginationconfig": {
        "position": "bottom"
    },
    "parent": "flxContainer",
    "pf": "frmSupportInfo",
    "retaincontentalignment": false,
    "retainflexpositionproperties": false,
    "retainselection": false,
    "rowTemplateId": "h411820a8b344249a310310c5f47fddd",
    "rowcounter": 2,
    "rowfocusskin": "sec47134c53840738acea176209ff716",
    "rowskin": "s18472307db04580a2a9cb6f4681ebec",
    "rowtemplate": "flxFaq",
    "screenlevelwidget": false,
    "seccounter": 1,
    "sectionHeaderTemplateId": "b03f45aac486491a95c007aa96cecb1e",
    "sectionheaderskin": "s65e8b0a8be54624ac979cda71a22cac",
    "sectionheadertemplate": "flxTransHeader",
    "selectedRows": null,
    "selectedState": false,
    "selectedindex": null,
    "selectedindices": null,
    "selecteditems": null,
    "selectedsectionindex": 0,
    "selectionbehavior": "default",
    "separatorrequired": false,
    "showscrollbars": false,
    "viewtype": "tableview",
    "vizProps": {},
    "wType": "Segment",
    "widgetalignment": 5,
    "widgetdatamap": {
        "flxFaq": "flxFaq",
        "flxSeparator": "flxSeparator",
        "flxShadowBottom": "flxShadowBottom",
        "flxTransHeader": "flxTransHeader",
        "flxTypeOneShadow": "flxTypeOneShadow",
        "imgUpArrow": "imgUpArrow",
        "lblAnswer": "lblAnswer",
        "lblHeader": "lblHeader",
        "lblQuestion": "lblQuestion"
    },
    "zindex": 1
}