{
    "@class": "com.kony.gen.viz.model.component.KVizBrowser",
    "DNDConfig": null,
    "_bottom_": {
        "type": "string",
        "value": "0dp"
    },
    "_height_": {
        "type": "ref",
        "value": "preferred"
    },
    "_left_": {
        "type": "string",
        "value": "2%"
    },
    "_margin_": [
        0,
        0,
        0,
        0
    ],
    "_padding_": [
        0,
        0,
        0,
        0
    ],
    "_top_": {
        "type": "string",
        "value": "0dp"
    },
    "_type_": 5,
    "_width_": {
        "type": "string",
        "value": "95%"
    },
    "androidwearos": {
        "render": false
    },
    "canUpdateUI": true,
    "containerweight": 69,
    "detecttelnumber": true,
    "htmlstring": "Browser",
    "id": "brwBodyPC",
    "info": null,
    "iscustomlayout": false,
    "isvisible": true,
    "kuid": "e2a062a4cf8e4606bfde1b31264c4d39",
    "localurl": "w5e57aad12f6446e892574ec982732a4",
    "margininpixel": false,
    "method": "get",
    "minheight": {
        "type": "string",
        "value": "657dp"
    },
    "name": "kony.ui.Browser",
    "paddinginpixel": false,
    "parent": "flxBodyPP",
    "pf": "frmContactUsPrivacyTandC",
    "requesturlconfig": {
        "URL": "",
        "requestMethod": "get"
    },
    "retaincontentalignment": false,
    "retainflexpositionproperties": false,
    "screenlevelwidget": false,
    "url": "",
    "wType": "Browser",
    "zindex": 1
}