{
    "@class": "com.kony.gen.viz.model.component.KVizUserWidget",
    "DNDConfig": null,
    "_children_": [],
    "_height_": {
        "type": "ref",
        "value": "preferred"
    },
    "_left_": {
        "type": "string",
        "value": "0dp"
    },
    "_margin_": [
        0,
        0,
        0,
        0
    ],
    "_orientation_": 1,
    "_padding_": [
        0,
        0,
        0,
        0
    ],
    "_percent_": true,
    "_render_": true,
    "_skin_": "s9d634c8d71f49d283c6dbd243c743bb",
    "_top_": {
        "type": "string",
        "value": "0dp"
    },
    "_width_": {
        "type": "string",
        "value": "100%"
    },
    "areflexpropsreferenced": false,
    "autogrowmode": 1,
    "canUpdateUI": true,
    "centerx": {
        "type": "number",
        "value": ""
    },
    "clipbounds": false,
    "containerweight": 0,
    "dataDiffs": {
        "contactUs": {
            "__events__": {},
            "__info__": {
                "isRoot": true,
                "kuid": "edb4569bd99746a1ac5139b1ea4d1033",
                "srcKUID": "edf24038db444c63b648e90aa444fdc4",
                "wType": "FlexContainer"
            },
            "centerX": {},
            "left": {},
            "responsiveData": {
                "b1": {
                    "centerX": {
                        "type": "string",
                        "value": ""
                    },
                    "left": {
                        "type": "string",
                        "value": "0dp"
                    },
                    "width": {
                        "type": "string",
                        "value": "100%"
                    }
                },
                "b2": {}
            },
            "width": {
                "Default": {
                    "type": "string",
                    "value": "100%"
                }
            }
        },
        "flxContactCustomerService": {
            "__events__": {},
            "__info__": {
                "kuid": "b9fe0a2422cd414d8baf97652bd42ff0",
                "srcKUID": "d206a8f7582842b2b402726b0da21fec",
                "wType": "FlexContainer"
            },
            "left": {
                "Default": {
                    "type": "string",
                    "value": "0dp"
                }
            },
            "responsiveData": {
                "b1": {
                    "width": {
                        "type": "string",
                        "value": "100%"
                    }
                },
                "b3": {
                    "width": {
                        "type": "string",
                        "value": "100%"
                    }
                },
                "b4": {
                    "width": {
                        "type": "string",
                        "value": "100%"
                    }
                }
            },
            "width": {}
        },
        "flxContactDetails": {
            "__events__": {},
            "__info__": {
                "kuid": "e706ffc46711408abbfe5e81d88f3c04",
                "srcKUID": "j33bf45ec91b457daa9b3fec3e454efc",
                "wType": "FlexContainer"
            },
            "autogrowMode": {
                "Default": 0
            },
            "height": {
                "Default": {
                    "type": "ref",
                    "value": "preferred"
                }
            },
            "responsiveData": {
                "b1": {
                    "height": {
                        "type": "string",
                        "value": "277dp"
                    }
                },
                "b2": {
                    "height": {
                        "type": "string",
                        "value": "277dp"
                    },
                    "top": null
                },
                "b3": {
                    "height": {
                        "type": "string",
                        "value": "277dp"
                    }
                },
                "b4": {
                    "top": null,
                    "width": {
                        "type": "string",
                        "value": "86%"
                    }
                }
            },
            "top": {
                "Default": {
                    "type": "string",
                    "value": "12dp"
                }
            },
            "width": {}
        },
        "flxContactSeperator": {
            "__events__": {},
            "__info__": {
                "kuid": "h97d9d6a62c94d8bbe77c38478914d1f",
                "srcKUID": "bf8d8270618a44d19140735c4ae401ea",
                "wType": "FlexContainer"
            },
            "responsiveData": {
                "b1": {
                    "right": {
                        "type": "string",
                        "value": "0px"
                    }
                },
                "b2": {
                    "right": {
                        "type": "string",
                        "value": "0px"
                    }
                }
            },
            "right": {
                "Default": {
                    "type": "string",
                    "value": "45px"
                }
            }
        },
        "flxCustomerServiceSegment": {
            "__events__": {},
            "__info__": {
                "kuid": "a46e148325ff4096bf8f0b75b03525a3",
                "srcKUID": "ba39fc9391644dd8962a4699d696bb63",
                "wType": "FlexContainer"
            },
            "responsiveData": {
                "b3": {
                    "top": {
                        "type": "string",
                        "value": "14dp"
                    }
                }
            },
            "top": {}
        },
        "flxDetailsAndImage": {
            "__events__": {},
            "__info__": {
                "kuid": "c0fe8c2ec00142329089325f2d4af080",
                "srcKUID": "bd28b53f7d204620a05d08553691dd8c",
                "wType": "FlexContainer"
            }
        },
        "flxHeader": {
            "__events__": {},
            "__info__": {
                "kuid": "had3c25ccb0f4d47abd1e8c68b56f1e3",
                "srcKUID": "iab3c98995df4b14b12fb7316e6c8e98",
                "wType": "FlexContainer"
            },
            "responsiveData": {
                "b1": {
                    "isVisible": false
                },
                "b4": {
                    "isVisible": false
                }
            }
        },
        "flxImage": {
            "__events__": {},
            "__info__": {
                "kuid": "e5c9946416404fd18f3a0d2b848e075e",
                "srcKUID": "c156044410264093894994a79a2f448c",
                "wType": "FlexContainer"
            },
            "responsiveData": {
                "b3": {
                    "isVisible": false
                },
                "b4": {
                    "isVisible": false
                }
            }
        },
        "flxScrollDetails": {
            "__events__": {},
            "__info__": {
                "kuid": "fe0b20933d6349f785bae7891827f3ea",
                "srcKUID": "cb155fbfbfa643c89b7a362cd024434c",
                "wType": "FlexScrollContainer"
            },
            "responsiveData": {
                "b1": {
                    "top": {
                        "type": "string",
                        "value": "0dp"
                    },
                    "width": {
                        "type": "string",
                        "value": "100%"
                    }
                }
            },
            "top": {},
            "width": {}
        },
        "flxSeperator": {
            "__events__": {},
            "__info__": {
                "kuid": "j4141bfff1ee4cce9de6acedb71d26e5",
                "srcKUID": "ad0013b0536f4d4581ad9a05336f3a1d",
                "wType": "FlexContainer"
            },
            "isVisible": false
        },
        "flxSeperatorAddress": {
            "__events__": {},
            "__info__": {
                "kuid": "fe76bede0ffd46c3b584a80e609c3522",
                "srcKUID": "j9e68e471740461789018147cbe1afda",
                "wType": "FlexContainer"
            }
        },
        "flxSeperatorWrapper": {
            "__events__": {},
            "__info__": {
                "kuid": "b35eecc042d347dfba8f9202cbc30e9d",
                "srcKUID": "d73c549202aa4467a32cecc1f9c6b456",
                "wType": "FlexContainer"
            },
            "left": {
                "Default": {
                    "type": "string",
                    "value": "0dp"
                }
            },
            "responsiveData": {
                "b1": {
                    "width": {
                        "type": "string",
                        "value": "53%"
                    }
                },
                "b2": {
                    "width": {
                        "type": "string",
                        "value": "53%"
                    }
                }
            },
            "width": {
                "Default": {
                    "type": "string",
                    "value": "100%"
                }
            }
        },
        "imgBank": {
            "__events__": {},
            "__info__": {
                "kuid": "af5803a75dba45798bd876087463f72e",
                "srcKUID": "dfb989dc1fe845928e69b24809537d42",
                "wType": "Image"
            },
            "src": "corporate_office_img.png"
        },
        "lblContactCustomerService": {
            "__events__": {},
            "__info__": {
                "kuid": "c1c82d2c40f14287b0c824cd4cbce3f2",
                "srcKUID": "b3caa86acaab4552847aa677138b0cc6",
                "wType": "Label"
            },
            "responsiveData": {
                "b1": {
                    "text": "Contact Customer Service"
                },
                "b2": {
                    "text": "Contact Customer Service"
                },
                "b3": {
                    "text": "Conact Customer Service"
                }
            },
            "text": "Customer Service"
        },
        "lblCorporateOffice": {
            "__events__": {},
            "__info__": {
                "kuid": "a4c951e860de424fbde33320f4016a66",
                "srcKUID": "b591935da1e14dfd8de8ebed5446f395",
                "wType": "Label"
            }
        },
        "lblCustomerSupport": {
            "__events__": {},
            "__info__": {
                "kuid": "h4d051de775f48968e92970a9370c46e",
                "srcKUID": "df85ec65328e48edb64476247670b452",
                "wType": "Label"
            },
            "responsiveData": {},
            "text": "Customer Support"
        },
        "lblEmail": {
            "__events__": {},
            "__info__": {
                "kuid": "b62a4b6bb11740168a59a88a13ee5dc1",
                "srcKUID": "b6f2317d213141e8b6c3ee1d4267ab5d",
                "wType": "Label"
            },
            "centerX": {
                "Default": {
                    "type": "number",
                    "value": ""
                }
            },
            "responsiveData": {
                "b1": {
                    "top": null
                },
                "b2": {
                    "centerX": {
                        "type": "string",
                        "value": ""
                    },
                    "top": null
                },
                "b3": {
                    "top": null
                }
            },
            "top": {
                "Default": {
                    "type": "string",
                    "value": "10dp"
                }
            }
        },
        "lblHeading": {
            "__events__": {},
            "__info__": {
                "kuid": "gd376e0c62044024bbfffb598066a26e",
                "srcKUID": "b65d35b592104cd0ab5331d37b8196c7",
                "wType": "Label"
            },
            "responsiveData": {
                "b1": {
                    "text": "Contact Us"
                },
                "b2": {},
                "b4": {}
            }
        },
        "lblTollFree": {
            "__events__": {},
            "__info__": {
                "kuid": "c060ab5481e44255add0242a92f82e3d",
                "srcKUID": "a242d1b861da4e47b626b3aab2ae58cc",
                "wType": "Label"
            }
        },
        "rtxContactCustomerServiceMsg": {
            "__events__": {},
            "__info__": {
                "kuid": "aa9e8feab5074630bf7db5b5705f32f0",
                "srcKUID": "cec245c743554c748344d2b8be2ab73d",
                "wType": "RichText"
            },
            "responsiveData": {
                "b1": {
                    "text": "Customer service is available to address your account and servicing needs for various products."
                },
                "b2": {
                    "text": "Customer service is available to address your account and servicing needs for various products."
                },
                "b3": {
                    "text": "Customer service is available to address your account and servicing needs for various products.",
                    "width": {
                        "type": "string",
                        "value": "90%"
                    }
                },
                "b4": {
                    "width": {
                        "type": "string",
                        "value": "90%"
                    }
                }
            },
            "text": "Our customer service is available to address your account and servicing needs for various products.",
            "width": {
                "Default": {
                    "type": "string",
                    "value": "100%"
                }
            }
        },
        "rtxCorporateOfficeAddress": {
            "__events__": {},
            "__info__": {
                "kuid": "f0814ba969b04c6584705dd8cd550664",
                "srcKUID": "c7db577d9d224262a6749683ee92279a",
                "wType": "RichText"
            },
            "i18n_text": "i18n.kony.bankaddress",
            "responsiveData": {},
            "text": ""
        },
        "rtxCustomerSupportNumbers": {
            "__events__": {},
            "__info__": {
                "kuid": "i1baf79f48b34f1eb957182ee4c558d4",
                "srcKUID": "d8a1374378d54173a28a71d35bb4dd4a",
                "wType": "RichText"
            },
            "responsiveData": {
                "b1": {
                    "text": "1-800-100-13403<br>1-800-200-13403"
                },
                "b2": {
                    "text": "1-800-033-1346<br>1-800-395-1343"
                },
                "b3": {
                    "text": "1-800-033-1346<br>1-800-395-1343"
                }
            }
        },
        "rtxEmailId": {
            "__events__": {},
            "__info__": {
                "kuid": "fed0843668e047d784edd320bb5cb1b7",
                "srcKUID": "a7b7c3d474cd4c6a8708541d2af1762c",
                "wType": "RichText"
            },
            "responsiveData": {
                "b2": {
                    "top": null
                }
            },
            "top": {
                "Default": {
                    "type": "string",
                    "value": "0dp"
                }
            }
        },
        "segCustomerService": {
            "__events__": {},
            "__info__": {
                "kuid": "he46fa73ce4d468685d52f808abccfa0",
                "srcKUID": "b83d6dd3bbf14f1aabd45c4fe8bf288c",
                "wType": "Segment"
            },
            "data": {
                "desktop": [
                    {
                        "Label0f353b0b69e104e": {
                            "@class": "com.viz.ide.model.segment.SimpleTextSegmentData",
                            "text": "||"
                        },
                        "Label0je457b0d8de34f": {
                            "@class": "com.viz.ide.model.segment.SimpleTextSegmentData",
                            "text": "Label"
                        },
                        "imgDot": {
                            "@class": "com.viz.ide.model.segment.ImageSegmentData",
                            "src": "pageoffdot.png"
                        },
                        "lblEmailId": {
                            "@class": "com.viz.ide.model.segment.SimpleTextSegmentData",
                            "text": "Email:"
                        },
                        "lblHeading": {
                            "@class": "com.viz.ide.model.segment.SimpleTextSegmentData",
                            "text": "Credit Cards"
                        },
                        "rtxEmailId": {
                            "@class": "com.viz.ide.model.segment.SimpleTextSegmentData",
                            "text": "konybank.creditcards@kony.com"
                        },
                        "rtxPhoneNumber": {
                            "@class": "com.viz.ide.model.segment.SimpleTextSegmentData",
                            "text": "Phone: 0000-0021-0022"
                        }
                    },
                    {
                        "Label0f353b0b69e104e": {
                            "@class": "com.viz.ide.model.segment.SimpleTextSegmentData",
                            "text": "||"
                        },
                        "Label0je457b0d8de34f": {
                            "@class": "com.viz.ide.model.segment.SimpleTextSegmentData",
                            "text": "Label"
                        },
                        "imgDot": {
                            "@class": "com.viz.ide.model.segment.ImageSegmentData",
                            "src": "pageoffdot.png"
                        },
                        "lblEmailId": {
                            "@class": "com.viz.ide.model.segment.SimpleTextSegmentData",
                            "text": "Email:"
                        },
                        "lblHeading": {
                            "@class": "com.viz.ide.model.segment.SimpleTextSegmentData",
                            "text": "Credit Cards"
                        },
                        "rtxEmailId": {
                            "@class": "com.viz.ide.model.segment.SimpleTextSegmentData",
                            "text": "konybank.creditcards@kony.com"
                        },
                        "rtxPhoneNumber": {
                            "@class": "com.viz.ide.model.segment.SimpleTextSegmentData",
                            "text": "Phone: 0000-0021-0022"
                        }
                    },
                    {
                        "Label0f353b0b69e104e": {
                            "@class": "com.viz.ide.model.segment.SimpleTextSegmentData",
                            "text": "||"
                        },
                        "Label0je457b0d8de34f": {
                            "@class": "com.viz.ide.model.segment.SimpleTextSegmentData",
                            "text": "Label"
                        },
                        "imgDot": {
                            "@class": "com.viz.ide.model.segment.ImageSegmentData",
                            "src": "pageoffdot.png"
                        },
                        "lblEmailId": {
                            "@class": "com.viz.ide.model.segment.SimpleTextSegmentData",
                            "text": "Email:"
                        },
                        "lblHeading": {
                            "@class": "com.viz.ide.model.segment.SimpleTextSegmentData",
                            "text": "Credit Cards"
                        },
                        "rtxEmailId": {
                            "@class": "com.viz.ide.model.segment.SimpleTextSegmentData",
                            "text": "konybank.creditcards@kony.com"
                        },
                        "rtxPhoneNumber": {
                            "@class": "com.viz.ide.model.segment.SimpleTextSegmentData",
                            "text": "Phone: 0000-0021-0022"
                        }
                    }
                ]
            },
            "responsiveData": {
                "b1": {
                    "isVisible": true,
                    "top": {
                        "type": "string",
                        "value": "-1dp"
                    }
                },
                "b2": {
                    "data": [
                        {
                            "Label0f353b0b69e104e": {
                                "@class": "com.viz.ide.model.segment.SimpleTextSegmentData",
                                "text": "||"
                            },
                            "Label0je457b0d8de34f": {
                                "@class": "com.viz.ide.model.segment.SimpleTextSegmentData",
                                "text": "Label"
                            },
                            "imgDot": {
                                "@class": "com.viz.ide.model.segment.ImageSegmentData",
                                "src": "pageoffdot.png"
                            },
                            "lblEmailId": {
                                "@class": "com.viz.ide.model.segment.SimpleTextSegmentData",
                                "text": "Email:"
                            },
                            "lblHeading": {
                                "@class": "com.viz.ide.model.segment.SimpleTextSegmentData",
                                "text": "Credit Cards"
                            },
                            "rtxEmailId": {
                                "@class": "com.viz.ide.model.segment.SimpleTextSegmentData",
                                "text": "konybank.creditcards@kony.com"
                            },
                            "rtxPhoneNumber": {
                                "@class": "com.viz.ide.model.segment.SimpleTextSegmentData",
                                "text": "Phone: 0000-0021-0022"
                            }
                        },
                        {
                            "Label0f353b0b69e104e": {
                                "@class": "com.viz.ide.model.segment.SimpleTextSegmentData",
                                "text": "||"
                            },
                            "Label0je457b0d8de34f": {
                                "@class": "com.viz.ide.model.segment.SimpleTextSegmentData",
                                "text": "Label"
                            },
                            "imgDot": {
                                "@class": "com.viz.ide.model.segment.ImageSegmentData",
                                "src": "pageoffdot.png"
                            },
                            "lblEmailId": {
                                "@class": "com.viz.ide.model.segment.SimpleTextSegmentData",
                                "text": "Email:"
                            },
                            "lblHeading": {
                                "@class": "com.viz.ide.model.segment.SimpleTextSegmentData",
                                "text": "Credit Cards"
                            },
                            "rtxEmailId": {
                                "@class": "com.viz.ide.model.segment.SimpleTextSegmentData",
                                "text": "konybank.creditcards@kony.com"
                            },
                            "rtxPhoneNumber": {
                                "@class": "com.viz.ide.model.segment.SimpleTextSegmentData",
                                "text": "Phone: 0000-0021-0022"
                            }
                        },
                        {
                            "Label0f353b0b69e104e": {
                                "@class": "com.viz.ide.model.segment.SimpleTextSegmentData",
                                "text": "||"
                            },
                            "Label0je457b0d8de34f": {
                                "@class": "com.viz.ide.model.segment.SimpleTextSegmentData",
                                "text": "Label"
                            },
                            "imgDot": {
                                "@class": "com.viz.ide.model.segment.ImageSegmentData",
                                "src": "pageoffdot.png"
                            },
                            "lblEmailId": {
                                "@class": "com.viz.ide.model.segment.SimpleTextSegmentData",
                                "text": "Email:"
                            },
                            "lblHeading": {
                                "@class": "com.viz.ide.model.segment.SimpleTextSegmentData",
                                "text": "Credit Cards"
                            },
                            "rtxEmailId": {
                                "@class": "com.viz.ide.model.segment.SimpleTextSegmentData",
                                "text": "konybank.creditcards@kony.com"
                            },
                            "rtxPhoneNumber": {
                                "@class": "com.viz.ide.model.segment.SimpleTextSegmentData",
                                "text": "Phone: 0000-0021-0022"
                            }
                        }
                    ]
                },
                "b3": {
                    "top": {
                        "type": "string",
                        "value": "0dp"
                    }
                },
                "b4": {}
            },
            "top": {}
        }
    },
    "id": "contactUs",
    "info": null,
    "isdatareferenced": false,
    "issegmentchild": false,
    "isvisible": true,
    "kuid": "edb4569bd99746a1ac5139b1ea4d1033",
    "layouttype": 2,
    "masterType": 0,
    "name": "kony.ui.UserWidgetInstance",
    "parent": "flxContactUs",
    "pf": "frmContactUsPrivacyTandC",
    "snaptogrid": true,
    "sourceUserWidget": "edf24038db444c63b648e90aa444fdc4",
    "vizprops": {
        "hidewidgethierarchy": false
    },
    "wType": "UserWidgetInstance"
}