{
    "DNDConfig": null,
    "__parentReadjusting__": false,
    "_height_": {
        "type": "string",
        "value": "2px"
    },
    "_left_": {
        "type": "string",
        "value": "0dp"
    },
    "_margin_": [
        0,
        0,
        0,
        0
    ],
    "_orientation_": 6,
    "_padding_": [
        0,
        0,
        0,
        0
    ],
    "_percent_": true,
    "_skin_": "s5f8d10ce8734c0f80d528b8398c3cf5",
    "_top_": {
        "type": "string",
        "value": "656px"
    },
    "_width_": {
        "type": "string",
        "value": "100%"
    },
    "allboxes": [],
    "autogrowmode": 0,
    "canUpdateUI": true,
    "children": [],
    "clipbounds": true,
    "containerweight": 100,
    "enablescrolling": true,
    "id": "Copyflxseparator0b3e76cc35fb84d",
    "info": null,
    "iscustomlayout": false,
    "isvisible": false,
    "kuid": "f0f8e6179fb840a8a715cd41cac88dbc",
    "layouttype": 2,
    "name": "kony.ui.FlexContainer",
    "parent": "flxContactUs",
    "pf": "frmContactUsPrivacyTandC",
    "retaincontentalignment": false,
    "retainflexpositionproperties": false,
    "snapgridsize": 10,
    "snaptogrid": true,
    "wType": "FlexContainer",
    "widgetalignment": 1,
    "zindex": 1
}