{
    "@class": "com.kony.gen.viz.model.component.KVizUserWidget",
    "DNDConfig": null,
    "__parentReadjusting__": false,
    "_android_": {},
    "_androidwearos_": {},
    "_children_": [],
    "_desktopweb_": {},
    "_height_": {
        "type": "string",
        "value": "268px"
    },
    "_ipad_": {},
    "_iphone_": {},
    "_kiosk_": {},
    "_left_": {
        "type": "string",
        "value": "0dp"
    },
    "_margin_": [
        0,
        0,
        0,
        0
    ],
    "_orientation_": 1,
    "_padding_": [
        0,
        0,
        0,
        0
    ],
    "_percent_": true,
    "_render_": true,
    "_responsiveData_": {
        "b3": {
            "width": {
                "type": "string",
                "value": "75%"
            }
        },
        "b4": {
            "width": {
                "type": "string",
                "value": "75%"
            }
        }
    },
    "_skin_": "s701065f11074080832b59947e731160",
    "_spa_": {},
    "_spaan_": {},
    "_spaandroidtablet_": {},
    "_spabb_": {},
    "_spaip_": {},
    "_spaipad_": {},
    "_spamobile_": {},
    "_spatablet_": {},
    "_spawindowstablet_": {},
    "_spawinphone8_": {},
    "_tabrcandroid_": {},
    "_top_": {
        "type": "string",
        "value": "300dp"
    },
    "_vizProps_": {
        "hidewidgethierarchy": false
    },
    "_width_": {
        "type": "string",
        "value": "44.30%"
    },
    "_windows10_": {},
    "_windows8_": {},
    "_winphone10_": {},
    "_winphone8_": {},
    "areflexpropsreferenced": false,
    "canUpdateUI": true,
    "centerx": {
        "type": "string",
        "value": "50.00%"
    },
    "centery": {
        "type": "string",
        "value": ""
    },
    "clipbounds": false,
    "containerweight": 0,
    "dataDiffs": {
        "CustomPopup": {
            "__events__": {},
            "__info__": {
                "isRoot": true,
                "kuid": "j360f622be8d429ba81348e3404e8092",
                "srcKUID": "eb2d311dcb4744a7b05aa4f5428a6c53",
                "wType": "FlexContainer"
            },
            "centerX": {
                "Default": {
                    "type": "string",
                    "value": "50.00%"
                }
            },
            "centerY": {
                "Default": {
                    "type": "string",
                    "value": ""
                }
            },
            "responsiveData": {
                "b3": {
                    "width": {
                        "type": "string",
                        "value": "75%"
                    }
                },
                "b4": {
                    "width": {
                        "type": "string",
                        "value": "75%"
                    }
                }
            },
            "top": {
                "Default": {
                    "type": "string",
                    "value": "300dp"
                }
            },
            "width": {
                "Default": {
                    "type": "string",
                    "value": "44.30%"
                }
            },
            "zIndex": {
                "Default": 1100
            }
        },
        "btnNo": {
            "__events__": {},
            "__info__": {
                "kuid": "ja4a731e32d142edbbf18b198da583ae",
                "srcKUID": "h61577b4448c4e22a2636221e8fe0d6d",
                "wType": "Button"
            }
        },
        "btnYes": {
            "__events__": {},
            "__info__": {
                "kuid": "h4fddb9458a649c99d1137f3007ae048",
                "srcKUID": "e1c11d09edb846848d4aaf921cb1e5a0",
                "wType": "Button"
            }
        },
        "flxCross": {
            "__events__": {},
            "__info__": {
                "kuid": "fc6422fe2d804c4ab50d48fc5631668c",
                "srcKUID": "e896a8d6e1244397be41e1011101c6ec",
                "wType": "FlexContainer"
            }
        },
        "flxHeader": {
            "__events__": {},
            "__info__": {
                "kuid": "h555258953bb4f7d8735f35fda17c1e7",
                "srcKUID": "b6d465d7232a428eba11c466c6843856",
                "wType": "FlexContainer"
            }
        },
        "flxSeperator": {
            "__events__": {},
            "__info__": {
                "kuid": "ja9a58aae9074208a5b87b286a78699c",
                "srcKUID": "b469cc45156e429d8fa47b9786168d10",
                "wType": "FlexContainer"
            }
        },
        "flxSeperator2": {
            "__events__": {},
            "__info__": {
                "kuid": "a56fbf47478d4043ad131c7e68605963",
                "srcKUID": "e909e4e4b4a145b1aa92b22ece7050d3",
                "wType": "FlexContainer"
            }
        },
        "imgCross": {
            "__events__": {},
            "__info__": {
                "kuid": "dedbd39388c549d6a758d49d43ae3b33",
                "srcKUID": "ja13bba308404016b1cd223dbcdf01ae",
                "wType": "Image"
            },
            "height": {
                "Default": {
                    "type": "string",
                    "value": "15dp"
                }
            },
            "src": "icon_close_grey.png"
        },
        "lblHeading": {
            "__events__": {},
            "__info__": {
                "kuid": "a37729c146ff47d5974377593a0bf3a3",
                "srcKUID": "f97c1408984847af9f3cd9984a260c74",
                "wType": "Label"
            }
        },
        "lblPopupMessage": {
            "__events__": {},
            "__info__": {
                "kuid": "fdef056174b8404e86c12ff1620632d6",
                "srcKUID": "f7c7509dccf24b88aeb13dc3d34fcc6b",
                "wType": "Label"
            }
        }
    },
    "id": "CustomPopupLogout",
    "info": null,
    "isdatareferenced": false,
    "isvisible": true,
    "kuid": "f682ff7600fc4e228bef5c5eab22b195",
    "layouttype": 2,
    "masterType": 0,
    "name": "kony.ui.UserWidgetInstance",
    "parent": "flxLogout",
    "pf": "frmContactUsPrivacyTandC",
    "snaptogrid": true,
    "sourceUserWidget": "eb2d311dcb4744a7b05aa4f5428a6c53",
    "vizprops": {
        "hidewidgethierarchy": false
    },
    "wType": "UserWidgetInstance",
    "zindex": 1100
}