{
    "@class": "com.kony.gen.viz.model.component.KVizUserWidget",
    "DNDConfig": null,
    "__parentReadjusting__": false,
    "_android_": {},
    "_androidwearos_": {},
    "_children_": [],
    "_desktopweb_": {},
    "_height_": {
        "type": "string",
        "value": "268px"
    },
    "_ipad_": {},
    "_iphone_": {},
    "_kiosk_": {},
    "_left_": {
        "type": "string",
        "value": "0dp"
    },
    "_margin_": [
        0,
        0,
        0,
        0
    ],
    "_orientation_": 1,
    "_padding_": [
        0,
        0,
        0,
        0
    ],
    "_percent_": true,
    "_render_": true,
    "_responsiveData_": {},
    "_skin_": "s701065f11074080832b59947e731160",
    "_spa_": {},
    "_spaan_": {},
    "_spaandroidtablet_": {},
    "_spabb_": {},
    "_spaip_": {},
    "_spaipad_": {},
    "_spamobile_": {},
    "_spatablet_": {},
    "_spawindowstablet_": {},
    "_spawinphone8_": {},
    "_tabrcandroid_": {},
    "_top_": {
        "type": "string",
        "value": "300dp"
    },
    "_vizProps_": {
        "hidewidgethierarchy": false
    },
    "_width_": {
        "type": "string",
        "value": "44.3%"
    },
    "_windows10_": {},
    "_windows8_": {},
    "_winphone10_": {},
    "_winphone8_": {},
    "areflexpropsreferenced": false,
    "autogrowmode": 0,
    "canUpdateUI": true,
    "centerx": {
        "type": "string",
        "value": "50%"
    },
    "clipbounds": false,
    "containerweight": 0,
    "dataDiffs": {
        "CustomPopup": {
            "__events__": {},
            "__info__": {
                "isRoot": true,
                "kuid": "d0e92d4cca9d4c47876d77802fb6f8c3",
                "srcKUID": "eb2d311dcb4744a7b05aa4f5428a6c53",
                "wType": "FlexContainer"
            },
            "centerX": {
                "Default": {
                    "type": "string",
                    "value": "50%"
                }
            },
            "centerY": {
                "Default": {
                    "type": "string",
                    "value": "50%"
                }
            },
            "width": {
                "Default": {
                    "type": "string",
                    "value": "43%"
                }
            }
        },
        "btnNo": {
            "__events__": {},
            "__info__": {
                "kuid": "i9f59dccf9a9483b8025dac6d62c0e41",
                "srcKUID": "h61577b4448c4e22a2636221e8fe0d6d",
                "wType": "Button"
            },
            "right": {
                "Default": {
                    "type": "string",
                    "value": "41%"
                }
            }
        },
        "btnYes": {
            "__events__": {},
            "__info__": {
                "kuid": "g1a7eae3796e4a1e82d4f74a163ea68d",
                "srcKUID": "e1c11d09edb846848d4aaf921cb1e5a0",
                "wType": "Button"
            },
            "right": {
                "Default": {
                    "type": "string",
                    "value": "5%"
                }
            }
        },
        "flxCross": {
            "__events__": {},
            "__info__": {
                "kuid": "dcd0c4ea689a4306935956a8db0a2eae",
                "srcKUID": "e896a8d6e1244397be41e1011101c6ec",
                "wType": "FlexContainer"
            },
            "autogrowMode": 0,
            "height": {
                "Default": {
                    "type": "string",
                    "value": "30dp"
                }
            },
            "right": {
                "Default": {
                    "type": "string",
                    "value": "30dp"
                }
            },
            "width": {
                "Default": {
                    "type": "string",
                    "value": "30dp"
                }
            },
            "zIndex": {
                "Default": 5
            }
        },
        "flxHeader": {
            "__events__": {},
            "__info__": {
                "kuid": "j958e0b3ef424482b627751bde80ccbc",
                "srcKUID": "b6d465d7232a428eba11c466c6843856",
                "wType": "FlexContainer"
            }
        },
        "flxSeperator": {
            "__events__": {},
            "__info__": {
                "kuid": "b97ab5c18c944c57a00ba86d062e2ad3",
                "srcKUID": "b469cc45156e429d8fa47b9786168d10",
                "wType": "FlexContainer"
            }
        },
        "flxSeperator2": {
            "__events__": {},
            "__info__": {
                "kuid": "a8e8a4402fa04dd1a329491bd91f52a8",
                "srcKUID": "e909e4e4b4a145b1aa92b22ece7050d3",
                "wType": "FlexContainer"
            }
        },
        "imgCross": {
            "__events__": {},
            "__info__": {
                "kuid": "e4d5c4ac34044143812813e4bde7269f",
                "srcKUID": "ja13bba308404016b1cd223dbcdf01ae",
                "wType": "Image"
            },
            "height": {
                "Default": {
                    "type": "string",
                    "value": "15dp"
                }
            }
        },
        "lblHeading": {
            "__events__": {},
            "__info__": {
                "kuid": "j22e5ac18ac143719ebdd44cd0270599",
                "srcKUID": "f97c1408984847af9f3cd9984a260c74",
                "wType": "Label"
            },
            "i18n_text": "i18n.transfer.QuitTransfer",
            "text": ""
        },
        "lblPopupMessage": {
            "__events__": {},
            "__info__": {
                "kuid": "ca8e4e1ee7cb4ca2bbb786abca63e0bd",
                "srcKUID": "f7c7509dccf24b88aeb13dc3d34fcc6b",
                "wType": "Label"
            },
            "i18n_text": "I18n.billPay.QuitTransactionMsg"
        }
    },
    "id": "CustomPopup",
    "info": null,
    "isdatareferenced": false,
    "isvisible": true,
    "kuid": "c94b3b2371df46129d9de6df27e8a51a",
    "layouttype": 2,
    "masterType": 0,
    "name": "kony.ui.UserWidgetInstance",
    "parent": "flxPopup",
    "pf": "frmContactUsPrivacyTandC",
    "snaptogrid": true,
    "sourceUserWidget": "eb2d311dcb4744a7b05aa4f5428a6c53",
    "vizprops": {
        "hidewidgethierarchy": false
    },
    "wType": "UserWidgetInstance"
}