{
    "@class": "com.kony.gen.viz.model.component.KVizUserWidget",
    "DNDConfig": null,
    "__parentReadjusting__": false,
    "_children_": [],
    "_desktopweb_": {
        "render": true
    },
    "_height_": {
        "type": "string",
        "value": "150dp"
    },
    "_kiosk_": {
        "render": true
    },
    "_left_": {
        "type": "string",
        "value": "0dp"
    },
    "_margin_": [
        0,
        0,
        0,
        0
    ],
    "_orientation_": 1,
    "_padding_": [
        0,
        0,
        0,
        0
    ],
    "_percent_": true,
    "_render_": true,
    "_skin_": "s24c92fc23b14f5484b693ee9b8a9b35",
    "_top_": {
        "type": "string",
        "value": "0dp"
    },
    "_width_": {
        "type": "string",
        "value": "1366dp"
    },
    "android": {},
    "androidwearos": {},
    "areflexpropsreferenced": false,
    "canUpdateUI": true,
    "centerx": {
        "type": "string",
        "value": "50%"
    },
    "clipbounds": true,
    "containerweight": 0,
    "dataDiffs": {
        "btnContactUs": {
            "__events__": {},
            "__info__": {
                "kuid": "fbcc97a702cb4de8aa8582b87eacb819",
                "srcKUID": "c47b0c9af1b84e63aa01af59eb52124a",
                "wType": "Button"
            },
            "left": {},
            "responsiveData": {
                "b4": {
                    "left": {
                        "type": "string",
                        "value": "20dp"
                    }
                }
            }
        },
        "btnFaqs": {
            "__events__": {},
            "__info__": {
                "kuid": "dbd13cd34d114007a16ecb31437e82d5",
                "srcKUID": "ced702d00bc5426892e4632faec9df5d",
                "wType": "Button"
            },
            "left": {},
            "responsiveData": {
                "b4": {
                    "isVisible": false
                }
            }
        },
        "btnLocateUs": {
            "__events__": {},
            "__info__": {
                "kuid": "dc0ba5a9a69149869847ee2c34267b7f",
                "srcKUID": "i52587cdcb68471f9e389671ddc5f138",
                "wType": "Button"
            },
            "centerX": {},
            "left": {},
            "responsiveData": {
                "b3": {
                    "left": {
                        "type": "string",
                        "value": "0dp"
                    }
                },
                "b4": {
                    "centerX": {
                        "type": "string",
                        "value": ""
                    },
                    "left": {
                        "type": "string",
                        "value": "0%"
                    }
                }
            }
        },
        "btnPrivacy": {
            "__events__": {},
            "__info__": {
                "kuid": "fc15371c3ddc448ab97412a9633bb974",
                "srcKUID": "c3810888a2304c409e04db4cd519b8ee",
                "wType": "Button"
            },
            "left": {},
            "responsiveData": {
                "b4": {
                    "isVisible": false
                }
            }
        },
        "btnTermsAndConditions": {
            "__events__": {},
            "__info__": {
                "kuid": "c4de2810bd394dc9ac7556d6c9f66b26",
                "srcKUID": "baf7c8f817b34b618b7e1f148f49770a",
                "wType": "Button"
            },
            "left": {},
            "responsiveData": {
                "b4": {
                    "isVisible": false
                }
            }
        },
        "customfooter": {
            "__events__": {},
            "__info__": {
                "isRoot": true,
                "kuid": "f32f0740f8b44869a222d9c51e8a22f8",
                "srcKUID": "a142e816812a4b5b80f84484dcef7232",
                "wType": "FlexContainer"
            },
            "centerX": {
                "Default": {
                    "type": "string",
                    "value": "50%"
                }
            },
            "responsiveData": {
                "b2": {
                    "width": {
                        "type": "string",
                        "value": "100%"
                    }
                },
                "b3": {
                    "width": {
                        "type": "string",
                        "value": "100%"
                    }
                },
                "b4": {
                    "width": {
                        "type": "string",
                        "value": "100%"
                    }
                }
            },
            "width": {
                "Default": {
                    "type": "string",
                    "value": "1366dp"
                }
            },
            "zIndex": {
                "Default": 2
            }
        },
        "flxFooterMenu": {
            "__events__": {},
            "__info__": {
                "kuid": "c66a448a65b24d7da6e718efb98398fd",
                "srcKUID": "e6b5bc6faf00428680c4dedfe25a0b9a",
                "wType": "FlexContainer"
            },
            "centerX": {
                "Default": {
                    "type": "string",
                    "value": "50%"
                }
            },
            "left": {
                "Default": {
                    "type": "string",
                    "value": ""
                }
            },
            "responsiveData": {
                "b2": {
                    "centerX": {
                        "type": "string",
                        "value": ""
                    },
                    "left": {
                        "type": "string",
                        "value": "6%"
                    },
                    "width": {
                        "type": "string",
                        "value": "87%"
                    }
                },
                "b3": {
                    "centerX": {
                        "type": "string",
                        "value": ""
                    },
                    "left": {
                        "type": "string",
                        "value": "2.50%"
                    },
                    "width": {
                        "type": "string",
                        "value": "90%"
                    }
                },
                "b4": {
                    "width": {
                        "type": "string",
                        "value": "180dp"
                    }
                }
            },
            "width": {
                "Default": {
                    "type": "string",
                    "value": "1200dp"
                }
            }
        },
        "flxVBar1": {
            "__events__": {},
            "__info__": {
                "kuid": "e5d5e95a0ae447349b7392a8e87ae6a4",
                "srcKUID": "f31fd58a22cc496a93899a924cf2927d",
                "wType": "FlexContainer"
            },
            "centerX": {},
            "left": {},
            "responsiveData": {
                "b4": {
                    "centerX": {
                        "type": "string",
                        "value": ""
                    },
                    "left": {
                        "type": "string",
                        "value": "20dp"
                    }
                }
            }
        },
        "flxVBar2": {
            "__events__": {},
            "__info__": {
                "kuid": "f1b29f680953474da7ca8f5d7a51c853",
                "srcKUID": "j39a662286e64bbc9be78a96bb491e27",
                "wType": "FlexContainer"
            },
            "responsiveData": {
                "b4": {
                    "isVisible": false
                }
            }
        },
        "flxVBar3": {
            "__events__": {},
            "__info__": {
                "kuid": "f62a24ebf466417bbf53582372c2bc48",
                "srcKUID": "a6990ffd77914b8e8757540cb40cad1a",
                "wType": "FlexContainer"
            },
            "responsiveData": {
                "b4": {
                    "isVisible": false
                }
            }
        },
        "flxVBar4": {
            "__events__": {},
            "__info__": {
                "kuid": "j1c197e5602b4512aa38d6d6d357d9d3",
                "srcKUID": "e75f96d248634147afa5b6848252df6e",
                "wType": "FlexContainer"
            },
            "responsiveData": {
                "b4": {
                    "isVisible": false
                }
            }
        },
        "imgFooterIconOne": {
            "__events__": {},
            "__info__": {
                "kuid": "ee612b3f16a34bf0842477707941abb3",
                "srcKUID": "f2305e3d65bb448e9d68f5608421f28a",
                "wType": "Image"
            },
            "centerY": {},
            "height": {},
            "responsiveData": {
                "b3": {
                    "centerY": {
                        "type": "string",
                        "value": "75%"
                    },
                    "isVisible": false,
                    "right": {
                        "type": "string",
                        "value": "10dp"
                    }
                },
                "b4": {
                    "isVisible": false
                }
            },
            "right": {}
        },
        "imgFooterIconThree": {
            "__events__": {},
            "__info__": {
                "kuid": "cf26cd34e6144c65ab557dcd966944d5",
                "srcKUID": "hc27193bc4d14f24b60f03ac3c2bddb7",
                "wType": "Image"
            },
            "centerY": {},
            "responsiveData": {
                "b3": {
                    "centerY": {
                        "type": "string",
                        "value": "40%"
                    },
                    "isVisible": false,
                    "right": {
                        "type": "string",
                        "value": "60dp"
                    }
                },
                "b4": {
                    "isVisible": false
                }
            },
            "right": {},
            "top": {}
        },
        "imgFooterIconTwo": {
            "__events__": {},
            "__info__": {
                "kuid": "e49af5589a0742f3a1eb1257c756dea7",
                "srcKUID": "cf67ed169e364ace9f62b5aa10dcf1d8",
                "wType": "Image"
            },
            "bottom": {},
            "centerY": {},
            "responsiveData": {
                "b3": {
                    "centerY": {
                        "type": "string",
                        "value": "40%"
                    },
                    "isVisible": false,
                    "right": {
                        "type": "string",
                        "value": "10dp"
                    }
                },
                "b4": {
                    "isVisible": false
                }
            },
            "right": {},
            "top": {}
        },
        "lblCopyright": {
            "__events__": {},
            "__info__": {
                "kuid": "df74a8914e2e421b9d95b817cea16947",
                "srcKUID": "a696ff4e198a4124810242908deae798",
                "wType": "Label"
            },
            "centerX": {
                "Default": {
                    "type": "string",
                    "value": ""
                }
            },
            "left": {
                "Default": {
                    "type": "string",
                    "value": "6%"
                }
            },
            "responsiveData": {
                "b2": {},
                "b3": {
                    "left": {
                        "type": "string",
                        "value": "2.50%"
                    },
                    "width": {
                        "type": "string",
                        "value": "90%"
                    }
                },
                "b4": {}
            },
            "width": {
                "Default": {
                    "type": "ref",
                    "value": "preferred"
                }
            }
        }
    },
    "desktopweb": {
        "render": true
    },
    "id": "CustomFooterMain",
    "info": null,
    "ipad": {},
    "iphone": {},
    "isdatareferenced": false,
    "isvisible": true,
    "kiosk": {
        "render": true
    },
    "kuid": "e366f431098e44fb94affb354ec2a6c0",
    "layouttype": 2,
    "masterType": 0,
    "name": "kony.ui.UserWidgetInstance",
    "parent": "flxFooter",
    "pf": "frmContactUsPrivacyTandC",
    "responsiveData": {
        "b1": {
            "isVisible": true
        },
        "b2": {
            "width": {
                "type": "string",
                "value": "100%"
            }
        },
        "b3": {
            "width": {
                "type": "string",
                "value": "100%"
            }
        },
        "b4": {
            "width": {
                "type": "string",
                "value": "100%"
            }
        }
    },
    "snapgridsize": 10,
    "snaptogrid": true,
    "sourceUserWidget": "a142e816812a4b5b80f84484dcef7232",
    "spa": {},
    "spaan": {},
    "spaandroidtablet": {},
    "spabb": {},
    "spaip": {},
    "spaipad": {},
    "spamobile": {},
    "spatablet": {},
    "spawindowstablet": {},
    "spawinphone8": {},
    "tabrcandroid": {},
    "vizProps": {
        "hidewidgethierarchy": false
    },
    "vizprops": {
        "hidewidgethierarchy": false
    },
    "wType": "UserWidgetInstance",
    "windows10": {},
    "windows8": {},
    "winphone10": {},
    "winphone8": {},
    "zindex": 2
}