{
    "@class": "com.kony.gen.viz.model.component.KVizUserWidget",
    "DNDConfig": null,
    "_children_": [],
    "_height_": {
        "type": "string",
        "value": "121px"
    },
    "_left_": {
        "type": "string",
        "value": "0dp"
    },
    "_margin_": [
        0,
        0,
        0,
        0
    ],
    "_orientation_": 1,
    "_padding_": [
        0,
        0,
        0,
        0
    ],
    "_percent_": true,
    "_render_": true,
    "_skin_": "s24c92fc23b14f5484b693ee9b8a9b35",
    "_top_": {
        "type": "string",
        "value": "0dp"
    },
    "_width_": {
        "type": "string",
        "value": "100%"
    },
    "android": {},
    "androidwearos": {},
    "areflexpropsreferenced": false,
    "canUpdateUI": true,
    "clipbounds": false,
    "containerweight": 0,
    "dataDiffs": {
        "CopyflxUserDetails0b35eb5be884043": {
            "__events__": {},
            "__info__": {
                "kuid": "f15e790c402746e69e9674169478c1f2",
                "srcKUID": "b692716bd51e422ead7f111a1bfbe5cb",
                "wType": "FlexContainer"
            }
        },
        "CopyflxVerticalSeperator0b961fc23108f4b": {
            "__events__": {},
            "__info__": {
                "kuid": "ee7cad1121b44f7e82c1d6da9877063a",
                "srcKUID": "b6e0434c2f904010bfff7590777daf67",
                "wType": "FlexContainer"
            }
        },
        "CopyflxVerticalSeperator0dbd20466efa64b": {
            "__events__": {},
            "__info__": {
                "kuid": "e592e11159834b32818c660896cea130",
                "srcKUID": "d06f368d0065481d81dc512212fd2b95",
                "wType": "FlexContainer"
            }
        },
        "CopyimgToolTip0i580d9acc07c42": {
            "__events__": {},
            "__info__": {
                "kuid": "e6ecd498337c45979133ef125f5d473d",
                "srcKUID": "f5065fdfa2d0406bb7fafd4073fe33c5",
                "wType": "Image"
            }
        },
        "FlexContainer0e2898aa93bca45": {
            "__events__": {},
            "__info__": {
                "kuid": "c94f98823c074777b5e693e073edf9c5",
                "srcKUID": "f85d68fc07dd44c2938e507df0fe87fc",
                "wType": "FlexContainer"
            },
            "autogrowMode": {
                "Default": 0
            },
            "height": {},
            "responsiveData": {
                "b2": {
                    "width": {
                        "type": "string",
                        "value": "100%"
                    }
                },
                "b3": {
                    "width": {
                        "type": "string",
                        "value": "100%"
                    }
                },
                "b4": {
                    "height": {
                        "type": "string",
                        "value": "50px"
                    },
                    "isVisible": true,
                    "width": {
                        "type": "string",
                        "value": "100%"
                    }
                }
            },
            "width": {}
        },
        "FlexContainer0ed2389df69044b": {
            "__events__": {},
            "__info__": {
                "kuid": "c39b55ead4ad449597edf05db0f268ba",
                "srcKUID": "d4ff74890f3b45428cab934f27aa658f",
                "wType": "FlexContainer"
            }
        },
        "customhamburger": {
            "__events__": {},
            "__info__": {
                "kuid": "c2842e3af0814df2b315feabe4a93326",
                "srcKUID": "dea66199c9fd433fab636de553a6116f",
                "wType": "UserWidgetInstance"
            }
        },
        "customhamburger.CopyFlexContainer0f46534a0a94e41": {
            "__events__": {},
            "__info__": {
                "kuid": "ad2f26ba52b04735b5aa48a713ad2b5e",
                "srcKUID": "ba7b5440b44f4e7a88be10a58c83104e",
                "wType": "FlexContainer"
            }
        },
        "customhamburger.CopyflxSeperator0dfcbfe80de1946": {
            "__events__": {},
            "__info__": {
                "kuid": "hd05106f64db4ad389f321c4820912de",
                "srcKUID": "ec5e9cdda1b4473aa156d59730730f65",
                "wType": "FlexContainer"
            }
        },
        "customhamburger.FlexContainer0a82014659b0e48": {
            "__events__": {},
            "__info__": {
                "kuid": "fecd7127d3f34664bcab1a7b4c3ca15d",
                "srcKUID": "h7ad82c8fb9b437486ad6c4d49320ce2",
                "wType": "FlexContainer"
            }
        },
        "customhamburger.flxAccountsCollapse": {
            "__events__": {},
            "__info__": {
                "kuid": "a61ec864b5ae4e5aad861b75e7e7486f",
                "srcKUID": "e0af0f6ab9614020b7fc5e89406a63dc",
                "wType": "FlexContainer"
            }
        },
        "customhamburger.flxAccountsMenu": {
            "__events__": {},
            "__info__": {
                "kuid": "e7f2d5cf20d0428bb3f5b752a07ca088",
                "srcKUID": "cf43ccc491384cce8e692bf0c7b73f90",
                "wType": "FlexContainer"
            }
        },
        "customhamburger.flxAccountsSubMenu": {
            "__events__": {},
            "__info__": {
                "kuid": "f9611813fbf14abf8212e52ae14bf364",
                "srcKUID": "dc00eecfa1d34328ba4230f17db49066",
                "wType": "FlexContainer"
            }
        },
        "customhamburger.flxClose": {
            "__events__": {},
            "__info__": {
                "kuid": "g1e76b1b90f8412e8f8d672d471c19f2",
                "srcKUID": "c66fd7f3bd2c4e6e8f7bd01e6287550e",
                "wType": "FlexContainer"
            }
        },
        "customhamburger.flxHamburgerHeader": {
            "__events__": {},
            "__info__": {
                "kuid": "cc9f967967184a289565db0085c0e7c5",
                "srcKUID": "h465700017fe4781975045dab9ed41c5",
                "wType": "FlexContainer"
            }
        },
        "customhamburger.flxLogout": {
            "__events__": {},
            "__info__": {
                "kuid": "b1bfdf51f66040d5bc2d3a885e2870d5",
                "srcKUID": "c9904c20e8a5464285e846a22514783d",
                "wType": "FlexContainer"
            }
        },
        "customhamburger.flxMenu": {
            "__events__": {},
            "__info__": {
                "kuid": "b2be2ede43994b42a7931edabd9d9e98",
                "srcKUID": "i1c684442e854218bc2c08f78c55f971",
                "wType": "FlexContainer"
            }
        },
        "customhamburger.flxMenuWrapper": {
            "__events__": {},
            "__info__": {
                "kuid": "d290d5bdc9044d1da2c600a775dd242b",
                "srcKUID": "ad010d1f868d49eea330fb84586cbd46",
                "wType": "FlexScrollContainer"
            }
        },
        "customhamburger.flxMyAccounts": {
            "__events__": {},
            "__info__": {
                "kuid": "d82f020e13e249158c3bfbcbe5e641d9",
                "srcKUID": "f7379b95da4148de8bad2885b68ce3c6",
                "wType": "FlexContainer"
            }
        },
        "customhamburger.flxSeperator16": {
            "__events__": {},
            "__info__": {
                "kuid": "gcb09bcec7a44b15b7e9b97ec2eea9a0",
                "srcKUID": "if0c694e156a4703b7545e789492c020",
                "wType": "FlexContainer"
            }
        },
        "customhamburger.imgClose": {
            "__events__": {},
            "__info__": {
                "kuid": "de624808a9cc4f5d932299521e580ef1",
                "srcKUID": "b16e44ed01844172894d7476bf054a4e",
                "wType": "Image"
            },
            "src": "menu_close_white.png"
        },
        "customhamburger.imgCollapseAccounts": {
            "__events__": {},
            "__info__": {
                "kuid": "jc9910b881bc442b926d8483f3acf3f2",
                "srcKUID": "cc9717fdf0ce469aa167f4b79dc1f439",
                "wType": "Image"
            },
            "src": "arrow_down.png"
        },
        "customhamburger.imgKony": {
            "__events__": {},
            "__info__": {
                "kuid": "d81b50d6e38449e7a761796df64eceff",
                "srcKUID": "e51c8a8198184739b48a18c3fbc65273",
                "wType": "Image"
            },
            "src": "kony_logo_white.png"
        },
        "customhamburger.imgLogout": {
            "__events__": {},
            "__info__": {
                "kuid": "haecfd67d7c9497aa56fa363578d0daf",
                "srcKUID": "g8c77dbeed3b43038e912f34fbe614fd",
                "wType": "Image"
            },
            "src": "menu_logout.png"
        },
        "customhamburger.lbfonticonlLogout": {
            "__events__": {},
            "__info__": {
                "kuid": "i2407c1d5ad348d482a0aa2cf72b24a1",
                "srcKUID": "cbdcdc5074da426f9d8d67372468d417",
                "wType": "Label"
            }
        },
        "customhamburger.lblAccounts": {
            "__events__": {},
            "__info__": {
                "kuid": "ec03267171f84d2a901575e60d9a6461",
                "srcKUID": "aed697189cee47098907b5f830c7134b",
                "wType": "Label"
            }
        },
        "customhamburger.lblCollapseAccounts": {
            "__events__": {},
            "__info__": {
                "kuid": "e94e2d1327a24d9daeedead869e1f781",
                "srcKUID": "abf182ade073495492dcb8ccb85e46dd",
                "wType": "Label"
            }
        },
        "customhamburger.lblImgAccounts": {
            "__events__": {},
            "__info__": {
                "kuid": "c9531b6c1ca445b59afccb8985293633",
                "srcKUID": "j1310b4359bd4b55a330313f954c89f4",
                "wType": "Label"
            }
        },
        "customhamburger.lblLogout": {
            "__events__": {},
            "__info__": {
                "kuid": "j40177086b044691b58f7131db98a3c3",
                "srcKUID": "h4feb1ebd1d844adbbb270e5f22582cd",
                "wType": "Label"
            }
        },
        "customhamburger.lblMyAccounts": {
            "__events__": {},
            "__info__": {
                "kuid": "ab20babc1f674d09a1a7e572344a565f",
                "srcKUID": "a202b406f5f04a1698b17c9f0f9e1694",
                "wType": "Label"
            }
        },
        "customheader": {
            "__events__": {},
            "__info__": {
                "isRoot": true,
                "kuid": "c55ea65d73194768a74f190cd3acda1a",
                "srcKUID": "c04bbf50611342ca895c5e0a329aeb52",
                "wType": "FlexContainer"
            },
            "autogrowMode": {
                "Default": 0
            },
            "height": {},
            "left": {},
            "minWidth": {},
            "responsiveData": {
                "b1": {
                    "top": {
                        "type": "string",
                        "value": "0dp"
                    }
                },
                "b2": {
                    "top": {
                        "type": "string",
                        "value": "0dp"
                    }
                },
                "b3": {
                    "minWidth": {
                        "type": "string",
                        "value": ""
                    },
                    "top": {
                        "type": "string",
                        "value": "0dp"
                    },
                    "width": {
                        "type": "string",
                        "value": "100%"
                    }
                },
                "b4": {
                    "height": {
                        "type": "string",
                        "value": "50px"
                    },
                    "isVisible": true,
                    "left": {
                        "type": "string",
                        "value": "0dp"
                    },
                    "top": {
                        "type": "string",
                        "value": "0dp"
                    }
                }
            },
            "top": {},
            "width": {},
            "zIndex": {
                "Default": 1000
            }
        },
        "flxAccountTypesSegment": {
            "__events__": {},
            "__info__": {
                "kuid": "ae115ce9f5264d339eb36763576489c8",
                "srcKUID": "d431114047984f3ba84cf9829500caf5",
                "wType": "FlexContainer"
            }
        },
        "flxBottomBlue": {
            "__events__": {},
            "__info__": {
                "kuid": "h56628261d744d36afe5e824a9f7db0e",
                "srcKUID": "a3c7c667e8bb4a0da597ebde4b02694b",
                "wType": "FlexContainer"
            }
        },
        "flxBottomContainer": {
            "__events__": {},
            "__info__": {
                "kuid": "fa18b109e14b43d7845ca46ee8fdb167",
                "srcKUID": "h9bdf039c3f54878b18ff66171c8c6c6",
                "wType": "FlexContainer"
            },
            "autogrowMode": {
                "Default": 0
            },
            "height": {},
            "responsiveData": {
                "b4": {
                    "height": {
                        "type": "string",
                        "value": "50dp"
                    }
                }
            }
        },
        "flxHamburger": {
            "__events__": {},
            "__info__": {
                "kuid": "e55701636b034645bee029bdab74cc6b",
                "srcKUID": "f04c6e11e7da43b49dd181b8b47d93c4",
                "wType": "FlexContainer"
            },
            "left": {
                "Default": {
                    "type": "string",
                    "value": "-35%"
                }
            },
            "responsiveData": {
                "b4": {}
            },
            "width": {
                "Default": {
                    "type": "string",
                    "value": "35%"
                }
            },
            "zIndex": {
                "Default": 900
            }
        },
        "flxHamburgerBack": {
            "__events__": {},
            "__info__": {
                "kuid": "g71e47de35594c6d839f31edfae33db4",
                "srcKUID": "d74ea43244984beda96f3fdfd7e1de6b",
                "wType": "FlexContainer"
            }
        },
        "flxSeperatorHor2": {
            "__events__": {},
            "__info__": {
                "kuid": "e10991cb4e144af7a133b5ab316fd202",
                "srcKUID": "hadeefb9ccf84d75b58e19e7a860af8f",
                "wType": "FlexContainer"
            },
            "responsiveData": {
                "b4": {
                    "top": {
                        "type": "string",
                        "value": "50dp"
                    }
                }
            },
            "top": {}
        },
        "flxTopmenu": {
            "__events__": {},
            "__info__": {
                "kuid": "cfab35b5d2794a0595f18e9255d3c550",
                "srcKUID": "ed60ec01cd4843d8acaf4c0c4767b493",
                "wType": "FlexContainer"
            },
            "left": {},
            "responsiveData": {
                "b2": {
                    "width": {
                        "type": "string",
                        "value": "100%"
                    }
                },
                "b3": {
                    "width": {
                        "type": "string",
                        "value": "100%"
                    }
                },
                "b4": {
                    "isVisible": true,
                    "top": {
                        "type": "string",
                        "value": "0dp"
                    },
                    "width": {
                        "type": "string",
                        "value": "100%"
                    }
                }
            },
            "top": {},
            "width": {}
        },
        "flxUserActions": {
            "__events__": {},
            "__info__": {
                "kuid": "a8eb9b7d06ab4f428e51f4715d27115f",
                "srcKUID": "j914824243a446a18dc539def72a7642",
                "wType": "FlexContainer"
            },
            "isVisible": false
        },
        "headermenu": {
            "__events__": {},
            "__info__": {
                "kuid": "c3c27de1fcd6434982720ca4f1b9602a",
                "srcKUID": "haabafcdc12f4455b3af44d1e0d8f80b",
                "wType": "UserWidgetInstance"
            },
            "responsiveData": {
                "b1": {
                    "right": {
                        "type": "string",
                        "value": "5.60%"
                    }
                },
                "b2": {
                    "right": {
                        "type": "string",
                        "value": "5.50%"
                    }
                },
                "b3": {
                    "right": {
                        "type": "string",
                        "value": "24dp"
                    },
                    "width": {
                        "type": "string",
                        "value": "100%"
                    }
                },
                "b4": {
                    "height": {
                        "type": "string",
                        "value": "50dp"
                    },
                    "isVisible": false
                }
            },
            "right": {},
            "top": {
                "Default": {
                    "type": "string",
                    "value": "0dp"
                }
            },
            "width": {}
        },
        "headermenu.btnLogout": {
            "__events__": {},
            "__info__": {
                "kuid": "b4ad74c63da146bf801af071276f20ae",
                "srcKUID": "a766f3cd9f714697b54e4cdcbe1c544b",
                "wType": "Button"
            },
            "i18n_text": null,
            "isVisible": false,
            "responsiveData": {}
        },
        "headermenu.flxMessages": {
            "__events__": {},
            "__info__": {
                "kuid": "g86a978964d34f38936b456781016d73",
                "srcKUID": "a3a2c85df1ce44b4ad11832c28bce011",
                "wType": "FlexContainer"
            },
            "isVisible": false,
            "responsiveData": {
                "b1": {
                    "isVisible": true
                },
                "b2": {
                    "isVisible": true
                },
                "b3": {
                    "isVisible": true
                }
            }
        },
        "headermenu.flxNotifications": {
            "__events__": {},
            "__info__": {
                "kuid": "ae6650dec77f4f7fbd6b732cb79e3b75",
                "srcKUID": "ac3447a671db4ff79c563e385d237583",
                "wType": "FlexContainer"
            },
            "responsiveData": {
                "b1": {
                    "right": {
                        "type": "string",
                        "value": "145dp"
                    }
                },
                "b2": {
                    "right": {
                        "type": "string",
                        "value": "145dp"
                    }
                },
                "b3": {
                    "right": {
                        "type": "string",
                        "value": "145dp"
                    }
                }
            },
            "right": {}
        },
        "headermenu.flxResetUserImg": {
            "__events__": {},
            "__info__": {
                "kuid": "b66a134eb9d145198735d1866bbf0447",
                "srcKUID": "adcf593a077c4c0cb56c90ee73238583",
                "wType": "FlexContainer"
            },
            "responsiveData": {
                "b1": {
                    "right": {
                        "type": "string",
                        "value": "75dp"
                    }
                }
            },
            "right": {}
        },
        "headermenu.flxUserId": {
            "__events__": {},
            "__info__": {
                "kuid": "a6b24a0cf30e43c89e5a8dc81ac7086d",
                "srcKUID": "c135ea56ffd24834a20c4f3af08e75ed",
                "wType": "FlexContainer"
            },
            "responsiveData": {
                "b1": {
                    "right": {
                        "type": "string",
                        "value": "55dp"
                    }
                }
            },
            "right": {}
        },
        "headermenu.flxVerticalSeperator1": {
            "__events__": {},
            "__info__": {
                "kuid": "fc385b1dfaf341d5bd96eb244c6319c2",
                "srcKUID": "g1cf2c5ea04748138b67069bf6443784",
                "wType": "FlexContainer"
            }
        },
        "headermenu.flxVerticalSeperator2": {
            "__events__": {},
            "__info__": {
                "kuid": "a370ee2e3742403bad3365ee6ffd30d9",
                "srcKUID": "i869d64f25f744c7a219ce87160f4fa9",
                "wType": "FlexContainer"
            }
        },
        "headermenu.flxVerticalSeperator3": {
            "__events__": {},
            "__info__": {
                "kuid": "fe129546e9904b30815d77dab13e9832",
                "srcKUID": "ed4ae387593d4f509d7542c9677a49e4",
                "wType": "FlexContainer"
            },
            "isVisible": false,
            "responsiveData": {
                "b1": {
                    "isVisible": true
                },
                "b2": {
                    "isVisible": true
                },
                "b3": {
                    "isVisible": true
                }
            }
        },
        "headermenu.flxWarning": {
            "__events__": {},
            "__info__": {
                "kuid": "c7fdbdbecc004f2886e1b206e86a62f8",
                "srcKUID": "a3f637c9fa154e6ca5621edf7af7f744",
                "wType": "FlexContainer"
            }
        },
        "headermenu.flximgUserResetWrapper": {
            "__events__": {},
            "__info__": {
                "kuid": "j980302bfd1b4f03aca5a9db99d6f38e",
                "srcKUID": "e3916b40967c456aa3942940472ad47e",
                "wType": "FlexContainer"
            }
        },
        "headermenu.imgDropdown": {
            "__events__": {},
            "__info__": {
                "kuid": "d42c355126604032a5d1c04a9bcd6be1",
                "srcKUID": "h3d2b4b7f954464d931e34492064ab17",
                "wType": "Image"
            },
            "src": "profile_dropdown_arrow.png"
        },
        "headermenu.imgLogout": {
            "__events__": {},
            "__info__": {
                "kuid": "ibafeac02a774d0bb1fa241add4f68c6",
                "srcKUID": "ea749115721c4958af968ab52ef8529f",
                "wType": "Image"
            },
            "responsiveData": {
                "b1": {
                    "right": {
                        "type": "string",
                        "value": "5dp"
                    }
                },
                "b2": {
                    "right": {
                        "type": "string",
                        "value": "5dp"
                    }
                }
            },
            "right": {},
            "src": "logout.png"
        },
        "headermenu.imgMessages": {
            "__events__": {},
            "__info__": {
                "kuid": "ca90b077f0df419f821d101558afcb48",
                "srcKUID": "e210e728a3d64107876615d205a2d4c8",
                "wType": "Label"
            }
        },
        "headermenu.imgNotifications": {
            "__events__": {},
            "__info__": {
                "kuid": "c0a57d81b1b54b6083f7ecfd04c35971",
                "srcKUID": "j053dc709b2c497681932e7129f70ddb",
                "wType": "Image"
            },
            "src": "notification_flag.png"
        },
        "headermenu.imgUserBoundary": {
            "__events__": {},
            "__info__": {
                "kuid": "fbc58c6dd56c4b12927d65da56baf25a",
                "srcKUID": "g6047dd874ff440fab7ed86f7b808fdd",
                "wType": "Image"
            },
            "src": "verify_user.png"
        },
        "headermenu.imgUserReset": {
            "__events__": {},
            "__info__": {
                "kuid": "ef7c891ec74549b59a168340305d2051",
                "srcKUID": "d155016ff2f34df99cd72e103964fb82",
                "wType": "Image"
            },
            "src": "profile_header.png"
        },
        "headermenu.imgWarning": {
            "__events__": {},
            "__info__": {
                "kuid": "ce33599e96c94673bd3ab2f999d12eb9",
                "srcKUID": "j00ce4f7525e4f2aa69884ac2cc7b8a0",
                "wType": "Image"
            },
            "src": "error_yellow.png"
        },
        "headermenu.imgheaderdefault": {
            "__events__": {},
            "__info__": {
                "kuid": "f0e6c62065ae46f4a929e71e5baaaecc",
                "srcKUID": "i589d54c00ef4b33bc0e54ccd9b1e9b9",
                "wType": "Image"
            },
            "src": "default_username.png"
        },
        "headermenu.lblImageLogout": {
            "__events__": {},
            "__info__": {
                "kuid": "bd577216548d4b2f921dca4ef884ec54",
                "srcKUID": "f96e1012115540aebf364b900bd0ac3b",
                "wType": "Label"
            }
        },
        "headermenu.lblNewMessages": {
            "__events__": {},
            "__info__": {
                "kuid": "b4a7f9a97eee40cdae15847a37ee38a8",
                "srcKUID": "eb2b58f5c0fe4a178d7b685995b78747",
                "wType": "Label"
            }
        },
        "headermenu.lblNewNotifications": {
            "__events__": {},
            "__info__": {
                "kuid": "d072a5d3f7fa4d02bcc0c1a9c9b47b30",
                "srcKUID": "bc2f4a9f76164bc18e8e1663bbba3a61",
                "wType": "Label"
            }
        },
        "headermenu.lblNotifications": {
            "__events__": {},
            "__info__": {
                "kuid": "b4fe01ecfe054df2bd49528012875c5b",
                "srcKUID": "ia435cbbf32f4cc9900e89096e8c2c52",
                "wType": "Label"
            }
        },
        "headermenu.rtxWarning": {
            "__events__": {},
            "__info__": {
                "kuid": "gcd7aa09a46d4bc799dd2dcb1d688f11",
                "srcKUID": "i05c5f9533194937886bb0d238f640e3",
                "wType": "RichText"
            }
        },
        "imgKony": {
            "__events__": {},
            "__info__": {
                "kuid": "d2a34851d6a648b2a06f172be1f957b3",
                "srcKUID": "i89a4c93ab68416c8f6a24b3e85d037c",
                "wType": "Image"
            },
            "left": {},
            "responsiveData": {
                "b1": {
                    "left": {
                        "type": "string",
                        "value": "80dp"
                    }
                },
                "b3": {
                    "left": {
                        "type": "string",
                        "value": "24dp"
                    },
                    "top": {
                        "type": "string",
                        "value": "18px"
                    }
                },
                "b4": {
                    "isVisible": false
                }
            },
            "src": "kony_logo.png",
            "top": {}
        },
        "imgToolTip": {
            "__events__": {},
            "__info__": {
                "kuid": "cc889dc57e9b47b48932a14e850f53b8",
                "srcKUID": "b05c4200ee7747f2b596bc0eafc18760",
                "wType": "Image"
            },
            "src": "tool_tip.png"
        },
        "lblHeaderMobile": {
            "__events__": {},
            "__info__": {
                "kuid": "b21491ec464b4e18941b5b038a81bdc2",
                "srcKUID": "f601c2dac7d4490fb32b2040ad16ca87",
                "wType": "Label"
            },
            "isVisible": true,
            "responsiveData": {},
            "text": ""
        },
        "lblHeaderMobileView": {
            "__events__": {},
            "__info__": {
                "kuid": "cff48c226cd4498d9f902aeb39660a8a",
                "srcKUID": "e845559aef0c4fb9b6a4354975cce47c",
                "wType": "Label"
            },
            "responsiveData": {}
        },
        "lblName": {
            "__events__": {},
            "__info__": {
                "kuid": "c7e502b46eee4ae68f752f6984fc1aeb",
                "srcKUID": "e4ac7c6df45f47999b2250e0bcb58bcb",
                "wType": "Label"
            }
        },
        "lblUserEmail": {
            "__events__": {},
            "__info__": {
                "kuid": "jf11de2d37714da8b37844c8bac88227",
                "srcKUID": "cd423535a51f4a4bb95d5056c43f5d13",
                "wType": "RichText"
            }
        },
        "lblUserEmail1": {
            "__events__": {},
            "__info__": {
                "kuid": "dcc3e968eb84454da7a1854383731699",
                "srcKUID": "j0ea4a96f1104289ad3d0312ed141d3b",
                "wType": "Label"
            }
        },
        "segUserActions": {
            "__events__": {},
            "__info__": {
                "kuid": "c65a793c95544c55977dd7cfa05a61e9",
                "srcKUID": "h6bf423223694ef0be1f75d0abee1c0a",
                "wType": "Segment"
            },
            "isVisible": true
        },
        "topmenu": {
            "__events__": {},
            "__info__": {
                "kuid": "ec7574a33fda48338efb70613ba08059",
                "srcKUID": "f3bc1d211a8342419317a1f649e456a0",
                "wType": "UserWidgetInstance"
            },
            "responsiveData": {
                "b3": {
                    "width": {
                        "type": "string",
                        "value": "100%"
                    }
                },
                "b4": {
                    "isVisible": true
                }
            },
            "width": {}
        },
        "topmenu.CopyLabel0a8b12f7002084d": {
            "__events__": {},
            "__info__": {
                "kuid": "gabc9e070ca84ac5a2f541d357960ee4",
                "srcKUID": "c6970a565fc545a99c0e118b2e0fd447",
                "wType": "Label"
            }
        },
        "topmenu.CopyLabel0bb648d916e554d": {
            "__events__": {},
            "__info__": {
                "kuid": "a61acf21543948d2b7993ce081fd3c35",
                "srcKUID": "jff9fe4733df441da45df3e9e7077c16",
                "wType": "Label"
            }
        },
        "topmenu.CopyLabel0h9e71b8a76ad44": {
            "__events__": {},
            "__info__": {
                "kuid": "b4e5342e48544a3eb42bea15db505b37",
                "srcKUID": "db7ed17156b3455982f6d5e9ec649426",
                "wType": "Label"
            }
        },
        "topmenu.Label0dcf00103bdba46": {
            "__events__": {},
            "__info__": {
                "kuid": "c9a72e64e35c459b88a105c1fe37a6c1",
                "srcKUID": "f93434834b0144ffb8f03bbbe1edf740",
                "wType": "Label"
            }
        },
        "topmenu.flxCombined": {
            "__events__": {},
            "__info__": {
                "kuid": "ic7e6fbc687e436f89359b89c85257ae",
                "srcKUID": "ia75c62782304b3db8698da48f580b35",
                "wType": "FlexContainer"
            }
        },
        "topmenu.flxCombinedAccess": {
            "__events__": {},
            "__info__": {
                "kuid": "g2a68a0a585f4ca8a947358670a44293",
                "srcKUID": "b4fbc28380364865bbfe12defa72c365",
                "wType": "FlexContainer"
            }
        },
        "topmenu.flxCombinedAccessMenu": {
            "__events__": {},
            "__info__": {
                "kuid": "i517a822d39b4537a8458c7b6274bb5a",
                "srcKUID": "dbc3eec174e7474c887b9bc82e30b4d5",
                "wType": "FlexContainer"
            }
        },
        "topmenu.flxCombinedAccessMenuMobile": {
            "__events__": {},
            "__info__": {
                "kuid": "i84e783498f04592b988bf7111f6e09d",
                "srcKUID": "h37db148c1be4747b25b61b848ebea88",
                "wType": "FlexContainer"
            }
        },
        "topmenu.flxCombinedAccessMobile": {
            "__events__": {},
            "__info__": {
                "kuid": "ce570784725640b7991499c465241705",
                "srcKUID": "cff3966829d04b9da4ea5ffbf721ad43",
                "wType": "FlexContainer"
            }
        },
        "topmenu.flxCombinedMobile": {
            "__events__": {},
            "__info__": {
                "kuid": "c23bafda66c440aba410ba69dd69f922",
                "srcKUID": "c6282db2327448d3a1d309d0c8257027",
                "wType": "FlexContainer"
            }
        },
        "topmenu.flxContextualMenu": {
            "__events__": {},
            "__info__": {
                "kuid": "h2a6458cfd3c4737887eb1a20e50e8dd",
                "srcKUID": "iaedc8bb3b254e219e0ec496d08636d8",
                "wType": "FlexContainer"
            },
            "isVisible": false,
            "responsiveData": {
                "b4": {}
            }
        },
        "topmenu.flxFeedback": {
            "__events__": {},
            "__info__": {
                "kuid": "f029ef6f76ff42938e896f8aba00fc87",
                "srcKUID": "cd10d4b4f565433fb35f2d2d0a97fe1e",
                "wType": "FlexContainer"
            },
            "responsiveData": {
                "b3": {
                    "right": {
                        "type": "string",
                        "value": "75dp"
                    },
                    "width": {
                        "type": "string",
                        "value": "16%"
                    }
                },
                "b4": {
                    "isVisible": false
                }
            },
            "right": {},
            "width": {},
            "zIndex": {
                "Default": 1040
            }
        },
        "topmenu.flxFeedbackimg": {
            "__events__": {},
            "__info__": {
                "kuid": "d7a1295fec2a4864b7b304b06fab96f0",
                "srcKUID": "g11b5488a8d343ae866e1de13660acda",
                "wType": "FlexContainer"
            },
            "responsiveData": {
                "b1": {
                    "right": {
                        "type": "string",
                        "value": "10dp"
                    }
                },
                "b2": {
                    "right": {
                        "type": "string",
                        "value": "10dp"
                    },
                    "width": {
                        "type": "string",
                        "value": "80%"
                    }
                },
                "b3": {
                    "right": {
                        "type": "string",
                        "value": "5%"
                    },
                    "width": {
                        "type": "string",
                        "value": "85%"
                    }
                }
            },
            "right": {},
            "width": {}
        },
        "topmenu.flxHelp": {
            "__events__": {},
            "__info__": {
                "kuid": "gfde4a885b13416581a158954398dec5",
                "srcKUID": "i2d06c634cdc4172ba80e744bcdcfebb",
                "wType": "FlexContainer"
            },
            "responsiveData": {
                "b1": {
                    "right": {
                        "type": "string",
                        "value": "83dp"
                    },
                    "width": {
                        "type": "string",
                        "value": "55dp"
                    }
                },
                "b2": {
                    "right": {
                        "type": "string",
                        "value": "6%"
                    },
                    "width": {
                        "type": "string",
                        "value": "55dp"
                    }
                },
                "b3": {
                    "right": {
                        "type": "string",
                        "value": "2.50%"
                    },
                    "width": {
                        "type": "string",
                        "value": "60dp"
                    }
                },
                "b4": {
                    "isVisible": false
                }
            },
            "right": {
                "Default": {
                    "type": "string",
                    "value": "5%"
                }
            },
            "width": {
                "Default": {
                    "type": "string",
                    "value": "70dp"
                }
            },
            "zIndex": {
                "Default": 1040
            }
        },
        "topmenu.flxMenu": {
            "__events__": {},
            "__info__": {
                "kuid": "b34a28906dd14b808b4303e71080ef1f",
                "srcKUID": "e3be9a8fdce047e6bfc57c6134e9a975",
                "wType": "FlexContainer"
            },
            "left": {},
            "responsiveData": {
                "b1": {
                    "left": {
                        "type": "string",
                        "value": "80dp"
                    }
                },
                "b2": {
                    "left": {
                        "type": "string",
                        "value": "78dp"
                    }
                },
                "b3": {
                    "left": {
                        "type": "string",
                        "value": "20dp"
                    }
                },
                "b4": {
                    "isVisible": true,
                    "left": {
                        "type": "string",
                        "value": "10dp"
                    },
                    "top": {
                        "type": "string",
                        "value": "0dp"
                    }
                }
            },
            "top": {}
        },
        "topmenu.flxMenusMain": {
            "__events__": {},
            "__info__": {
                "kuid": "d0a8dec69eac45c687a8d2f2e45cb859",
                "srcKUID": "da5555fd4c164726bf9860ec53363048",
                "wType": "FlexContainer"
            },
            "left": {},
            "responsiveData": {
                "b4": {
                    "isVisible": true,
                    "top": {
                        "type": "string",
                        "value": "0dp"
                    }
                }
            },
            "top": {},
            "zIndex": {
                "Default": 100
            }
        },
        "topmenu.flxMyBills": {
            "__events__": {},
            "__info__": {
                "kuid": "d2feeba7d46a414b86a58ba5e8b29c8d",
                "srcKUID": "a4da8c0229454e98aa76669ee85574cb",
                "wType": "FlexContainer"
            }
        },
        "topmenu.flxPayBills": {
            "__events__": {},
            "__info__": {
                "kuid": "d196d86754044a389510ee8fa749314f",
                "srcKUID": "ea97a9ae24004e468bb62c6e11cff833",
                "wType": "FlexContainer"
            }
        },
        "topmenu.flxPayMultipleBeneficiaries": {
            "__events__": {},
            "__info__": {
                "kuid": "h0a3eeba1a2747fe93ab3cd226cea846",
                "srcKUID": "de653a693d5143f8a86ed23628877bac",
                "wType": "FlexContainer"
            }
        },
        "topmenu.flxSendMoney": {
            "__events__": {},
            "__info__": {
                "kuid": "db3f931851114631a441b451a29e5298",
                "srcKUID": "h1bb64a044404681858216ea0afef3cf",
                "wType": "FlexContainer"
            }
        },
        "topmenu.flxSeperator1": {
            "__events__": {},
            "__info__": {
                "kuid": "c9ec9a6750bd4b529431d9a9406d63a5",
                "srcKUID": "i09ec806e136452589e84e2f83e53e68",
                "wType": "FlexContainer"
            },
            "responsiveData": {
                "b4": {
                    "isVisible": false
                }
            }
        },
        "topmenu.flxSeperator4": {
            "__events__": {},
            "__info__": {
                "kuid": "cf5151f7c8ea4c97938f9e18fd9a884e",
                "srcKUID": "cb1d2b3f8bf64e53abc8fe2029b5055a",
                "wType": "FlexContainer"
            }
        },
        "topmenu.flxTransferMoney": {
            "__events__": {},
            "__info__": {
                "kuid": "ce39a93f316544b9b6a9f36cd1dfbe4c",
                "srcKUID": "j0b6f93293e948bbaad52b4f16db8bea",
                "wType": "FlexContainer"
            }
        },
        "topmenu.flxTransfersAndPay": {
            "__events__": {},
            "__info__": {
                "kuid": "h852852bff8040898ede23277f5755a5",
                "srcKUID": "j83fe7fb58c04ec394a0d8313351f539",
                "wType": "FlexContainer"
            },
            "responsiveData": {
                "b4": {
                    "isVisible": false
                }
            }
        },
        "topmenu.flxWireMoney": {
            "__events__": {},
            "__info__": {
                "kuid": "da31d400c64243989f7dde85267c073d",
                "srcKUID": "ed2961fbd05f4e8eb5ae5d530848a7da",
                "wType": "FlexContainer"
            }
        },
        "topmenu.flxaccounts": {
            "__events__": {},
            "__info__": {
                "kuid": "afde29c4a1aa4012a1d04a334cac1e45",
                "srcKUID": "b6366fc9b5854ca5aecefb68e89386e7",
                "wType": "FlexContainer"
            },
            "responsiveData": {
                "b4": {
                    "isVisible": false
                }
            }
        },
        "topmenu.flxverseperator2": {
            "__events__": {},
            "__info__": {
                "kuid": "b256e9da8d2e4e20bebc7c1b33945006",
                "srcKUID": "f9719a0b9d3f42b690d0b92a4477ec5d",
                "wType": "FlexContainer"
            },
            "responsiveData": {
                "b1": {
                    "width": {
                        "type": "string",
                        "value": "2dp"
                    },
                    "zIndex": 2
                }
            },
            "width": {},
            "zIndex": {}
        },
        "topmenu.imgLblTransfers": {
            "__events__": {},
            "__info__": {
                "kuid": "fbcfb4a9812a40b8bd6f8e1062996cde",
                "srcKUID": "i6ce4bbe9a904933bf2c217077d91a6f",
                "wType": "Label"
            }
        },
        "topmenu.imgMenu": {
            "__events__": {},
            "__info__": {
                "kuid": "j74d54a78f8748e283a0e732c33bdb18",
                "srcKUID": "be1e045b3a3347d88509b7efc7d8015b",
                "wType": "Image"
            },
            "left": {},
            "responsiveData": {
                "b4": {
                    "width": {
                        "type": "string",
                        "value": "25dp"
                    }
                }
            },
            "src": "menu_icon.png",
            "width": {}
        },
        "topmenu.lblAccounts": {
            "__events__": {},
            "__info__": {
                "kuid": "b67f64a5df4844718cda9690d21c69b9",
                "srcKUID": "bcf724a120b24fdbb2278444060c639c",
                "wType": "Label"
            }
        },
        "topmenu.lblDashboard": {
            "__events__": {},
            "__info__": {
                "kuid": "c4efdf5d185540f0a5be60beaef320da",
                "srcKUID": "i230559c4e194a67933901b9936958bd",
                "wType": "Label"
            }
        },
        "topmenu.lblDashboardHeader": {
            "__events__": {},
            "__info__": {
                "kuid": "eb2b00eb3edc4ebfa443f28e0b6c1450",
                "srcKUID": "gf3a6b9b54b048fc88af1a277a814f00",
                "wType": "Label"
            }
        },
        "topmenu.lblDashboardIcon": {
            "__events__": {},
            "__info__": {
                "kuid": "hc4ea7d68f6a4d77b578b468fb9a8e7c",
                "srcKUID": "cb6af2dadd2147068fe7977967ed48d3",
                "wType": "Label"
            }
        },
        "topmenu.lblDashboardIconMobile": {
            "__events__": {},
            "__info__": {
                "kuid": "d3293c38c96449cf92166de9dca8f3ea",
                "srcKUID": "d810310301f748e484f38777d90fbf09",
                "wType": "Label"
            }
        },
        "topmenu.lblDropbox": {
            "__events__": {},
            "__info__": {
                "kuid": "ge2605627deb4538a2d0401475fe91b1",
                "srcKUID": "ec1ce5d231134d4f8cfb0842f7538da3",
                "wType": "Label"
            }
        },
        "topmenu.lblDropboxMobile": {
            "__events__": {},
            "__info__": {
                "kuid": "c9f79eeda810482ba922f0b2b16c70e3",
                "srcKUID": "d5987c906f8f432ea7c31a58772ad7a0",
                "wType": "Label"
            }
        },
        "topmenu.lblFeedback": {
            "__events__": {},
            "__info__": {
                "kuid": "eaeb10104e2f4b69b89ff4c247d15b98",
                "srcKUID": "i45ffb2e674e425ba9e5542807008a2e",
                "wType": "Label"
            },
            "responsiveData": {}
        },
        "topmenu.lblHelp": {
            "__events__": {},
            "__info__": {
                "kuid": "b09051bd170645528d660d620c0c2953",
                "srcKUID": "b910c72e31ac4950b9d4fcca565a1df4",
                "wType": "Label"
            },
            "centerX": {
                "Default": {
                    "type": "string",
                    "value": "50%"
                }
            },
            "responsiveData": {
                "b1": {
                    "centerX": {
                        "type": "string",
                        "value": ""
                    },
                    "right": {
                        "type": "string",
                        "value": "0dp"
                    }
                },
                "b2": {
                    "centerX": {
                        "type": "string",
                        "value": ""
                    },
                    "right": {
                        "type": "string",
                        "value": "0dp"
                    }
                },
                "b3": {
                    "centerX": {
                        "type": "string",
                        "value": ""
                    },
                    "right": {
                        "type": "string",
                        "value": "0dp"
                    }
                }
            },
            "right": {
                "Default": {
                    "type": "string",
                    "value": ""
                }
            }
        },
        "topmenu.lblMyBills": {
            "__events__": {},
            "__info__": {
                "kuid": "hdbc03728aa34270918612b6f7b3f6ff",
                "srcKUID": "d8925fb060194253ba463a13de343eac",
                "wType": "Label"
            }
        },
        "topmenu.lblPayMultipleBeneficiaries": {
            "__events__": {},
            "__info__": {
                "kuid": "f9c230e96fb54f45bf2a19c48a08ad77",
                "srcKUID": "cedc3a7abf744c1c80199066b1f9a252",
                "wType": "Label"
            }
        },
        "topmenu.lblTransferAndPay": {
            "__events__": {},
            "__info__": {
                "kuid": "baa4edf4f3d2410db2bf16eac2e06c77",
                "srcKUID": "gf970d4c8185498db726665e80e4fff7",
                "wType": "Label"
            },
            "responsiveData": {
                "b4": {
                    "isVisible": false
                }
            }
        },
        "topmenu.segCombinedAccessMenuMobile": {
            "__events__": {},
            "__info__": {
                "kuid": "c82fe130fde34298be4a8fcef8aec492",
                "srcKUID": "fc65c13a65044f12b6e9da428e059df4",
                "wType": "Segment"
            }
        },
        "topmenu.segMenuDropdown": {
            "__events__": {},
            "__info__": {
                "kuid": "ie6b6e5c659e440eb458f71ba434d253",
                "srcKUID": "h8894426165e4ae3bc9b8480f4c0affa",
                "wType": "Segment"
            }
        }
    },
    "desktopweb": {},
    "id": "customheader",
    "info": null,
    "ipad": {},
    "iphone": {},
    "isdatareferenced": false,
    "isvisible": true,
    "kiosk": {},
    "kuid": "c55ea65d73194768a74f190cd3acda1a",
    "layouttype": 2,
    "masterType": 0,
    "name": "kony.ui.UserWidgetInstance",
    "parent": "flxHeader",
    "pf": "frmContactUsPrivacyTandC",
    "responsiveData": {
        "b1": {
            "height": {
                "type": "string",
                "value": "121px"
            }
        },
        "b2": {},
        "b3": {
            "height": {
                "type": "string",
                "value": "121px"
            },
            "minWidth": {
                "type": "string",
                "value": ""
            },
            "width": {
                "type": "string",
                "value": "100%"
            }
        },
        "b4": {
            "height": {
                "type": "string",
                "value": "50px"
            },
            "isVisible": true,
            "top": {
                "type": "string",
                "value": "0dp"
            }
        }
    },
    "snaptogrid": true,
    "sourceUserWidget": "c04bbf50611342ca895c5e0a329aeb52",
    "spa": {},
    "spaan": {},
    "spaandroidtablet": {},
    "spabb": {},
    "spaip": {},
    "spaipad": {},
    "spamobile": {},
    "spatablet": {},
    "spawindowstablet": {},
    "spawinphone8": {},
    "tabrcandroid": {},
    "vizProps": {
        "hidewidgethierarchy": false
    },
    "vizprops": {
        "hidewidgethierarchy": false
    },
    "wType": "UserWidgetInstance",
    "windows10": {},
    "windows8": {},
    "winphone10": {},
    "winphone8": {},
    "zindex": 1000
}