{
    "DNDConfig": null,
    "_bottom_": {
        "type": "string",
        "value": "30px"
    },
    "_height_": {
        "type": "ref",
        "value": "preferred"
    },
    "_left_": {
        "type": "number",
        "value": ""
    },
    "_margin_": [
        0,
        0,
        0,
        0
    ],
    "_orientation_": 6,
    "_padding_": [
        0,
        0,
        0,
        0
    ],
    "_percent_": true,
    "_skin_": "s92425f466754964b2123cbce2313ad6",
    "_top_": {
        "type": "string",
        "value": "7dp"
    },
    "_width_": {
        "type": "string",
        "value": "1220px"
    },
    "allboxes": [],
    "autogrowmode": 1,
    "canUpdateUI": true,
    "centerx": {
        "type": "string",
        "value": "50%"
    },
    "children": [
        "contactUs",
        "flxseparator",
        "Copyflxseparator0b3e76cc35fb84d"
    ],
    "clipbounds": false,
    "containerweight": 100,
    "controllerInfo": {
        "default": {
            "channel": "desktop",
            "name": "frmOnlineHelpController"
        }
    },
    "enablescrolling": true,
    "id": "flxContactUs",
    "info": null,
    "isvisible": true,
    "kuid": "cb8fbe20cf7646218541dd53b86be492",
    "layouttype": 2,
    "name": "kony.ui.FlexContainer",
    "parent": "flxMainContainer",
    "pf": "frmContactUsPrivacyTandC",
    "responsiveData": {
        "b1": {
            "centerX": {
                "type": "string",
                "value": "50%"
            },
            "isVisible": false,
            "left": {
                "type": "string",
                "value": "6.07%"
            },
            "skin": "s92425f466754964b2123cbce2313ad6",
            "top": {
                "type": "string",
                "value": "0px"
            },
            "width": {
                "type": "string",
                "value": "1266dp"
            }
        },
        "b2": {
            "centerX": {
                "type": "string",
                "value": "50%"
            },
            "left": {
                "type": "string",
                "value": "6%"
            },
            "top": {
                "type": "number",
                "value": "0"
            },
            "width": {
                "type": "string",
                "value": "88.48%"
            }
        },
        "b3": {
            "centerX": {
                "type": "string",
                "value": "50%"
            },
            "top": {
                "type": "string",
                "value": "0px"
            },
            "width": {
                "type": "string",
                "value": "95%"
            }
        },
        "b4": {
            "top": {
                "type": "string",
                "value": "20dp"
            },
            "width": {
                "type": "string",
                "value": "100%"
            }
        }
    },
    "snapgridsize": 10,
    "snaptogrid": true,
    "wType": "FlexContainer",
    "widgetalignment": 1,
    "zindex": 2
}