{
    "DNDConfig": null,
    "_height_": {
        "type": "string",
        "value": "67dp"
    },
    "_left_": {
        "type": "string",
        "value": "146dp"
    },
    "_margin_": [
        0,
        0,
        0,
        0
    ],
    "_orientation_": 6,
    "_padding_": [
        0,
        0,
        0,
        0
    ],
    "_percent_": true,
    "_right_": {
        "type": "number",
        "value": ""
    },
    "_skin_": "s24c92fc23b14f5484b693ee9b8a9b35",
    "_top_": {
        "type": "string",
        "value": "0dp"
    },
    "_width_": {
        "type": "string",
        "value": "1220dp"
    },
    "allboxes": [],
    "autogrowmode": 0,
    "canUpdateUI": true,
    "centerx": {
        "type": "string",
        "value": "50%"
    },
    "children": [
        "lblContentHeader"
    ],
    "clipbounds": true,
    "containerweight": 100,
    "enablescrolling": true,
    "id": "flxContentHeader",
    "info": null,
    "iscustomlayout": false,
    "isvisible": true,
    "kuid": "e465cc4183144812a8df12a572e918f5",
    "layouttype": 2,
    "maxwidth": {
        "type": "number",
        "value": ""
    },
    "name": "kony.ui.FlexContainer",
    "parent": "flxMainContainer",
    "pf": "frmContactUsPrivacyTandC",
    "responsiveData": {
        "b1": {
            "centerX": {
                "type": "string",
                "value": ""
            },
            "isVisible": true,
            "left": {
                "type": "string",
                "value": "6%"
            },
            "maxWidth": {
                "type": "string",
                "value": "1200dp"
            },
            "right": {
                "type": "string",
                "value": "6%"
            },
            "skin": "s24c92fc23b14f5484b693ee9b8a9b35",
            "top": {
                "type": "string",
                "value": "0dp"
            },
            "width": {
                "type": "string",
                "value": "100%"
            }
        },
        "b2": {
            "centerX": {
                "type": "string",
                "value": "50%"
            },
            "left": {
                "type": "string",
                "value": "6%"
            },
            "width": {
                "type": "string",
                "value": "88%"
            }
        },
        "b3": {
            "centerX": {
                "type": "string",
                "value": "50%"
            },
            "left": {
                "type": "string",
                "value": ""
            },
            "width": {
                "type": "string",
                "value": "100%"
            }
        },
        "b4": {
            "isVisible": false,
            "left": {
                "type": "string",
                "value": "0dp"
            }
        }
    },
    "retaincontentalignment": false,
    "retainflexpositionproperties": false,
    "snapgridsize": 10,
    "snaptogrid": true,
    "wType": "FlexContainer",
    "widgetalignment": 1,
    "zindex": 2
}