{
    "DNDConfig": null,
    "__parentReadjusting__": false,
    "_bottom_": {
        "type": "string",
        "value": "0dp"
    },
    "_height_": {
        "type": "ref",
        "value": "preferred"
    },
    "_left_": {
        "type": "number",
        "value": "0"
    },
    "_margin_": [
        0,
        0,
        0,
        0
    ],
    "_orientation_": 6,
    "_padding_": [
        0,
        0,
        0,
        0
    ],
    "_percent_": true,
    "_skin_": "s9d634c8d71f49d283c6dbd243c743bb",
    "_top_": {
        "type": "string",
        "value": "0dp"
    },
    "_width_": {
        "type": "string",
        "value": "100%"
    },
    "allboxes": [],
    "autogrowmode": 1,
    "canUpdateUI": true,
    "centerx": {
        "type": "string",
        "value": "50%"
    },
    "children": [
        "flxHeaderPP",
        "flxScrollDetailsPP"
    ],
    "clipbounds": false,
    "containerweight": 100,
    "enablescrolling": true,
    "id": "flxContentPP",
    "info": null,
    "isvisible": true,
    "kuid": "g4e5d2ef00984bcca16ce6887e23fea3",
    "layouttype": 2,
    "name": "kony.ui.FlexContainer",
    "parent": "flxPrivacyPolicy",
    "pf": "frmContactUsPrivacyTandC",
    "responsiveData": {
        "b1": {
            "skin": "s9d634c8d71f49d283c6dbd243c743bb"
        },
        "b2": {
            "skin": "s9d634c8d71f49d283c6dbd243c743bb"
        },
        "b3": {
            "skin": "s9d634c8d71f49d283c6dbd243c743bb"
        },
        "b4": {}
    },
    "snapgridsize": 10,
    "snaptogrid": true,
    "wType": "FlexContainer",
    "widgetalignment": 1,
    "zindex": 2
}