{
    "DNDConfig": null,
    "_height_": {
        "type": "string",
        "value": "150dp"
    },
    "_left_": {
        "type": "string",
        "value": "0dp"
    },
    "_margin_": [
        0,
        0,
        0,
        0
    ],
    "_orientation_": 6,
    "_padding_": [
        0,
        0,
        0,
        0
    ],
    "_percent_": true,
    "_skin_": "sb75f187c17c456fb0450d66550451bb",
    "_top_": {
        "type": "string",
        "value": "0dp"
    },
    "_width_": {
        "type": "string",
        "value": "100%"
    },
    "allboxes": [],
    "autogrowmode": 0,
    "canUpdateUI": true,
    "children": [
        "CustomFooterMain"
    ],
    "clipbounds": false,
    "containerweight": 100,
    "enablescrolling": true,
    "id": "flxFooter",
    "info": null,
    "isvisible": true,
    "kuid": "be1d7b38e7884cac849b18c7a24ba238",
    "layouttype": 2,
    "name": "kony.ui.FlexContainer",
    "parent": "flxFormContent",
    "pf": "frmContactUsPrivacyTandC",
    "responsiveData": {
        "b1": {
            "skin": "s24c92fc23b14f5484b693ee9b8a9b35"
        },
        "b2": {
                "centerY": {
                    "type": "string",
                    "value": "40dp"
                },
            "skin": "s24c92fc23b14f5484b693ee9b8a9b35",
            "top": {
                "type": "string",
                "value": ""
            }
        },
        "b3": {
            "bottom": {
                "type": "number",
                "value": "0"
            },
            "skin": "s24c92fc23b14f5484b693ee9b8a9b35"
        },
        "b4": {
            "isVisible": true,
            "skin": "s24c92fc23b14f5484b693ee9b8a9b35",
            "top": {
                "type": "string",
                "value": "700dp"
            }
        }
    },
    "snapgridsize": 10,
    "snaptogrid": true,
    "wType": "FlexContainer",
    "widgetalignment": 1,
    "zindex": 1
}