{
    "DNDConfig": null,
    "__parentReadjusting__": false,
    "_height_": {
        "type": "number",
        "value": "60"
    },
    "_left_": {
        "type": "string",
        "value": "0dp"
    },
    "_margin_": [
        0,
        0,
        0,
        0
    ],
    "_orientation_": 6,
    "_padding_": [
        0,
        0,
        0,
        0
    ],
    "_percent_": true,
    "_skin_": "s24c92fc23b14f5484b693ee9b8a9b35",
    "_top_": {
        "type": "string",
        "value": "0dp"
    },
    "_width_": {
        "type": "string",
        "value": "100%"
    },
    "allboxes": [],
    "autogrowmode": 0,
    "canUpdateUI": true,
    "children": [
        "lblHeadingPP",
        "flxSeperatorPP"
    ],
    "clipbounds": true,
    "containerweight": 100,
    "enablescrolling": true,
    "id": "flxHeaderPP",
    "info": null,
    "isvisible": false,
    "kuid": "c2a1fe6b663a41d7af3ba0fdf26fea06",
    "layouttype": 2,
    "name": "kony.ui.FlexContainer",
    "parent": "flxContentPP",
    "pf": "frmContactUsPrivacyTandC",
    "snapgridsize": 10,
    "snaptogrid": true,
    "wType": "FlexContainer",
    "widgetalignment": 1,
    "zindex": 1
}