{
    "DNDConfig": null,
    "__parentReadjusting__": false,
    "_height_": {
        "type": "string",
        "value": "800dp"
    },
    "_left_": {
        "type": "string",
        "value": "-100%"
    },
    "_margin_": [
        0,
        0,
        0,
        0
    ],
    "_orientation_": 6,
    "_padding_": [
        0,
        0,
        0,
        0
    ],
    "_percent_": true,
    "_skin_": "s33fa12a911a45c49c6435621160a9c1",
    "_top_": {
        "type": "string",
        "value": "0dp"
    },
    "_width_": {
        "type": "string",
        "value": "100%"
    },
    "allboxes": [],
    "autogrowmode": 0,
    "canUpdateUI": true,
    "children": [
        "CustomPopupLogout"
    ],
    "clipbounds": true,
    "containerweight": 100,
    "enablescrolling": true,
    "id": "flxLogout",
    "info": null,
    "isvisible": true,
    "kuid": "ac903edd7ce9414d9dfe8fd52d03249f",
    "layouttype": 2,
    "name": "kony.ui.FlexContainer",
    "parent": "frmContactUsPrivacyTandC",
    "pf": "frmContactUsPrivacyTandC",
    "snapgridsize": 10,
    "snaptogrid": true,
    "wType": "FlexContainer",
    "widgetalignment": 1,
    "zindex": 1000
}