{
    "DNDConfig": null,
    "_height_": {
        "type": "ref",
        "value": "preferred"
    },
    "_left_": {
        "type": "string",
        "value": "0%"
    },
    "_margin_": [
        0,
        0,
        0,
        0
    ],
    "_orientation_": 6,
    "_padding_": [
        0,
        0,
        0,
        0
    ],
    "_percent_": true,
    "_right_": {
        "type": "number",
        "value": ""
    },
    "_skin_": "s24c92fc23b14f5484b693ee9b8a9b35",
    "_top_": {
        "type": "string",
        "value": "0dp"
    },
    "_width_": {
        "type": "string",
        "value": "100%"
    },
    "allboxes": [],
    "autogrowmode": 1,
    "canUpdateUI": true,
    "centerx": {
        "type": "number",
        "value": ""
    },
    "children": [
        "flxDowntimeWarning",
        "flxContentHeader",
        "flxContactUs",
        "flxPrivacyPolicy",
        "flxTermsAndConditions"
    ],
    "clipbounds": false,
    "containerweight": 100,
    "enablescrolling": true,
    "id": "flxMainContainer",
    "info": null,
    "isvisible": true,
    "kuid": "c18f892c9a094aef823faa3a9684013a",
    "layouttype": 4,
    "name": "kony.ui.FlexContainer",
    "parent": "flxFormContent",
    "pf": "frmContactUsPrivacyTandC",
    "responsiveData": {
        "b1": {
            "centerX": {
                "type": "string",
                "value": ""
            },
            "isVisible": true,
            "left": {
                "type": "string",
                "value": "32dp"
            },
            "right": {
                "type": "string",
                "value": ""
            },
            "skin": "s24c92fc23b14f5484b693ee9b8a9b35",
            "width": {
                "type": "string",
                "value": "100%"
            }
        },
        "b3": {
            "height": {
                "type": "ref",
                "value": "preferred"
            }
        },
        "b4": {
            "left": {
                "type": "string",
                "value": "2.50%"
            },
            "right": {
                "type": "string",
                "value": "2.50%"
            },
            "top": {
                "type": "string",
                "value": "0dp"
            },
            "width": {
                "type": "string",
                "value": ""
            }
        }
    },
    "snapgridsize": 10,
    "snaptogrid": true,
    "wType": "FlexContainer",
    "widgetalignment": 1,
    "zindex": 1
}