{
    "DNDConfig": null,
    "_bottom_": {
        "type": "string",
        "value": "30dp"
    },
    "_height_": {
        "type": "ref",
        "value": "preferred"
    },
    "_left_": {
        "type": "number",
        "value": ""
    },
    "_margin_": [
        0,
        0,
        0,
        0
    ],
    "_orientation_": 6,
    "_padding_": [
        0,
        0,
        0,
        0
    ],
    "_percent_": true,
    "_skin_": "s9d634c8d71f49d283c6dbd243c743bb",
    "_top_": {
        "type": "string",
        "value": "0dp"
    },
    "_width_": {
        "type": "string",
        "value": "1200px"
    },
    "allboxes": [],
    "autogrowmode": 0,
    "canUpdateUI": true,
    "centerx": {
        "type": "string",
        "value": "52%"
    },
    "children": [
        "privacyPolicy",
        "flxContentPP"
    ],
    "clipbounds": false,
    "containerweight": 100,
    "controllerInfo": {
        "default": {
            "channel": "desktop",
            "name": "frmOnlineHelpController"
        }
    },
    "enablescrolling": true,
    "id": "flxPrivacyPolicy",
    "info": null,
    "isvisible": false,
    "kuid": "b9edd24b3f5640ecb798cefa85bfb20c",
    "layouttype": 2,
    "minheight": {
        "type": "number",
        "value": ""
    },
    "name": "kony.ui.FlexContainer",
    "parent": "flxMainContainer",
    "pf": "frmContactUsPrivacyTandC",
    "responsiveData": {
        "b1": {
            "centerX": {
                "type": "string",
                "value": "50%"
            },
            "height": {
                "type": "string",
                "value": "700dp"
            },
            "left": {
                "type": "string",
                "value": "6%"
            },
            "minHeight": {
                "type": "string",
                "value": "591dp"
            },
            "width": {
                "type": "string",
                "value": "1266dp"
            }
        },
        "b2": {
            "centerX": {
                "type": "string",
                "value": ""
            },
            "height": {
                "type": "string",
                "value": "700dp"
            },
            "left": {
                "type": "string",
                "value": "6%"
            },
            "minHeight": {
                "type": "string",
                "value": "591dp"
            },
            "width": {
                "type": "string",
                "value": "88.48%"
            }
        },
        "b3": {
            "centerX": {
                "type": "string",
                "value": "50%"
            },
            "minHeight": {
                "type": "string",
                "value": "679dp"
            },
            "width": {
                "type": "string",
                "value": "95%"
            }
        },
        "b4": {
            "bottom": {
                "type": "string",
                "value": "30px"
            },
            "centerX": {
                "type": "string",
                "value": "50%"
            },
            "height": {
                "type": "string",
                "value": "600dp"
            },
            "minHeight": {
                "type": "string",
                "value": "360dp"
            },
            "top": {
                "type": "string",
                "value": "30px"
            },
            "width": {
                "type": "string",
                "value": "100%"
            }
        }
    },
    "snapgridsize": 10,
    "snaptogrid": true,
    "wType": "FlexContainer",
    "widgetalignment": 1,
    "zindex": 2
}