{
    "DNDConfig": null,
    "__parentReadjusting__": false,
    "_bottom_": {
        "type": "string",
        "value": "1px"
    },
    "_height_": {
        "type": "number",
        "value": "1"
    },
    "_left_": {
        "type": "string",
        "value": "0dp"
    },
    "_margin_": [
        0,
        0,
        0,
        0
    ],
    "_orientation_": 6,
    "_padding_": [
        0,
        0,
        0,
        0
    ],
    "_percent_": true,
    "_skin_": "s7eea1452197407e9f10e3546bb83332",
    "_width_": {
        "type": "string",
        "value": "100%"
    },
    "allboxes": [],
    "canUpdateUI": true,
    "children": [],
    "clipbounds": true,
    "containerweight": 100,
    "enablescrolling": true,
    "id": "flxSeperatorPP",
    "info": null,
    "isvisible": true,
    "kuid": "bb1d7caa3d804b2c8b56a05520daacbf",
    "layouttype": 2,
    "name": "kony.ui.FlexContainer",
    "parent": "flxHeaderPP",
    "pf": "frmContactUsPrivacyTandC",
    "responsiveData": {
        "b1": {}
    },
    "snapgridsize": 10,
    "snaptogrid": true,
    "wType": "FlexContainer",
    "widgetalignment": 1,
    "zindex": 1
}