{
    "DNDConfig": null,
    "_bottom_": {
        "type": "string",
        "value": "30px"
    },
    "_height_": {
        "type": "ref",
        "value": "preferred"
    },
    "_left_": {
        "type": "number",
        "value": ""
    },
    "_margin_": [
        0,
        0,
        0,
        0
    ],
    "_orientation_": 6,
    "_padding_": [
        0,
        0,
        0,
        0
    ],
    "_percent_": true,
    "_right_": {
        "type": "number",
        "value": ""
    },
    "_skin_": "s9d634c8d71f49d283c6dbd243c743bb",
    "_top_": {
        "type": "string",
        "value": "0px"
    },
    "_width_": {
        "type": "string",
        "value": "1200px"
    },
    "allboxes": [],
    "autogrowmode": 0,
    "canUpdateUI": true,
    "centerx": {
        "type": "string",
        "value": "50%"
    },
    "children": [
        "termsAndConditions",
        "flxContent"
    ],
    "clipbounds": false,
    "containerweight": 100,
    "enablescrolling": true,
    "id": "flxTermsAndConditions",
    "info": null,
    "isvisible": false,
    "kuid": "a4b6c6e0042049a3b470bf8ca786f061",
    "layouttype": 2,
    "maxwidth": {
        "type": "number",
        "value": ""
    },
    "minheight": {
        "type": "string",
        "value": "500dp"
    },
    "name": "kony.ui.FlexContainer",
    "parent": "flxMainContainer",
    "pf": "frmContactUsPrivacyTandC",
    "responsiveData": {
        "b1": {
            "centerX": {
                "type": "string",
                "value": "50%"
            },
            "height": {
                "type": "string",
                "value": "870dp"
            },
            "isVisible": true,
            "left": {
                "type": "string",
                "value": "6%"
            },
            "maxWidth": {
                "type": "string",
                "value": "1200dp"
            },
            "minHeight": {
                "type": "string",
                "value": "591dp"
            },
            "right": {
                "type": "string",
                "value": "6%"
            },
            "skin": "s9d634c8d71f49d283c6dbd243c743bb",
            "width": {
                "type": "string",
                "value": "1266dp"
            }
        },
        "b2": {
            "centerX": {
                "type": "string",
                "value": ""
            },
            "height": {
                "type": "string",
                "value": "670dp"
            },
            "isVisible": false,
            "left": {
                "type": "string",
                "value": "6%"
            },
            "minHeight": {
                "type": "string",
                "value": "591dp"
            },
            "skin": "s9d634c8d71f49d283c6dbd243c743bb",
            "width": {
                "type": "string",
                "value": "88.40%"
            }
        },
        "b3": {
            "minHeight": {
                "type": "string",
                "value": "679dp"
            },
            "skin": "s9d634c8d71f49d283c6dbd243c743bb",
            "width": {
                "type": "string",
                "value": "95%"
            }
        },
        "b4": {
            "bottom": {
                "type": "string",
                "value": "10dp"
            },
            "height": {
                "type": "string",
                "value": "670dp"
            },
            "minHeight": {
                "type": "string",
                "value": "320dp"
            },
            "skin": "s92425f466754964b2123cbce2313ad6",
            "top": {
                "type": "string",
                "value": "20dp"
            },
            "width": {
                "type": "string",
                "value": "100%"
            }
        }
    },
    "snapgridsize": 10,
    "snaptogrid": true,
    "wType": "FlexContainer",
    "widgetalignment": 1,
    "zindex": 2
}