{
    "@class": "com.kony.gen.viz.model.container.KVizScrollFlexForm",
    "DNDConfig": null,
    "_margin_": [
        0,
        0,
        0,
        0
    ],
    "_orientation_": 1,
    "_padding_": [
        0,
        0,
        0,
        0
    ],
    "_percent_": true,
    "_skin_": "s2f58a140c5647b8a643edf5a6309600",
    "_title_": null,
    "addWidgetsdone": false,
    "allboxes": [],
    "android": {
        "psp": {
            "windowSoftInputMode": 2
        }
    },
    "breakpointInfo": {
        "b1": {
            "width": 1380
        },
        "b2": {
            "width": 1366
        },
        "b3": {
            "width": 1024
        },
        "b4": {
            "width": 640
        }
    },
    "canUpdateUI": true,
    "canvasWidth": 1400,
    "children": [
        "flxHeader",
        "flxFormContent",
        "flxPopup",
        "flxLoading",
        "flxLogout"
    ],
    "containerweight": 100,
    "controllerInfo": {
        "default": {
            "channel": "desktop",
            "name": "frmContactUsPrivacyTandCController"
        }
    },
    "currentBreakpoint": {
        "kuid": "b3",
        "width": 1024
    },
    "currentLocale": "default",
    "defaultunit": 3,
    "desktopweb": {
        "needAppMenu": false
    },
    "device": "desktopweb",
    "displayorientation": 1,
    "enabledforidletimeout": true,
    "friendlyName": "frmContactUsPrivacyTandC",
    "id": "frmContactUsPrivacyTandC",
    "ide_init": "AS_Form_bfee161e52bc4ec29b7d4c2bada7e891",
    "ide_onDeviceBack": "AS_Form_g3ed63b605504d3099f924681f621216",
    "ide_onTouchEnd": "AS_Form_d45ef6cec3f940f5a8116f4e21d2ca69",
    "ide_postShow": "AS_Form_dd0a31c1c5b146dcae49951586c4151b",
    "ide_preShow": "AS_Form_h25a0a7476d94d6386b82106f20b3af7",
    "info": null,
    "initdone": false,
    "inputaccessoryviewtype": 4,
    "ipad": {
        "psp": {
            "inputAccessoryViewType": 4
        }
    },
    "iphone": {
        "psp": {
            "inputAccessoryViewType": 4
        }
    },
    "isvisible": true,
    "kuid": "a665742336e34b1aa6a378735e4fffc7",
    "layouttype": 2,
    "name": "kony.ui.Form2",
    "needappmenu": true,
    "paddinginpixel": false,
    "platform": "desktopweb",
    "prevDevice": "desktopweb",
    "prevPlatform": "desktopweb",
    "responsiveData": {
        "b1": {
            "skin": "s2f58a140c5647b8a643edf5a6309600"
        },
        "b4": {
            "skin": "s2082e93050b4173b772b7667a6df964"
        }
    },
    "retainscrollposition": false,
    "shellCSS": "desktop",
    "snapgridsize": 10,
    "snaptogrid": true,
    "titleBarSkin": "s2e24ee0a8ca46b089d8a5bea8a1a32e",
    "titlebar": true,
    "type": 3,
    "vizProps": {
        "globalRespDesignEnabled": false
    },
    "wType": "Form"
}