{
    "@class": "com.kony.gen.viz.model.component.KVizImage2",
    "DNDConfig": null,
    "__parentReadjusting__": false,
    "_base64_": null,
    "_height_": {
        "type": "string",
        "value": "40dp"
    },
    "_left_": {
        "type": "string",
        "value": "20dp"
    },
    "_margin_": [
        0,
        0,
        0,
        0
    ],
    "_padding_": [
        0,
        0,
        0,
        0
    ],
    "_skin_": "s78a5f26c9f14cec9ebed1bb46098f80",
    "_src_": "error_yellow.png",
    "_width_": {
        "type": "string",
        "value": "40dp"
    },
    "accessibilityconfig": {
        "a11yARIA": {
            "tabindex": -1
        },
        "a11yHidden": true,
        "a11yValue": ""
    },
    "canUpdateUI": true,
    "centery": {
        "type": "string",
        "value": "47%"
    },
    "containerweight": 100,
    "context": {
        "channel": "desktop",
        "formID": "frmContactUsPrivacyTandC",
        "platform": "desktopweb",
        "templateType": "forms",
        "topLevelBox": null
    },
    "id": "imgDowntimeWarning",
    "imagescalemode": 1,
    "imagewhiledownloading": "img_transparent.png",
    "info": null,
    "invokedProperty": "src",
    "isvisible": true,
    "kuid": "cfb7018e5c7a493f885d90b5ed8c516d",
    "name": "kony.ui.Image2",
    "parent": "flxDowntimeWarning",
    "pf": "frmContactUsPrivacyTandC",
    "srcType": 1,
    "wType": "Image",
    "widgetalignment": 5,
    "zindex": 1
}