{
    "@class": "com.kony.gen.viz.model.component.KVizLabel",
    "DNDConfig": null,
    "_bottom_": {
        "type": "string",
        "value": "15dp"
    },
    "_height_": {
        "type": "string",
        "value": "25dp"
    },
    "_i18n_text_": "i18n.common.TnC",
    "_left_": {
        "type": "string",
        "value": "0%"
    },
    "_margin_": [
        1,
        1,
        1,
        1
    ],
    "_padding_": [
        0,
        0,
        0,
        0
    ],
    "_skin_": "s18d3552bc4143569a7c5aef6bd5eaa1",
    "_text_": "Contact Us",
    "_top_": {
        "type": "string",
        "value": "25dp"
    },
    "_width_": {
        "type": "ref",
        "value": "preferred"
    },
    "_wrapping_": 2,
    "accessibilityconfig": {
        "a11yLabel": "Contact Us"
    },
    "android": {
        "textStyle": {
            "letterSpacing": 0,
            "strikeThrough": false
        }
    },
    "canUpdateUI": true,
    "centerx": {
        "type": "number",
        "value": ""
    },
    "containerweight": 100,
    "contentalignment": 4,
    "id": "lblContentHeader",
    "info": null,
    "ipad": {
        "psp": {
            "wrapping": 2
        }
    },
    "iphone": {
        "psp": {
            "wrapping": 2
        }
    },
    "iscustomlayout": false,
    "isvisible": true,
    "kuid": "d5e10a21b68d4292bb1273db81a4ac2e",
    "name": "kony.ui.Label",
    "parent": "flxContentHeader",
    "pf": "frmContactUsPrivacyTandC",
    "responsiveData": {
        "b1": {
            "centerX": {
                "type": "string",
                "value": ""
            },
            "i18n_text": "i18n.common.TnC",
            "left": {
                "type": "string",
                "value": "10.70%"
            },
            "text": "Terms & Conditions",
            "top": {
                "type": "string",
                "value": ""
            },
            "width": {
                "type": "string",
                "value": "1200dp"
            }
        },
        "b2": {
            "top": {
                "type": "string",
                "value": ""
            }
        },
        "b3": {
            "left": {
                "type": "string",
                "value": "2.50%"
            },
            "top": {
                "type": "string",
                "value": ""
            }
        }
    },
    "retaincontentalignment": false,
    "retainflexpositionproperties": false,
    "texti18n": "i18n.common.TnC",
    "tooltip": "",
    "wType": "Label",
    "zindex": 2
}