{
    "@class": "com.kony.gen.viz.model.component.KVizUserWidget",
    "DNDConfig": null,
    "__parentReadjusting__": false,
    "_android_": {},
    "_androidwearos_": {},
    "_children_": [],
    "_desktopweb_": {},
    "_height_": {
        "type": "ref",
        "value": "preferred"
    },
    "_ipad_": {},
    "_iphone_": {},
    "_kiosk_": {},
    "_left_": {
        "type": "string",
        "value": "0%"
    },
    "_margin_": [
        0,
        0,
        0,
        0
    ],
    "_orientation_": 1,
    "_padding_": [
        0,
        0,
        0,
        0
    ],
    "_percent_": true,
    "_render_": true,
    "_responsiveData_": {
        "b1": {
            "centerX": {
                "type": "string",
                "value": "50%"
            },
            "width": {
                "type": "string",
                "value": "100%"
            }
        }
    },
    "_skin_": "s9d634c8d71f49d283c6dbd243c743bb",
    "_spa_": {},
    "_spaan_": {},
    "_spaandroidtablet_": {},
    "_spabb_": {},
    "_spaip_": {},
    "_spaipad_": {},
    "_spamobile_": {},
    "_spatablet_": {},
    "_spawindowstablet_": {},
    "_spawinphone8_": {},
    "_tabrcandroid_": {},
    "_top_": {
        "type": "string",
        "value": "0dp"
    },
    "_vizProps_": {
        "hidewidgethierarchy": false
    },
    "_width_": {
        "type": "string",
        "value": "100%"
    },
    "_windows10_": {},
    "_windows8_": {},
    "_winphone10_": {},
    "_winphone8_": {},
    "areflexpropsreferenced": false,
    "autogrowmode": 1,
    "canUpdateUI": true,
    "centerx": {
        "type": "number",
        "value": ""
    },
    "clipbounds": true,
    "containerweight": 0,
    "dataDiffs": {
        "flxBody": {
            "__events__": {},
            "__info__": {
                "kuid": "f95e5287f2634a1fb0f8aa5cd4d69451",
                "srcKUID": "j46c95361ed5482f84a09b4677cee65a",
                "wType": "FlexContainer"
            },
            "left": {
                "Default": {
                    "type": "string",
                    "value": "0%"
                }
            },
            "responsiveData": {}
        },
        "flxHeader": {
            "__events__": {},
            "__info__": {
                "kuid": "c9af3cfe21914437a8e3c5ad7221df22",
                "srcKUID": "ceb08c878304492f826d0e740472693b",
                "wType": "FlexContainer"
            },
            "left": {
                "Default": {
                    "type": "string",
                    "value": "0%"
                }
            },
            "responsiveData": {}
        },
        "flxScrollDetails": {
            "__events__": {},
            "__info__": {
                "kuid": "d38fd7391ed2413ab08f4fe3bb82a63a",
                "srcKUID": "e669b0f5c0f548cc90b630298b276dc8",
                "wType": "FlexScrollContainer"
            },
            "left": {
                "Default": {
                    "type": "string",
                    "value": "0%"
                }
            },
            "responsiveData": {}
        },
        "flxSeperator": {
            "__events__": {},
            "__info__": {
                "kuid": "de828c48cb9f4284bcc130c969ee2449",
                "srcKUID": "c32291bde4d44105af7683ec62096e8b",
                "wType": "FlexContainer"
            }
        },
        "flxSpacing": {
            "__events__": {},
            "__info__": {
                "kuid": "bdbde33d15eb40aeb72047544cb72b0b",
                "srcKUID": "i2bae4144bfa473abeff16ee8fe074ef",
                "wType": "FlexContainer"
            },
            "left": {
                "Default": {
                    "type": "string",
                    "value": "0%"
                }
            },
            "responsiveData": {}
        },
        "lblHeading": {
            "__events__": {},
            "__info__": {
                "kuid": "i34f97c7fb1f40c38fb3e54375f17740",
                "srcKUID": "e440b1f1dc3f4bc9b202f4854b76ff37",
                "wType": "Label"
            }
        },
        "privacyAndTAndC": {
            "__events__": {},
            "__info__": {
                "isRoot": true,
                "kuid": "g02093003ce141c4aa004ca02072b692",
                "srcKUID": "fd986d54b66e4472bc423e0c6e9f1a1b",
                "wType": "FlexContainer"
            },
            "centerX": {},
            "isVisible": false,
            "left": {
                "Default": {
                    "type": "string",
                    "value": "0%"
                }
            },
            "responsiveData": {
                "b1": {
                    "centerX": {
                        "type": "string",
                        "value": "50%"
                    },
                    "width": {
                        "type": "string",
                        "value": "100%"
                    }
                }
            },
            "width": {}
        },
        "rtxBody": {
            "__events__": {},
            "__info__": {
                "kuid": "ca99ec78e4cf4d8680898a25befbc758",
                "srcKUID": "ed4bc442b4c345de8752792edd8136c1",
                "wType": "RichText"
            }
        }
    },
    "id": "privacyPolicy",
    "info": null,
    "isdatareferenced": false,
    "issegmentchild": false,
    "isvisible": false,
    "kuid": "a8dced15c3d54a4b81cce76f1770967e",
    "layouttype": 4,
    "masterType": 0,
    "name": "kony.ui.UserWidgetInstance",
    "parent": "flxPrivacyPolicy",
    "pf": "frmContactUsPrivacyTandC",
    "snaptogrid": true,
    "sourceUserWidget": "fd986d54b66e4472bc423e0c6e9f1a1b",
    "vizprops": {
        "hidewidgethierarchy": false
    },
    "wType": "UserWidgetInstance"
}