{
    "@class": "com.kony.gen.viz.model.component.KVizRichText",
    "DNDConfig": null,
    "__parentReadjusting__": false,
    "_height_": {
        "type": "ref",
        "value": "preferred"
    },
    "_left_": {
        "type": "string",
        "value": "20dp"
    },
    "_margin_": [
        0,
        0,
        0,
        0
    ],
    "_padding_": [
        0,
        0,
        0,
        0
    ],
    "_skin_": "sf9eda51ff18423180d6643f182ca4b3",
    "_text_": "There is some error in the server.</br>\nWe could not complete your request.",
    "_width_": {
        "type": "string",
        "value": "85%"
    },
    "_wrapping_": 2,
    "accessibilityconfig": {
        "a11yLabel": "There is some error in the server.</br>\nWe could not complete your request."
    },
    "canUpdateUI": true,
    "centery": {
        "type": "string",
        "value": "50%"
    },
    "containerweight": 100,
    "contentalignment": 4,
    "id": "rtxDowntimeWarning",
    "info": null,
    "isvisible": true,
    "kuid": "a3d7a6ca138e46ed89fcb4dc4f3cfb7a",
    "name": "kony.ui.RichText",
    "parent": "flxDowntimeWarning",
    "pf": "frmContactUsPrivacyTandC",
    "responsiveData": {
        "b4": {
            "width": {
                "type": "string",
                "value": "82%"
            }
        }
    },
    "wType": "RichText",
    "widgetalignment": 5,
    "zindex": 1
}