{
    "@class": "com.kony.gen.viz.model.component.KVizUserWidget",
    "DNDConfig": null,
    "__parentReadjusting__": false,
    "_android_": {},
    "_androidwearos_": {},
    "_children_": [],
    "_desktopweb_": {},
    "_height_": {
        "type": "ref",
        "value": "preferred"
    },
    "_ipad_": {},
    "_iphone_": {},
    "_kiosk_": {},
    "_left_": {
        "type": "string",
        "value": "0%"
    },
    "_margin_": [
        0,
        0,
        0,
        0
    ],
    "_orientation_": 1,
    "_padding_": [
        0,
        0,
        0,
        0
    ],
    "_percent_": true,
    "_render_": true,
    "_responsiveData_": {},
    "_skin_": "s24c92fc23b14f5484b693ee9b8a9b35",
    "_spa_": {},
    "_spaan_": {},
    "_spaandroidtablet_": {},
    "_spabb_": {},
    "_spaip_": {},
    "_spaipad_": {},
    "_spamobile_": {},
    "_spatablet_": {},
    "_spawindowstablet_": {},
    "_spawinphone8_": {},
    "_tabrcandroid_": {},
    "_top_": {
        "type": "string",
        "value": "0dp"
    },
    "_vizProps_": {
        "hidewidgethierarchy": false
    },
    "_width_": {
        "type": "string",
        "value": "100%"
    },
    "_windows10_": {},
    "_windows8_": {},
    "_winphone10_": {},
    "_winphone8_": {},
    "areflexpropsreferenced": false,
    "autogrowmode": 1,
    "canUpdateUI": true,
    "clipbounds": true,
    "containerweight": 0,
    "dataDiffs": {
        "flxBody": {
            "__events__": {},
            "__info__": {
                "kuid": "f9d52c192da6425d8b4b2594d9b93b11",
                "srcKUID": "j46c95361ed5482f84a09b4677cee65a",
                "wType": "FlexContainer"
            },
            "left": {
                "Default": {
                    "type": "string",
                    "value": "0%"
                }
            },
            "responsiveData": {}
        },
        "flxHeader": {
            "__events__": {},
            "__info__": {
                "kuid": "c62fe62f37c946d3852cc9b4426a8b99",
                "srcKUID": "ceb08c878304492f826d0e740472693b",
                "wType": "FlexContainer"
            },
            "left": {
                "Default": {
                    "type": "string",
                    "value": "0%"
                }
            },
            "responsiveData": {}
        },
        "flxScrollDetails": {
            "__events__": {},
            "__info__": {
                "kuid": "e43f9e70977348e289fcd97caa91394e",
                "srcKUID": "e669b0f5c0f548cc90b630298b276dc8",
                "wType": "FlexScrollContainer"
            },
            "left": {
                "Default": {
                    "type": "string",
                    "value": "0%"
                }
            },
            "responsiveData": {}
        },
        "flxSeperator": {
            "__events__": {},
            "__info__": {
                "kuid": "d21f70ed224c44d4a6f5e5a3fc9be9e5",
                "srcKUID": "c32291bde4d44105af7683ec62096e8b",
                "wType": "FlexContainer"
            }
        },
        "flxSpacing": {
            "__events__": {},
            "__info__": {
                "kuid": "d572c8845ca84d52a24efe51315a51f7",
                "srcKUID": "i2bae4144bfa473abeff16ee8fe074ef",
                "wType": "FlexContainer"
            },
            "left": {
                "Default": {
                    "type": "string",
                    "value": "0%"
                }
            },
            "responsiveData": {}
        },
        "lblHeading": {
            "__events__": {},
            "__info__": {
                "kuid": "bdfeecfc8efb419092b3b15c047a9da6",
                "srcKUID": "e440b1f1dc3f4bc9b202f4854b76ff37",
                "wType": "Label"
            }
        },
        "privacyAndTAndC": {
            "__events__": {},
            "__info__": {
                "isRoot": true,
                "kuid": "b5fb45a3256c43ccaeef34570b772b6a",
                "srcKUID": "fd986d54b66e4472bc423e0c6e9f1a1b",
                "wType": "FlexContainer"
            },
            "isVisible": false,
            "left": {
                "Default": {
                    "type": "string",
                    "value": "0%"
                }
            },
            "responsiveData": {}
        },
        "rtxBody": {
            "__events__": {},
            "__info__": {
                "kuid": "a06328762b084431b388708798b770be",
                "srcKUID": "ed4bc442b4c345de8752792edd8136c1",
                "wType": "RichText"
            }
        }
    },
    "id": "termsAndConditions",
    "info": null,
    "isdatareferenced": false,
    "isvisible": false,
    "kuid": "fc154acc94a747aebea4914d1f91160d",
    "layouttype": 4,
    "masterType": 0,
    "name": "kony.ui.UserWidgetInstance",
    "parent": "flxTermsAndConditions",
    "pf": "frmContactUsPrivacyTandC",
    "snaptogrid": true,
    "sourceUserWidget": "fd986d54b66e4472bc423e0c6e9f1a1b",
    "vizprops": {
        "hidewidgethierarchy": false
    },
    "wType": "UserWidgetInstance"
}