{
    "@class": "com.kony.gen.viz.model.component.KVizUserWidget",
    "DNDConfig": null,
    "_children_": [],
    "_height_": {
        "type": "string",
        "value": "410dp"
    },
    "_left_": "0dp",
    "_margin_": [
        0,
        0,
        0,
        0
    ],
    "_orientation_": 1,
    "_padding_": [
        0,
        0,
        0,
        0
    ],
    "_percent_": true,
    "_render_": true,
    "_skin_": "sf052fd82d224fc1a020a88977067dd5",
    "_top_": "0dp",
    "_width_": {
        "type": "string",
        "value": "100%"
    },
    "areflexpropsreferenced": false,
    "canUpdateUI": true,
    "clipbounds": true,
    "containerweight": 0,
    "dataDiffs": {
        "ImgAcknowledged": {
            "__events__": {},
            "__info__": {
                "kuid": "eaa9e3319b6c4e3baa34f183a3177c4d",
                "srcKUID": "eb0588a28ee74d2db420d16593d840c1",
                "wType": "Image"
            },
            "height": {},
            "responsiveData": {
                "b3": {
                    "height": {
                        "type": "string",
                        "value": "58dp"
                    },
                    "top": {
                        "type": "string",
                        "value": "110dp"
                    },
                    "width": {
                        "type": "string",
                        "value": "58dp"
                    }
                },
                "b4": {
                    "top": {
                        "type": "string",
                        "value": "140dp"
                    }
                }
            },
            "src": "success_green.png",
            "top": {
                "Default": {
                    "type": "string",
                    "value": "136dp"
                }
            },
            "width": {}
        },
        "acknowledgment": {
            "__events__": {},
            "__info__": {
                "isRoot": true,
                "kuid": "a904ac44a6cf49a2a2df9ea592ae8ba0",
                "srcKUID": "e66479ce61324162b247b2564cfb6ad3",
                "wType": "FlexContainer"
            }
        },
        "confirmHeaders": {
            "__events__": {},
            "__info__": {
                "kuid": "b9f78c03fa554c9e87f28d88d8531604",
                "srcKUID": "dc738b61741c430da2770f1479c13b42",
                "wType": "UserWidgetInstance"
            },
            "autogrowMode": {
                "Default": 0
            },
            "height": {},
            "responsiveData": {
                "b3": {
                    "height": {
                        "type": "string",
                        "value": "40dp"
                    }
                },
                "b4": {
                    "height": {
                        "type": "string",
                        "value": "60dp"
                    }
                }
            }
        },
        "confirmHeaders.flxHeader": {
            "__events__": {},
            "__info__": {
                "kuid": "e39cf72c18b748d7993359f01d8a0f5f",
                "srcKUID": "b4fcbc13cd22469390c813039fd64585",
                "wType": "FlexContainer"
            },
            "autogrowMode": {
                "Default": 0
            },
            "height": {},
            "responsiveData": {
                "b3": {
                    "height": {
                        "type": "string",
                        "value": "40dp"
                    }
                },
                "b4": {
                    "height": {
                        "type": "string",
                        "value": "60dp"
                    }
                }
            }
        },
        "confirmHeaders.lblHeading": {
            "__events__": {},
            "__info__": {
                "kuid": "f8b11f2af72d4ee0a1262b1486415cbb",
                "srcKUID": "da0fd6105f1042b69cc2a78624f17d3b",
                "wType": "Label"
            },
            "left": {
                "Default": {
                    "type": "string",
                    "value": "5%"
                }
            },
            "responsiveData": {
                "b3": {
                    "left": {
                        "type": "string",
                        "value": "10dp"
                    },
                    "top": {
                        "type": "string",
                        "value": ""
                    }
                },
                "b4": {
                    "left": {
                        "type": "string",
                        "value": "2.10%"
                    }
                }
            },
            "top": {}
        },
        "flxSeperator": {
            "__events__": {},
            "__info__": {
                "kuid": "d73b62f8f7944fa4b2290b525b6cd0db",
                "srcKUID": "d763320bf5f14ecd9c3d6db04875523a",
                "wType": "FlexContainer"
            },
            "responsiveData": {
                "b3": {
                    "top": {
                        "type": "string",
                        "value": "40px"
                    }
                }
            },
            "top": {}
        },
        "flxTakeSurvey": {
            "__events__": {},
            "__info__": {
                "kuid": "a6eeff45698c45378eb4b4b042d87443",
                "srcKUID": "e4a184a33b68457284fc670871a06436",
                "wType": "FlexContainer"
            }
        },
        "lblRefrenceNumber": {
            "__events__": {},
            "__info__": {
                "kuid": "ee8fe668c9384db49a3a6ab9e198b22d",
                "srcKUID": "b663f2a2e8934a5f9c7cb35008aab8f8",
                "wType": "Label"
            },
            "i18n_text": "i18n.CustomerFeedback.WoulduLikeToTakeATwoMinuteSurvey",
            "top": {
                "Default": {
                    "type": "string",
                    "value": "224dp"
                }
            }
        },
        "lblRefrenceNumberValue": {
            "__events__": {},
            "__info__": {
                "kuid": "hdbb8add911540228a30b3c361d07b11",
                "srcKUID": "e5bd612a69a745f8b808b279d6a78ad1",
                "wType": "Label"
            },
            "top": {
                "Default": {
                    "type": "string",
                    "value": "330dp"
                }
            }
        },
        "lblTakeSurvey": {
            "__events__": {},
            "__info__": {
                "kuid": "f026bf565ce94d4e997936d4ec8b4989",
                "srcKUID": "c8cea539aff2491cb8101a07daf7ef59",
                "wType": "Label"
            }
        },
        "lblTransactionMessage": {
            "__events__": {},
            "__info__": {
                "kuid": "b9663141ceaa4d17965eab819d525d16",
                "srcKUID": "bf5b9bd1e2524779a1925f823f6f74a1",
                "wType": "Label"
            },
            "i18n_text": "i18n.CustomerFeedback.ThankuForSubmittingYourFeedback",
            "responsiveData": {
                "b3": {
                    "top": {
                        "type": "string",
                        "value": "47px"
                    }
                },
                "b4": {
                    "width": {
                        "type": "string",
                        "value": "100%"
                    }
                }
            },
            "top": {
                "Default": {
                    "type": "string",
                    "value": "90px"
                }
            },
            "width": {}
        }
    },
    "id": "acknowledgment",
    "info": null,
    "isdatareferenced": false,
    "issegmentchild": false,
    "isvisible": true,
    "kuid": "c7874aae58594c2c80ee38c7b34ad43f",
    "layouttype": 2,
    "masterType": 0,
    "name": "kony.ui.UserWidgetInstance",
    "parent": "flxAcknowledgementMain",
    "pf": "frmCustomerFeedbackSurvey",
    "snaptogrid": true,
    "sourceUserWidget": "e66479ce61324162b247b2564cfb6ad3",
    "vizprops": {
        "hidewidgethierarchy": false
    },
    "wType": "UserWidgetInstance"
}