{
    "@class": "com.kony.gen.viz.model.component.KVizButton",
    "DNDConfig": null,
    "_bottom_": {
        "type": "number",
        "value": ""
    },
    "_height_": {
        "type": "string",
        "value": "50dp"
    },
    "_left_": {
        "type": "string",
        "value": "72.91%"
    },
    "_margin_": [
        6,
        6,
        6,
        6
    ],
    "_padding_": [
        0,
        0,
        0,
        0
    ],
    "_right_": {
        "type": "number",
        "value": ""
    },
    "_skin_": "sfbbba35ede4457b94eb681b72349b98",
    "_text_": "Button",
    "_top_": {
        "type": "string",
        "value": "516dp"
    },
    "_width_": {
        "type": "string",
        "value": "20.90%"
    },
    "accessibilityconfig": {},
    "canUpdateUI": true,
    "containerweight": 100,
    "contentalignment": 5,
    "desktopweb": {
        "psp": {
            "hoverSkin": "s81054b5e2b74f17a5261991df565427"
        }
    },
    "disabledSkins": {},
    "displaytext": true,
    "focusskin": "s5a4f67acd3e47b9be6d6910a7a6686f",
    "id": "btnAddAnotherAccount",
    "info": null,
    "isvisible": true,
    "kuid": "h0ffff06280c41c1850da76fffd2a7f9",
    "name": "kony.ui.Button",
    "parent": "flxAcknowledgementContainer",
    "pf": "frmCustomerFeedbackSurvey",
    "responsiveData": {
        "b2": {},
        "b3": {
            "bottom": {
                "type": "string",
                "value": "20dp"
            },
            "left": {
                "type": "string",
                "value": "10dp"
            },
            "right": {
                "type": "string",
                "value": "10dp"
            },
            "top": {
                "type": "string",
                "value": "865dp"
            },
            "width": {
                "type": "string",
                "value": ""
            }
        }
    },
    "tooltip": "DONE",
    "wType": "Button",
    "zindex": 1
}