{
    "@class": "com.kony.gen.viz.model.component.KVizButton",
    "DNDConfig": null,
    "_height_": {
        "type": "string",
        "value": "50dp"
    },
    "_left_": {
        "type": "number",
        "value": ""
    },
    "_margin_": [
        6,
        6,
        6,
        6
    ],
    "_padding_": [
        0,
        0,
        0,
        0
    ],
    "_right_": {
        "type": "string",
        "value": "2.70%"
    },
    "_skin_": "s81054b5e2b74f17a5261991df565427",
    "_text_": "Button",
    "_top_": {
        "type": "string",
        "value": "30dp"
    },
    "_width_": {
        "type": "string",
        "value": "24%"
    },
    "accessibilityconfig": {},
    "canUpdateUI": true,
    "containerweight": 100,
    "contentalignment": 5,
    "desktopweb": {
        "psp": {
            "hoverSkin": "s81054b5e2b74f17a5261991df565427"
        }
    },
    "disabledSkins": {},
    "displaytext": true,
    "focusskin": "s5a4f67acd3e47b9be6d6910a7a6686f",
    "id": "btnDone",
    "ide_onClick": "AS_Button_j912d2860bbd4e7ebac09789ccdd101c",
    "info": null,
    "isvisible": true,
    "kuid": "a04db37ca6a44f47aa49ec4d1aa4afec",
    "name": "kony.ui.Button",
    "parent": "flxButtons",
    "pf": "frmCustomerFeedbackSurvey",
    "responsiveData": {
        "b1": {
            "height": {
                "type": "string",
                "value": "40dp"
            },
            "skin": "s81054b5e2b74f17a5261991df565427",
            "width": {
                "type": "string",
                "value": "147dp"
            }
        },
        "b2": {
            "height": {
                "type": "string",
                "value": "40dp"
            },
            "skin": "s81054b5e2b74f17a5261991df565427",
            "width": {
                "type": "string",
                "value": "150dp"
            }
        },
        "b3": {
            "height": {
                "type": "string",
                "value": "40dp"
            },
            "left": {
                "type": "string",
                "value": "10dp"
            },
            "right": {
                "type": "string",
                "value": "10dp"
            },
            "skin": "sfbbba35ede4457b94eb681b72349b98",
            "width": {
                "type": "string",
                "value": ""
            }
        },
        "b4": {
            "height": {
                "type": "string",
                "value": "40dp"
            },
            "skin": "sfbbba35ede4457b94eb681b72349b98",
            "width": {
                "type": "string",
                "value": "40%"
            }
        }
    },
    "texti18n": "i18n.ProfileManagement.Done",
    "tooltip": "Done",
    "wType": "Button",
    "zindex": 1
}