{
    "@class": "com.kony.gen.viz.model.component.KVizButton",
    "DNDConfig": null,
    "_height_": {
        "type": "string",
        "value": "50dp"
    },
    "_left_": {
        "type": "string",
        "value": "280dp"
    },
    "_margin_": [
        6,
        6,
        6,
        6
    ],
    "_padding_": [
        0,
        0,
        0,
        0
    ],
    "_skin_": "s6db41f7ed1b4bb6868f3a50f8d86c36",
    "_text_": "Skip to Main Content",
    "_top_": {
        "type": "string",
        "value": "10dp"
    },
    "_width_": {
        "type": "ref",
        "value": "preferred"
    },
    "canUpdateUI": true,
    "containerweight": 100,
    "contentalignment": 5,
    "disabledSkins": {
        "focusSkin": "s1e3039c108346e58e4f888cfb6386a0"
    },
    "displaytext": true,
    "id": "btnSkip",
    "info": null,
    "iscustomlayout": false,
    "isvisible": true,
    "kuid": "d0d9e3131d0845909559698228498e29",
    "name": "kony.ui.Button",
    "parent": "flxMainHeader",
    "pf": "frmCustomerFeedbackSurvey",
    "responsiveData": {
        "b3": {
            "isVisible": false
        }
    },
    "retaincontentalignment": false,
    "retainflexpositionproperties": false,
    "wType": "Button"
}