{
    "@class": "com.kony.gen.viz.model.component.KVizUserWidget",
    "DNDConfig": null,
    "_children_": [],
    "_height_": {
        "type": "string",
        "value": "60dp"
    },
    "_left_": {
        "type": "string",
        "value": "0dp"
    },
    "_margin_": [
        0,
        0,
        0,
        0
    ],
    "_orientation_": 1,
    "_padding_": [
        0,
        0,
        0,
        0
    ],
    "_percent_": true,
    "_render_": true,
    "_skin_": "s576844bc0e148a9a02e6171eac305ac",
    "_top_": {
        "type": "string",
        "value": "0dp"
    },
    "_width_": {
        "type": "string",
        "value": "100%"
    },
    "areflexpropsreferenced": false,
    "canUpdateUI": true,
    "clipbounds": true,
    "containerweight": 0,
    "dataDiffs": {
        "confirmHeaders": {
            "__events__": {},
            "__info__": {
                "isRoot": true,
                "kuid": "ec232c5a05164e0aad81e3e652f41876",
                "srcKUID": "bfa374b04e3743cf981eb31d77ebf746",
                "wType": "FlexContainer"
            },
            "autogrowMode": {
                "Default": 0
            },
            "height": {},
            "left": {
                "Default": {
                    "type": "string",
                    "value": "0dp"
                }
            },
            "responsiveData": {
                "b4": {
                    "height": {
                        "type": "string",
                        "value": "40dp"
                    }
                }
            },
            "top": {
                "Default": {
                    "type": "string",
                    "value": "0dp"
                }
            },
            "zIndex": {
                "Default": 1
            }
        },
        "flxHeader": {
            "__events__": {},
            "__info__": {
                "kuid": "i7e61959482641568c67448c76ae848d",
                "srcKUID": "ge4b975c1527467a9bc1b610e3dcf02e",
                "wType": "FlexContainer"
            },
            "autogrowMode": {
                "Default": 0
            },
            "height": {},
            "responsiveData": {
                "b4": {
                    "height": {
                        "type": "string",
                        "value": "40dp"
                    }
                }
            }
        },
        "lblHeading": {
            "__events__": {},
            "__info__": {
                "kuid": "f02636a695ba408bb64547747f8d6203",
                "srcKUID": "e48654a7e4ae4428b39557093fea9b39",
                "wType": "Label"
            },
            "i18n_text": "i18n.CustomerFeedback.FeedbackDetails",
            "left": {
                "Default": {
                    "type": "string",
                    "value": "2.10%"
                }
            }
        }
    },
    "id": "confirmHeaders",
    "info": null,
    "isdatareferenced": false,
    "isvisible": true,
    "kuid": "affae5fd26a04ef3b69c923b30d84535",
    "layouttype": 2,
    "masterType": 0,
    "name": "kony.ui.UserWidgetInstance",
    "parent": "flxFeedbackDetails",
    "pf": "frmCustomerFeedbackSurvey",
    "snaptogrid": true,
    "sourceUserWidget": "bfa374b04e3743cf981eb31d77ebf746",
    "vizprops": {
        "hidewidgethierarchy": false
    },
    "wType": "UserWidgetInstance",
    "zindex": 1
}