{
    "@class": "com.kony.gen.viz.model.component.KVizUserWidget",
    "DNDConfig": null,
    "_children_": [],
    "_height_": {
        "type": "string",
        "value": "121dp"
    },
    "_left_": {
        "type": "string",
        "value": "0dp"
    },
    "_margin_": [
        0,
        0,
        0,
        0
    ],
    "_orientation_": 1,
    "_padding_": [
        0,
        0,
        0,
        0
    ],
    "_percent_": true,
    "_render_": true,
    "_skin_": "s24c92fc23b14f5484b693ee9b8a9b35",
    "_top_": {
        "type": "string",
        "value": "0dp"
    },
    "_width_": {
        "type": "string",
        "value": "100%"
    },
    "android": {},
    "androidwearos": {},
    "areflexpropsreferenced": false,
    "canUpdateUI": true,
    "clipbounds": false,
    "containerweight": 0,
    "dataDiffs": {
        "CopyflxUserDetails0b35eb5be884043": {
            "__events__": {},
            "__info__": {
                "kuid": "d082b2e237c0486eacdda3a4b00c9366",
                "srcKUID": "b692716bd51e422ead7f111a1bfbe5cb",
                "wType": "FlexContainer"
            }
        },
        "CopyflxVerticalSeperator0b961fc23108f4b": {
            "__events__": {},
            "__info__": {
                "kuid": "f84c1dd5a6c543f6831cde11e5fd63b0",
                "srcKUID": "b6e0434c2f904010bfff7590777daf67",
                "wType": "FlexContainer"
            }
        },
        "CopyflxVerticalSeperator0dbd20466efa64b": {
            "__events__": {},
            "__info__": {
                "kuid": "h85f9836a71a4455955303c7bd08d039",
                "srcKUID": "d06f368d0065481d81dc512212fd2b95",
                "wType": "FlexContainer"
            }
        },
        "CopyimgToolTip0i580d9acc07c42": {
            "__events__": {},
            "__info__": {
                "kuid": "d95b8140fb3f4b6aaab9e44823db59b1",
                "srcKUID": "f5065fdfa2d0406bb7fafd4073fe33c5",
                "wType": "Image"
            }
        },
        "FlexContainer0e2898aa93bca45": {
            "__events__": {},
            "__info__": {
                "kuid": "fbf01b636f6446e69f430327fbc48f78",
                "srcKUID": "f85d68fc07dd44c2938e507df0fe87fc",
                "wType": "FlexContainer"
            },
            "autogrowMode": {
                "Default": 0
            },
            "height": {},
            "responsiveData": {
                "b2": {
                    "width": {
                        "type": "string",
                        "value": "100%"
                    }
                },
                "b3": {
                    "height": {
                        "type": "string",
                        "value": "50px"
                    },
                    "isVisible": true,
                    "width": {
                        "type": "string",
                        "value": "100%"
                    }
                },
                "b4": {
                    "width": {
                        "type": "string",
                        "value": "100%"
                    }
                }
            },
            "width": {}
        },
        "FlexContainer0ed2389df69044b": {
            "__events__": {},
            "__info__": {
                "kuid": "ef61ffd13e094ed4a35a20cc8a5910d0",
                "srcKUID": "d4ff74890f3b45428cab934f27aa658f",
                "wType": "FlexContainer"
            }
        },
        "customhamburger": {
            "__events__": {},
            "__info__": {
                "kuid": "cb9ef42350cd4c718a59083d85ffed34",
                "srcKUID": "dea66199c9fd433fab636de553a6116f",
                "wType": "UserWidgetInstance"
            }
        },
        "customhamburger.CopyFlexContainer0f46534a0a94e41": {
            "__events__": {},
            "__info__": {
                "kuid": "b22c4f8b69544aea8d05c3f1ad897b5d",
                "srcKUID": "ba7b5440b44f4e7a88be10a58c83104e",
                "wType": "FlexContainer"
            }
        },
        "customhamburger.CopyflxSeperator0dfcbfe80de1946": {
            "__events__": {},
            "__info__": {
                "kuid": "g74213135a3747bc9dd81a1a2e0d7ac5",
                "srcKUID": "ec5e9cdda1b4473aa156d59730730f65",
                "wType": "FlexContainer"
            }
        },
        "customhamburger.FlexContainer0a82014659b0e48": {
            "__events__": {},
            "__info__": {
                "kuid": "i7c2eeea20274641b1c0d1bf13d4199e",
                "srcKUID": "h7ad82c8fb9b437486ad6c4d49320ce2",
                "wType": "FlexContainer"
            }
        },
        "customhamburger.flxAccountsCollapse": {
            "__events__": {},
            "__info__": {
                "kuid": "e99759daf8b3429387c09a240f4369a8",
                "srcKUID": "e0af0f6ab9614020b7fc5e89406a63dc",
                "wType": "FlexContainer"
            }
        },
        "customhamburger.flxAccountsMenu": {
            "__events__": {},
            "__info__": {
                "kuid": "e2b8114f0a994be18f142f277c245c1b",
                "srcKUID": "cf43ccc491384cce8e692bf0c7b73f90",
                "wType": "FlexContainer"
            }
        },
        "customhamburger.flxAccountsSubMenu": {
            "__events__": {},
            "__info__": {
                "kuid": "a37e99cd6fd946a2847e5a8dc728d4b1",
                "srcKUID": "dc00eecfa1d34328ba4230f17db49066",
                "wType": "FlexContainer"
            }
        },
        "customhamburger.flxClose": {
            "__events__": {},
            "__info__": {
                "kuid": "a28630404c5d44b59df72fa50b578507",
                "srcKUID": "c66fd7f3bd2c4e6e8f7bd01e6287550e",
                "wType": "FlexContainer"
            }
        },
        "customhamburger.flxHamburgerHeader": {
            "__events__": {},
            "__info__": {
                "kuid": "dfd5da8ffe114b18b3ed0ee72cc5758b",
                "srcKUID": "h465700017fe4781975045dab9ed41c5",
                "wType": "FlexContainer"
            }
        },
        "customhamburger.flxLogout": {
            "__events__": {},
            "__info__": {
                "kuid": "c3b8b7279c79449fbd7dbc4f5e806887",
                "srcKUID": "c9904c20e8a5464285e846a22514783d",
                "wType": "FlexContainer"
            }
        },
        "customhamburger.flxMenu": {
            "__events__": {},
            "__info__": {
                "kuid": "ha80d6779bdf45dab3500497fefcaa8b",
                "srcKUID": "i1c684442e854218bc2c08f78c55f971",
                "wType": "FlexContainer"
            }
        },
        "customhamburger.flxMenuWrapper": {
            "__events__": {},
            "__info__": {
                "kuid": "gdef6896597b47e78a95ac69eeaddcf5",
                "srcKUID": "ad010d1f868d49eea330fb84586cbd46",
                "wType": "FlexScrollContainer"
            },
            "responsiveData": {
                "b3": {
                    "isVisible": true
                }
            }
        },
        "customhamburger.flxMyAccounts": {
            "__events__": {},
            "__info__": {
                "kuid": "f98561cb59de4ba390232982126abb0f",
                "srcKUID": "f7379b95da4148de8bad2885b68ce3c6",
                "wType": "FlexContainer"
            }
        },
        "customhamburger.flxSeperator16": {
            "__events__": {},
            "__info__": {
                "kuid": "d1bba93668bd4181ba21b13a734458c1",
                "srcKUID": "if0c694e156a4703b7545e789492c020",
                "wType": "FlexContainer"
            }
        },
        "customhamburger.imgClose": {
            "__events__": {},
            "__info__": {
                "kuid": "jd56a22a87324bbc8d08d5546f5c505c",
                "srcKUID": "b16e44ed01844172894d7476bf054a4e",
                "wType": "Image"
            },
            "src": "menu_close_white.png"
        },
        "customhamburger.imgCollapseAccounts": {
            "__events__": {},
            "__info__": {
                "kuid": "a8e28537b34f4fb2b2ce0aa7cea4b342",
                "srcKUID": "cc9717fdf0ce469aa167f4b79dc1f439",
                "wType": "Image"
            },
            "src": "arrow_down.png"
        },
        "customhamburger.imgKony": {
            "__events__": {},
            "__info__": {
                "kuid": "aaff3a22803242d1bf2539f3de128452",
                "srcKUID": "e51c8a8198184739b48a18c3fbc65273",
                "wType": "Image"
            },
            "src": "kony_logo_white.png"
        },
        "customhamburger.imgLogout": {
            "__events__": {},
            "__info__": {
                "kuid": "c7c892d07f7f44bbb566ef98c5633810",
                "srcKUID": "g8c77dbeed3b43038e912f34fbe614fd",
                "wType": "Image"
            },
            "src": "menu_logout.png"
        },
        "customhamburger.lbfonticonlLogout": {
            "__events__": {},
            "__info__": {
                "kuid": "b8c996615fee44e2bd85c3c43b14e85a",
                "srcKUID": "cbdcdc5074da426f9d8d67372468d417",
                "wType": "Label"
            }
        },
        "customhamburger.lblAccounts": {
            "__events__": {},
            "__info__": {
                "kuid": "j33b00ea46444ca08158e569ec9b25bc",
                "srcKUID": "aed697189cee47098907b5f830c7134b",
                "wType": "Label"
            }
        },
        "customhamburger.lblImgAccounts": {
            "__events__": {},
            "__info__": {
                "kuid": "b9df83fb92bc4c61aacb8a56733bc719",
                "srcKUID": "j1310b4359bd4b55a330313f954c89f4",
                "wType": "Label"
            }
        },
        "customhamburger.lblLogout": {
            "__events__": {},
            "__info__": {
                "kuid": "dece58b353d240ddb73c33130eda2dfe",
                "srcKUID": "h4feb1ebd1d844adbbb270e5f22582cd",
                "wType": "Label"
            }
        },
        "customhamburger.lblMyAccounts": {
            "__events__": {},
            "__info__": {
                "kuid": "c535f581e1f648ff8c64b9f54f064855",
                "srcKUID": "a202b406f5f04a1698b17c9f0f9e1694",
                "wType": "Label"
            }
        },
        "customheader": {
            "__events__": {},
            "__info__": {
                "isRoot": true,
                "kuid": "c762f9b6ae704d5bb1e274d48034e78c",
                "srcKUID": "c04bbf50611342ca895c5e0a329aeb52",
                "wType": "FlexContainer"
            },
            "autogrowMode": {
                "Default": 0
            },
            "height": {},
            "left": {},
            "minWidth": {},
            "responsiveData": {
                "b1": {
                    "top": {
                        "type": "string",
                        "value": "0dp"
                    }
                },
                "b2": {
                    "top": {
                        "type": "string",
                        "value": "0dp"
                    }
                },
                "b3": {
                    "height": {
                        "type": "string",
                        "value": "50px"
                    },
                    "isVisible": true,
                    "left": {
                        "type": "string",
                        "value": "0dp"
                    },
                    "top": {
                        "type": "string",
                        "value": "0dp"
                    }
                },
                "b4": {
                    "minWidth": {
                        "type": "string",
                        "value": ""
                    },
                    "top": {
                        "type": "string",
                        "value": "0dp"
                    },
                    "width": {
                        "type": "string",
                        "value": "100%"
                    }
                }
            },
            "top": {},
            "width": {},
            "zIndex": {
                "Default": 1000
            }
        },
        "flxAccountTypesSegment": {
            "__events__": {},
            "__info__": {
                "kuid": "eb537d16183c4ad3a6339ea1367f1b0d",
                "srcKUID": "d431114047984f3ba84cf9829500caf5",
                "wType": "FlexContainer"
            }
        },
        "flxBottomBlue": {
            "__events__": {},
            "__info__": {
                "kuid": "a7452709c67140df90779b727ea48935",
                "srcKUID": "a3c7c667e8bb4a0da597ebde4b02694b",
                "wType": "FlexContainer"
            },
            "responsiveData": {
                "b3": {
                    "isVisible": false
                }
            }
        },
        "flxBottomContainer": {
            "__events__": {},
            "__info__": {
                "kuid": "f983f69e7b1d42e4925812c3ae14cf9e",
                "srcKUID": "h9bdf039c3f54878b18ff66171c8c6c6",
                "wType": "FlexContainer"
            },
            "autogrowMode": {
                "Default": 0
            },
            "height": {},
            "responsiveData": {
                "b3": {
                    "height": {
                        "type": "string",
                        "value": "50dp"
                    }
                }
            }
        },
        "flxHamburger": {
            "__events__": {},
            "__info__": {
                "kuid": "f8956cffedb94c34b9363beddd8c88c6",
                "srcKUID": "f04c6e11e7da43b49dd181b8b47d93c4",
                "wType": "FlexContainer"
            },
            "left": {
                "Default": {
                    "type": "string",
                    "value": "-35%"
                }
            },
            "responsiveData": {
                "b3": {}
            },
            "width": {
                "Default": {
                    "type": "string",
                    "value": "35%"
                }
            },
            "zIndex": {
                "Default": 900
            }
        },
        "flxHamburgerBack": {
            "__events__": {},
            "__info__": {
                "kuid": "ic71344d6f934233917ade3a35091501",
                "srcKUID": "d74ea43244984beda96f3fdfd7e1de6b",
                "wType": "FlexContainer"
            }
        },
        "flxSeperatorHor2": {
            "__events__": {},
            "__info__": {
                "kuid": "eb7a7892680e4279a2c850b50cfca4b3",
                "srcKUID": "hadeefb9ccf84d75b58e19e7a860af8f",
                "wType": "FlexContainer"
            },
            "responsiveData": {
                "b3": {
                    "top": {
                        "type": "string",
                        "value": "50dp"
                    }
                }
            },
            "top": {}
        },
        "flxTopmenu": {
            "__events__": {},
            "__info__": {
                "kuid": "j166ec72b911490c8807a00fec3ade2e",
                "srcKUID": "ed60ec01cd4843d8acaf4c0c4767b493",
                "wType": "FlexContainer"
            },
            "isVisible": true,
            "responsiveData": {
                "b2": {
                    "width": {
                        "type": "string",
                        "value": "100%"
                    }
                },
                "b3": {
                    "isVisible": true,
                    "top": {
                        "type": "string",
                        "value": "0dp"
                    },
                    "width": {
                        "type": "string",
                        "value": "100%"
                    }
                },
                "b4": {
                    "width": {
                        "type": "string",
                        "value": "100%"
                    }
                }
            },
            "top": {},
            "width": {}
        },
        "flxUserActions": {
            "__events__": {},
            "__info__": {
                "kuid": "f46cac5b827d41d78b2e57bc9a36e16c",
                "srcKUID": "j914824243a446a18dc539def72a7642",
                "wType": "FlexContainer"
            },
            "isVisible": false,
            "responsiveData": {
                "b1": {
                    "isVisible": false
                },
                "b2": {
                    "isVisible": false
                },
                "b3": {
                    "isVisible": false
                },
                "b4": {
                    "isVisible": false
                }
            }
        },
        "headermenu": {
            "__events__": {},
            "__info__": {
                "kuid": "a8d132b8131149659b196eb8a630ab2d",
                "srcKUID": "haabafcdc12f4455b3af44d1e0d8f80b",
                "wType": "UserWidgetInstance"
            },
            "responsiveData": {
                "b2": {
                    "right": {
                        "type": "string",
                        "value": "6%"
                    }
                },
                "b3": {
                    "isVisible": false
                },
                "b4": {
                    "right": {
                        "type": "string",
                        "value": "24dp"
                    },
                    "width": {
                        "type": "string",
                        "value": "100%"
                    }
                }
            },
            "right": {},
            "width": {}
        },
        "headermenu.btnLogout": {
            "__events__": {},
            "__info__": {
                "kuid": "d198c68596a040578d209d60bc14f870",
                "srcKUID": "a766f3cd9f714697b54e4cdcbe1c544b",
                "wType": "Button"
            },
            "i18n_text": null,
            "responsiveData": {
                "b2": {},
                "b4": {
                    "right": {
                        "type": "string",
                        "value": "0dp"
                    }
                }
            },
            "right": {}
        },
        "headermenu.flxMessages": {
            "__events__": {},
            "__info__": {
                "kuid": "c8c6d6aa764c4b148bee061e37793b96",
                "srcKUID": "a3a2c85df1ce44b4ad11832c28bce011",
                "wType": "FlexContainer"
            }
        },
        "headermenu.flxNotifications": {
            "__events__": {},
            "__info__": {
                "kuid": "id6a8e621d564f0c915f587470c00227",
                "srcKUID": "ac3447a671db4ff79c563e385d237583",
                "wType": "FlexContainer"
            },
            "responsiveData": {
                "b1": {
                    "right": {
                        "type": "string",
                        "value": "145dp"
                    }
                },
                "b2": {
                    "right": {
                        "type": "string",
                        "value": "145dp"
                    }
                },
                "b4": {
                    "right": {
                        "type": "string",
                        "value": "145dp"
                    }
                }
            },
            "right": {}
        },
        "headermenu.flxResetUserImg": {
            "__events__": {},
            "__info__": {
                "kuid": "jdc50cf3fc6c45ad9646e7985ea26efe",
                "srcKUID": "adcf593a077c4c0cb56c90ee73238583",
                "wType": "FlexContainer"
            },
            "responsiveData": {
                "b1": {
                    "right": {
                        "type": "string",
                        "value": "75dp"
                    }
                }
            },
            "right": {}
        },
        "headermenu.flxUserId": {
            "__events__": {},
            "__info__": {
                "kuid": "f2ebe4c9ac4b45d78230f8d3667062aa",
                "srcKUID": "c135ea56ffd24834a20c4f3af08e75ed",
                "wType": "FlexContainer"
            },
            "responsiveData": {
                "b1": {
                    "right": {
                        "type": "string",
                        "value": "55dp"
                    }
                }
            },
            "right": {}
        },
        "headermenu.flxVerticalSeperator1": {
            "__events__": {},
            "__info__": {
                "kuid": "de78467724d04b9d964a85df0bf23dee",
                "srcKUID": "g1cf2c5ea04748138b67069bf6443784",
                "wType": "FlexContainer"
            }
        },
        "headermenu.flxVerticalSeperator2": {
            "__events__": {},
            "__info__": {
                "kuid": "daecf5ab4da94942871b2012a46d9d89",
                "srcKUID": "i869d64f25f744c7a219ce87160f4fa9",
                "wType": "FlexContainer"
            }
        },
        "headermenu.flxVerticalSeperator3": {
            "__events__": {},
            "__info__": {
                "kuid": "e574e67c5c1a46de9160180187def202",
                "srcKUID": "ed4ae387593d4f509d7542c9677a49e4",
                "wType": "FlexContainer"
            }
        },
        "headermenu.flxWarning": {
            "__events__": {},
            "__info__": {
                "kuid": "ae961eaf95944280a4af0d2fe4d5861e",
                "srcKUID": "a3f637c9fa154e6ca5621edf7af7f744",
                "wType": "FlexContainer"
            }
        },
        "headermenu.flximgUserResetWrapper": {
            "__events__": {},
            "__info__": {
                "kuid": "i489ccf14a9046388a104fc8cafc8b12",
                "srcKUID": "e3916b40967c456aa3942940472ad47e",
                "wType": "FlexContainer"
            }
        },
        "headermenu.imgDropdown": {
            "__events__": {},
            "__info__": {
                "kuid": "he8ee9f9fa2143178105f56d3d2b4eb7",
                "srcKUID": "h3d2b4b7f954464d931e34492064ab17",
                "wType": "Image"
            },
            "src": "profile_dropdown_arrow.png"
        },
        "headermenu.imgLogout": {
            "__events__": {},
            "__info__": {
                "kuid": "aeb4e02d513a401d935e17df86b35130",
                "srcKUID": "ea749115721c4958af968ab52ef8529f",
                "wType": "Image"
            },
            "responsiveData": {
                "b2": {},
                "b4": {
                    "right": {
                        "type": "string",
                        "value": "0dp"
                    }
                }
            },
            "right": {
                "Default": {
                    "type": "string",
                    "value": "5dp"
                }
            },
            "src": "logout.png"
        },
        "headermenu.imgMessages": {
            "__events__": {},
            "__info__": {
                "kuid": "a51b54d3bbb644629e4d671a3ac8b640",
                "srcKUID": "e210e728a3d64107876615d205a2d4c8",
                "wType": "Label"
            }
        },
        "headermenu.imgNotifications": {
            "__events__": {},
            "__info__": {
                "kuid": "dd7382a3214d4eb3a10c5547c555332f",
                "srcKUID": "j053dc709b2c497681932e7129f70ddb",
                "wType": "Image"
            },
            "src": "notification_flag.png"
        },
        "headermenu.imgUserBoundary": {
            "__events__": {},
            "__info__": {
                "kuid": "a2460e5b88d14ed1bc867cc330f9f4f1",
                "srcKUID": "g6047dd874ff440fab7ed86f7b808fdd",
                "wType": "Image"
            },
            "src": "verify_user.png"
        },
        "headermenu.imgUserReset": {
            "__events__": {},
            "__info__": {
                "kuid": "j1298c0505fd4268928cfd8db2f3bff1",
                "srcKUID": "d155016ff2f34df99cd72e103964fb82",
                "wType": "Image"
            },
            "src": "profile_header.png"
        },
        "headermenu.imgWarning": {
            "__events__": {},
            "__info__": {
                "kuid": "c28e20acdcc2469eb45eeb9100a99488",
                "srcKUID": "j00ce4f7525e4f2aa69884ac2cc7b8a0",
                "wType": "Image"
            },
            "src": "error_yellow.png"
        },
        "headermenu.imgheaderdefault": {
            "__events__": {},
            "__info__": {
                "kuid": "defb7bc26e8b43018194c3d7bc01d2d8",
                "srcKUID": "i589d54c00ef4b33bc0e54ccd9b1e9b9",
                "wType": "Image"
            },
            "src": "default_username.png"
        },
        "headermenu.lblImageLogout": {
            "__events__": {},
            "__info__": {
                "kuid": "jff717740f4c46f2a444fa78a4bb25d2",
                "srcKUID": "f96e1012115540aebf364b900bd0ac3b",
                "wType": "Label"
            }
        },
        "headermenu.lblNewMessages": {
            "__events__": {},
            "__info__": {
                "kuid": "fd6c81161ed040bfb4899deeefc55a24",
                "srcKUID": "eb2b58f5c0fe4a178d7b685995b78747",
                "wType": "Label"
            }
        },
        "headermenu.lblNewNotifications": {
            "__events__": {},
            "__info__": {
                "kuid": "d5c338a79a3146369e31b057566e08a9",
                "srcKUID": "bc2f4a9f76164bc18e8e1663bbba3a61",
                "wType": "Label"
            }
        },
        "headermenu.lblNotifications": {
            "__events__": {},
            "__info__": {
                "kuid": "f1dc6ffca8734b54a7f6c5cd7585edeb",
                "srcKUID": "ia435cbbf32f4cc9900e89096e8c2c52",
                "wType": "Label"
            }
        },
        "headermenu.rtxWarning": {
            "__events__": {},
            "__info__": {
                "kuid": "fe6aba80208942e5b83bd962a77d8fe0",
                "srcKUID": "i05c5f9533194937886bb0d238f640e3",
                "wType": "RichText"
            }
        },
        "imgKony": {
            "__events__": {},
            "__info__": {
                "kuid": "if3e61fb7f364853bfc97ceb256e0ca9",
                "srcKUID": "i89a4c93ab68416c8f6a24b3e85d037c",
                "wType": "Image"
            },
            "left": {},
            "responsiveData": {
                "b1": {
                    "left": {
                        "type": "string",
                        "value": "85dp"
                    }
                },
                "b3": {
                    "isVisible": false
                },
                "b4": {
                    "left": {
                        "type": "string",
                        "value": "24dp"
                    },
                    "top": {
                        "type": "string",
                        "value": "18px"
                    }
                }
            },
            "src": "kony_logo.png",
            "top": {}
        },
        "imgToolTip": {
            "__events__": {},
            "__info__": {
                "kuid": "jace820afb154db2bef74f2dee8de249",
                "srcKUID": "b05c4200ee7747f2b596bc0eafc18760",
                "wType": "Image"
            },
            "src": "tool_tip.png"
        },
        "lblHeaderMobile": {
            "__events__": {},
            "__info__": {
                "kuid": "fc52be2a465d42669496de97575f06a5",
                "srcKUID": "f601c2dac7d4490fb32b2040ad16ca87",
                "wType": "Label"
            },
            "i18n_text": "i18n.CustomerFeedback.Survey",
            "isVisible": true,
            "responsiveData": {
                "b2": {
                    "text": "Feedback"
                },
                "b3": {
                    "text": "Survey"
                },
                "b4": {
                    "text": ""
                }
            },
            "text": ""
        },
        "lblHeaderMobileView": {
            "__events__": {},
            "__info__": {
                "kuid": "eb62f8c6f7734fc9a07c8b517dda4662",
                "srcKUID": "e845559aef0c4fb9b6a4354975cce47c",
                "wType": "Label"
            },
            "isVisible": false,
            "responsiveData": {
                "b3": {
                    "isVisible": false
                }
            }
        },
        "lblName": {
            "__events__": {},
            "__info__": {
                "kuid": "j20fff6ba22649169df3bb94277a6790",
                "srcKUID": "e4ac7c6df45f47999b2250e0bcb58bcb",
                "wType": "Label"
            }
        },
        "lblUserEmail": {
            "__events__": {},
            "__info__": {
                "kuid": "dc3179c9dc054932a589d49d1a2866a5",
                "srcKUID": "cd423535a51f4a4bb95d5056c43f5d13",
                "wType": "RichText"
            }
        },
        "lblUserEmail1": {
            "__events__": {},
            "__info__": {
                "kuid": "fcc95de9c2b64c7ea60e7ed85f28b3f1",
                "srcKUID": "j0ea4a96f1104289ad3d0312ed141d3b",
                "wType": "Label"
            }
        },
        "segUserActions": {
            "__events__": {},
            "__info__": {
                "kuid": "b784721d0ca04e43b363c4d1660ecd49",
                "srcKUID": "h6bf423223694ef0be1f75d0abee1c0a",
                "wType": "Segment"
            },
            "isVisible": true
        },
        "topmenu": {
            "__events__": {},
            "__info__": {
                "kuid": "fb423f24cbd9488d832a4aabc9945262",
                "srcKUID": "f3bc1d211a8342419317a1f649e456a0",
                "wType": "UserWidgetInstance"
            },
            "responsiveData": {
                "b3": {
                    "isVisible": true
                },
                "b4": {
                    "width": {
                        "type": "string",
                        "value": "100%"
                    }
                }
            },
            "width": {}
        },
        "topmenu.CopyLabel0a8b12f7002084d": {
            "__events__": {},
            "__info__": {
                "kuid": "eb6e2eaf9f564449963ad517a1760cb8",
                "srcKUID": "c6970a565fc545a99c0e118b2e0fd447",
                "wType": "Label"
            }
        },
        "topmenu.CopyLabel0bb648d916e554d": {
            "__events__": {},
            "__info__": {
                "kuid": "d2d71e4c29504290ae36a5606140c348",
                "srcKUID": "jff9fe4733df441da45df3e9e7077c16",
                "wType": "Label"
            }
        },
        "topmenu.CopyLabel0h9e71b8a76ad44": {
            "__events__": {},
            "__info__": {
                "kuid": "af3dfa7d189b42c9b7a3632aa89ba8af",
                "srcKUID": "db7ed17156b3455982f6d5e9ec649426",
                "wType": "Label"
            }
        },
        "topmenu.Label0dcf00103bdba46": {
            "__events__": {},
            "__info__": {
                "kuid": "afb741e8bccb4f338074b13b6689dcb8",
                "srcKUID": "f93434834b0144ffb8f03bbbe1edf740",
                "wType": "Label"
            }
        },
        "topmenu.flxCombined": {
            "__events__": {},
            "__info__": {
                "kuid": "cf850c5b8f1b4f04992e063bbd5b40b3",
                "srcKUID": "ia75c62782304b3db8698da48f580b35",
                "wType": "FlexContainer"
            }
        },
        "topmenu.flxCombinedAccess": {
            "__events__": {},
            "__info__": {
                "kuid": "fdb538822efa46339927430edc6ce932",
                "srcKUID": "b4fbc28380364865bbfe12defa72c365",
                "wType": "FlexContainer"
            }
        },
        "topmenu.flxCombinedAccessMenu": {
            "__events__": {},
            "__info__": {
                "kuid": "aaf7dac655a54674aa7c86ab50a99256",
                "srcKUID": "dbc3eec174e7474c887b9bc82e30b4d5",
                "wType": "FlexContainer"
            }
        },
        "topmenu.flxCombinedAccessMenuMobile": {
            "__events__": {},
            "__info__": {
                "kuid": "hdd11fa71d8e487bb8ce54e297cbde78",
                "srcKUID": "h37db148c1be4747b25b61b848ebea88",
                "wType": "FlexContainer"
            }
        },
        "topmenu.flxCombinedAccessMobile": {
            "__events__": {},
            "__info__": {
                "kuid": "f1c6480b7f094aa6bc3e429972aa5d30",
                "srcKUID": "cff3966829d04b9da4ea5ffbf721ad43",
                "wType": "FlexContainer"
            }
        },
        "topmenu.flxCombinedMobile": {
            "__events__": {},
            "__info__": {
                "kuid": "j47a13ce90044863805ae6dbd089ec60",
                "srcKUID": "c6282db2327448d3a1d309d0c8257027",
                "wType": "FlexContainer"
            }
        },
        "topmenu.flxContextualMenu": {
            "__events__": {},
            "__info__": {
                "kuid": "e4d41fc661ef41e6aa16d7cd01788763",
                "srcKUID": "iaedc8bb3b254e219e0ec496d08636d8",
                "wType": "FlexContainer"
            },
            "isVisible": false,
            "responsiveData": {
                "b3": {}
            }
        },
        "topmenu.flxFeedback": {
            "__events__": {},
            "__info__": {
                "kuid": "e90789b290f843e79b6b26a997077c20",
                "srcKUID": "cd10d4b4f565433fb35f2d2d0a97fe1e",
                "wType": "FlexContainer"
            },
            "responsiveData": {
                "b3": {
                    "isVisible": false
                },
                "b4": {
                    "right": {
                        "type": "string",
                        "value": "75dp"
                    },
                    "width": {
                        "type": "string",
                        "value": "16%"
                    }
                }
            },
            "right": {},
            "width": {}
        },
        "topmenu.flxFeedbackimg": {
            "__events__": {},
            "__info__": {
                "kuid": "h53038d296424b649376b09a301a2325",
                "srcKUID": "g11b5488a8d343ae866e1de13660acda",
                "wType": "FlexContainer"
            },
            "left": {},
            "responsiveData": {
                "b1": {
                    "right": {
                        "type": "string",
                        "value": "10dp"
                    }
                },
                "b2": {
                    "right": {
                        "type": "string",
                        "value": "10dp"
                    },
                    "width": {
                        "type": "string",
                        "value": "80%"
                    }
                },
                "b4": {
                    "right": {
                        "type": "string",
                        "value": "5%"
                    },
                    "width": {
                        "type": "string",
                        "value": "85%"
                    }
                }
            },
            "right": {},
            "width": {}
        },
        "topmenu.flxHelp": {
            "__events__": {},
            "__info__": {
                "kuid": "a72df6ad154a4909aaf995e28a0a6376",
                "srcKUID": "i2d06c634cdc4172ba80e744bcdcfebb",
                "wType": "FlexContainer"
            },
            "responsiveData": {
                "b1": {
                    "right": {
                        "type": "string",
                        "value": "83dp"
                    },
                    "width": {
                        "type": "string",
                        "value": "55dp"
                    }
                },
                "b2": {
                    "right": {
                        "type": "string",
                        "value": "6%"
                    },
                    "width": {
                        "type": "string",
                        "value": "55dp"
                    }
                },
                "b3": {
                    "isVisible": false
                },
                "b4": {
                    "right": {
                        "type": "string",
                        "value": "2.50%"
                    },
                    "width": {
                        "type": "string",
                        "value": "60dp"
                    }
                }
            },
            "right": {
                "Default": {
                    "type": "string",
                    "value": "5%"
                }
            },
            "width": {
                "Default": {
                    "type": "string",
                    "value": "70dp"
                }
            }
        },
        "topmenu.flxMenu": {
            "__events__": {},
            "__info__": {
                "kuid": "e681344dbbd14000a098added41c6ba5",
                "srcKUID": "e3be9a8fdce047e6bfc57c6134e9a975",
                "wType": "FlexContainer"
            },
            "left": {},
            "responsiveData": {
                "b1": {
                    "left": {
                        "type": "string",
                        "value": "80dp"
                    }
                },
                "b2": {
                    "left": {
                        "type": "string",
                        "value": "78dp"
                    }
                },
                "b3": {
                    "isVisible": true,
                    "left": {
                        "type": "string",
                        "value": "10dp"
                    },
                    "top": {
                        "type": "string",
                        "value": "0dp"
                    }
                },
                "b4": {
                    "left": {
                        "type": "string",
                        "value": "20dp"
                    }
                }
            },
            "top": {}
        },
        "topmenu.flxMenusMain": {
            "__events__": {},
            "__info__": {
                "kuid": "gc22c84930324f62a2a6f347a8723de2",
                "srcKUID": "da5555fd4c164726bf9860ec53363048",
                "wType": "FlexContainer"
            },
            "responsiveData": {
                "b3": {
                    "isVisible": true,
                    "top": {
                        "type": "string",
                        "value": "0dp"
                    }
                }
            },
            "top": {}
        },
        "topmenu.flxMyBills": {
            "__events__": {},
            "__info__": {
                "kuid": "hcdf6b3cfe134346a708ee7f9c38fe71",
                "srcKUID": "a4da8c0229454e98aa76669ee85574cb",
                "wType": "FlexContainer"
            }
        },
        "topmenu.flxPayBills": {
            "__events__": {},
            "__info__": {
                "kuid": "f2a6ae1458ee44e1ae973f1fee171434",
                "srcKUID": "ea97a9ae24004e468bb62c6e11cff833",
                "wType": "FlexContainer"
            }
        },
        "topmenu.flxPayMultipleBeneficiaries": {
            "__events__": {},
            "__info__": {
                "kuid": "h07b17d6dbc34230902906173bf081db",
                "srcKUID": "de653a693d5143f8a86ed23628877bac",
                "wType": "FlexContainer"
            }
        },
        "topmenu.flxSendMoney": {
            "__events__": {},
            "__info__": {
                "kuid": "ca176cf792024247841734ae2f7fa926",
                "srcKUID": "h1bb64a044404681858216ea0afef3cf",
                "wType": "FlexContainer"
            }
        },
        "topmenu.flxSeperator1": {
            "__events__": {},
            "__info__": {
                "kuid": "e0dddd48c1e24b959f47be04920659c6",
                "srcKUID": "i09ec806e136452589e84e2f83e53e68",
                "wType": "FlexContainer"
            },
            "responsiveData": {
                "b3": {
                    "isVisible": false
                }
            }
        },
        "topmenu.flxSeperator4": {
            "__events__": {},
            "__info__": {
                "kuid": "g178b8c9c40a4ce4aaceab1fa60b03ad",
                "srcKUID": "cb1d2b3f8bf64e53abc8fe2029b5055a",
                "wType": "FlexContainer"
            }
        },
        "topmenu.flxTransferMoney": {
            "__events__": {},
            "__info__": {
                "kuid": "b69e16a7d2854d758a451f104401a779",
                "srcKUID": "j0b6f93293e948bbaad52b4f16db8bea",
                "wType": "FlexContainer"
            }
        },
        "topmenu.flxTransfersAndPay": {
            "__events__": {},
            "__info__": {
                "kuid": "c9e64f2a21514f0fa46791dcb9112cb1",
                "srcKUID": "j83fe7fb58c04ec394a0d8313351f539",
                "wType": "FlexContainer"
            },
            "responsiveData": {
                "b3": {
                    "isVisible": false
                }
            }
        },
        "topmenu.flxWireMoney": {
            "__events__": {},
            "__info__": {
                "kuid": "e9825cad534d4faa97346976ebf48370",
                "srcKUID": "ed2961fbd05f4e8eb5ae5d530848a7da",
                "wType": "FlexContainer"
            }
        },
        "topmenu.flxaccounts": {
            "__events__": {},
            "__info__": {
                "kuid": "e4a508a9bcfb4b6792f361f7a295f691",
                "srcKUID": "b6366fc9b5854ca5aecefb68e89386e7",
                "wType": "FlexContainer"
            },
            "responsiveData": {
                "b3": {
                    "isVisible": false
                }
            }
        },
        "topmenu.flxverseperator2": {
            "__events__": {},
            "__info__": {
                "kuid": "jc55fd219721440d81f648ccf958243c",
                "srcKUID": "f9719a0b9d3f42b690d0b92a4477ec5d",
                "wType": "FlexContainer"
            }
        },
        "topmenu.imgLblTransfers": {
            "__events__": {},
            "__info__": {
                "kuid": "f0746432ad104912812b25565569f5ba",
                "srcKUID": "i6ce4bbe9a904933bf2c217077d91a6f",
                "wType": "Label"
            }
        },
        "topmenu.imgMenu": {
            "__events__": {},
            "__info__": {
                "kuid": "dd1a943e3dde458cad07c7c688a048bf",
                "srcKUID": "be1e045b3a3347d88509b7efc7d8015b",
                "wType": "Image"
            },
            "left": {},
            "responsiveData": {
                "b3": {
                    "width": {
                        "type": "string",
                        "value": "25dp"
                    }
                }
            },
            "src": "menu_icon.png",
            "width": {}
        },
        "topmenu.lblAccounts": {
            "__events__": {},
            "__info__": {
                "kuid": "ca806c95d8d443a8bec6e8141332b602",
                "srcKUID": "bcf724a120b24fdbb2278444060c639c",
                "wType": "Label"
            }
        },
        "topmenu.lblDashboard": {
            "__events__": {},
            "__info__": {
                "kuid": "a003e9891bd34cb2978c1621ce2dff68",
                "srcKUID": "i230559c4e194a67933901b9936958bd",
                "wType": "Label"
            }
        },
        "topmenu.lblDashboardHeader": {
            "__events__": {},
            "__info__": {
                "kuid": "c951c7f0973141d3a1263e158446e5f8",
                "srcKUID": "gf3a6b9b54b048fc88af1a277a814f00",
                "wType": "Label"
            }
        },
        "topmenu.lblDashboardIcon": {
            "__events__": {},
            "__info__": {
                "kuid": "acb1e2758fc5460598bdf1b8172e4107",
                "srcKUID": "cb6af2dadd2147068fe7977967ed48d3",
                "wType": "Label"
            }
        },
        "topmenu.lblDashboardIconMobile": {
            "__events__": {},
            "__info__": {
                "kuid": "cac42f49e9074ba89389c236e37479ab",
                "srcKUID": "d810310301f748e484f38777d90fbf09",
                "wType": "Label"
            }
        },
        "topmenu.lblDropbox": {
            "__events__": {},
            "__info__": {
                "kuid": "i324acfd4d704961843140598f0c48cb",
                "srcKUID": "ec1ce5d231134d4f8cfb0842f7538da3",
                "wType": "Label"
            }
        },
        "topmenu.lblDropboxMobile": {
            "__events__": {},
            "__info__": {
                "kuid": "e73afc9deb5b497aa16d5fd0db863abb",
                "srcKUID": "d5987c906f8f432ea7c31a58772ad7a0",
                "wType": "Label"
            }
        },
        "topmenu.lblFeedback": {
            "__events__": {},
            "__info__": {
                "kuid": "a8f92061a6944f33b41a78cf2baa3574",
                "srcKUID": "i45ffb2e674e425ba9e5542807008a2e",
                "wType": "Label"
            },
            "responsiveData": {}
        },
        "topmenu.lblHelp": {
            "__events__": {},
            "__info__": {
                "kuid": "d90938e08fb2432c8153dfff7bbb9cc5",
                "srcKUID": "b910c72e31ac4950b9d4fcca565a1df4",
                "wType": "Label"
            },
            "centerX": {
                "Default": {
                    "type": "string",
                    "value": "50%"
                }
            },
            "isVisible": true,
            "responsiveData": {
                "b1": {
                    "centerX": {
                        "type": "string",
                        "value": ""
                    },
                    "right": {
                        "type": "string",
                        "value": "0dp"
                    }
                },
                "b2": {
                    "centerX": {
                        "type": "string",
                        "value": ""
                    },
                    "right": {
                        "type": "string",
                        "value": "0dp"
                    }
                },
                "b4": {
                    "centerX": {
                        "type": "string",
                        "value": ""
                    },
                    "right": {
                        "type": "string",
                        "value": "0dp"
                    }
                }
            },
            "right": {
                "Default": {
                    "type": "string",
                    "value": ""
                }
            }
        },
        "topmenu.lblMyBills": {
            "__events__": {},
            "__info__": {
                "kuid": "aefeea3a13b64aa8b970d30a4816b4ff",
                "srcKUID": "d8925fb060194253ba463a13de343eac",
                "wType": "Label"
            }
        },
        "topmenu.lblPayMultipleBeneficiaries": {
            "__events__": {},
            "__info__": {
                "kuid": "fe931aebd934424f8d0d2b6dda24ee92",
                "srcKUID": "cedc3a7abf744c1c80199066b1f9a252",
                "wType": "Label"
            }
        },
        "topmenu.lblTransferAndPay": {
            "__events__": {},
            "__info__": {
                "kuid": "cbaa4e4e88a54c159d4bc39a8a3f75ce",
                "srcKUID": "gf970d4c8185498db726665e80e4fff7",
                "wType": "Label"
            }
        },
        "topmenu.segCombinedAccessMenuMobile": {
            "__events__": {},
            "__info__": {
                "kuid": "d4e8ffa2ef9549bba35f471494b4ff8c",
                "srcKUID": "fc65c13a65044f12b6e9da428e059df4",
                "wType": "Segment"
            }
        },
        "topmenu.segMenuDropdown": {
            "__events__": {},
            "__info__": {
                "kuid": "ccd2a40e58764cfdaec548804fb96f64",
                "srcKUID": "h8894426165e4ae3bc9b8480f4c0affa",
                "wType": "Segment"
            }
        }
    },
    "desktopweb": {},
    "id": "customheader",
    "info": null,
    "ipad": {},
    "iphone": {},
    "isdatareferenced": false,
    "issegmentchild": false,
    "isvisible": true,
    "kiosk": {},
    "kuid": "c762f9b6ae704d5bb1e274d48034e78c",
    "layouttype": 2,
    "masterType": 0,
    "name": "kony.ui.UserWidgetInstance",
    "parent": "flxHeaderPostLogin",
    "pf": "frmCustomerFeedbackSurvey",
    "responsiveData": {
        "b1": {
            "top": {
                "type": "string",
                "value": "0dp"
            }
        },
        "b2": {
            "top": {
                "type": "string",
                "value": "0dp"
            }
        },
        "b3": {
            "height": {
                "type": "string",
                "value": "50px"
            },
            "isVisible": true,
            "left": {
                "type": "string",
                "value": "0dp"
            },
            "top": {
                "type": "string",
                "value": "0dp"
            }
        },
        "b4": {
            "minWidth": {
                "type": "string",
                "value": ""
            },
            "top": {
                "type": "string",
                "value": "0dp"
            },
            "width": {
                "type": "string",
                "value": "100%"
            }
        }
    },
    "snaptogrid": true,
    "sourceUserWidget": "c04bbf50611342ca895c5e0a329aeb52",
    "spa": {},
    "spaan": {},
    "spaandroidtablet": {},
    "spabb": {},
    "spaip": {},
    "spaipad": {},
    "spamobile": {},
    "spatablet": {},
    "spawindowstablet": {},
    "spawinphone8": {},
    "tabrcandroid": {},
    "vizProps": {
        "hidewidgethierarchy": false
    },
    "vizprops": {
        "hidewidgethierarchy": false
    },
    "wType": "UserWidgetInstance",
    "windows10": {},
    "windows8": {},
    "winphone10": {},
    "winphone8": {},
    "zindex": 1000
}