{
    "@class": "com.kony.gen.viz.model.component.KVizUserWidget",
    "DNDConfig": null,
    "_children_": [],
    "_height_": {
        "type": "string",
        "value": "150dp"
    },
    "_left_": {
        "type": "string",
        "value": "0dp"
    },
    "_margin_": [
        0,
        0,
        0,
        0
    ],
    "_orientation_": 1,
    "_padding_": [
        0,
        0,
        0,
        0
    ],
    "_percent_": true,
    "_skin_": "s24c92fc23b14f5484b693ee9b8a9b35",
    "_width_": {
        "type": "string",
        "value": "100%"
    },
    "areflexpropsreferenced": false,
    "canUpdateUI": true,
    "centery": {
        "type": "string",
        "value": "50%"
    },
    "clipbounds": false,
    "containerweight": 0,
    "dataDiffs": {
        "btnContactUs": {
            "__events__": {},
            "__info__": {
                "kuid": "h3cd59feb45d4c83a697c353065bcd3c",
                "srcKUID": "ecc25bc7153f457ab1ba632ef717cd45",
                "wType": "Button"
            }
        },
        "btnFaqs": {
            "__events__": {},
            "__info__": {
                "kuid": "cb81be4561994598b2b54718127185d6",
                "srcKUID": "b944dd400d92446cac05298aa3a9c3ac",
                "wType": "Button"
            }
        },
        "btnLocateUs": {
            "__events__": {},
            "__info__": {
                "kuid": "jf51ddf1883649a6a8805cec8fe2d72b",
                "srcKUID": "cba2d54eb0404403a4e4114e564327e5",
                "wType": "Button"
            }
        },
        "btnPrivacy": {
            "__events__": {},
            "__info__": {
                "kuid": "d13172a3a1b1490aaeae75fe75762780",
                "srcKUID": "fe75665892ee4a40970c4666de147ae2",
                "wType": "Button"
            }
        },
        "btnTermsAndConditions": {
            "__events__": {},
            "__info__": {
                "kuid": "c5f1661d13624ac492043af472cb0974",
                "srcKUID": "a9613de4c0cb40d0afdd09fc05d3dc16",
                "wType": "Button"
            }
        },
        "customfooternew": {
            "__events__": {},
            "__info__": {
                "isRoot": true,
                "kuid": "g7a0e42a6f3e4039966a46554ed94ef8",
                "srcKUID": "fa97e826f07b4e11b7b2f05a53498e1b",
                "wType": "FlexContainer"
            },
            "centerY": {
                "Default": {
                    "type": "string",
                    "value": "50%"
                }
            },
            "responsiveData": {
                "b3": {}
            },
            "top": {
                "Default": {
                    "type": "string",
                    "value": ""
                }
            }
        },
        "flxFooterMenu": {
            "__events__": {},
            "__info__": {
                "kuid": "e4ea5d03aeef495abdf39264631223de",
                "srcKUID": "c3f613e8e19b466e9898f5923eac6dac",
                "wType": "FlexContainer"
            }
        },
        "flxVBar1": {
            "__events__": {},
            "__info__": {
                "kuid": "ib885a79165a42bb94d564909f44054d",
                "srcKUID": "a88c7eae5e8a4493a5be272244d91c7a",
                "wType": "FlexContainer"
            }
        },
        "flxVBar2": {
            "__events__": {},
            "__info__": {
                "kuid": "fe8bf8f3066141ada61fd97cfbb090a0",
                "srcKUID": "a0d2718b24fe44de91b15f2e637a8e2d",
                "wType": "FlexContainer"
            }
        },
        "flxVBar3": {
            "__events__": {},
            "__info__": {
                "kuid": "c3e5b9553779471a813827a047e221f9",
                "srcKUID": "ae43b076561248bfae9a405e4e555487",
                "wType": "FlexContainer"
            }
        },
        "flxVBar4": {
            "__events__": {},
            "__info__": {
                "kuid": "f66da47ee1e34971b8fbd2ae70230bee",
                "srcKUID": "cf28e38a18f048a390e3daad3458ffda",
                "wType": "FlexContainer"
            }
        },
        "imgFooterIconOne": {
            "__events__": {},
            "__info__": {
                "kuid": "d7ead78ec9724685b490d3c79ca52198",
                "srcKUID": "b68329dce07e4f06bda4965244150751",
                "wType": "Image"
            }
        },
        "imgFooterIconThree": {
            "__events__": {},
            "__info__": {
                "kuid": "ieb2036b6ab644cf9c0249c6778be403",
                "srcKUID": "ab2e9617d03b4611bfeaff54271952d9",
                "wType": "Image"
            }
        },
        "imgFooterIconTwo": {
            "__events__": {},
            "__info__": {
                "kuid": "abb031d7b558438496ab9125503fbb2b",
                "srcKUID": "b6938079c04a48afae1d515976363dc6",
                "wType": "Image"
            }
        },
        "lblCopyright": {
            "__events__": {},
            "__info__": {
                "kuid": "geaa839b062c425ba102b4cd0a21e01b",
                "srcKUID": "ee2d73ee228d46d0978a62aae45e4cda",
                "wType": "Label"
            }
        }
    },
    "enablescrolling": true,
    "id": "CustomFooterMain",
    "info": null,
    "isdatareferenced": false,
    "isvisible": true,
    "kuid": "g7a0e42a6f3e4039966a46554ed94ef8",
    "layouttype": 2,
    "masterType": 0,
    "name": "kony.ui.UserWidgetInstance",
    "parent": "flxFooter",
    "pf": "frmCustomerFeedbackSurvey",
    "snapgridsize": 10,
    "snaptogrid": true,
    "sourceUserWidget": "fa97e826f07b4e11b7b2f05a53498e1b",
    "wType": "UserWidgetInstance"
}