{
    "@class": "com.kony.gen.viz.model.component.KVizUserWidget",
    "DNDConfig": null,
    "_children_": [],
    "_height_": {
        "type": "string",
        "value": "268px"
    },
    "_left_": "0dp",
    "_margin_": [
        0,
        0,
        0,
        0
    ],
    "_orientation_": 1,
    "_padding_": [
        0,
        0,
        0,
        0
    ],
    "_percent_": true,
    "_render_": true,
    "_skin_": "s701065f11074080832b59947e731160",
    "_top_": {
        "type": "string",
        "value": "0dp"
    },
    "_width_": {
        "type": "string",
        "value": "43%"
    },
    "areflexpropsreferenced": false,
    "autogrowmode": 0,
    "canUpdateUI": true,
    "centerx": {
        "type": "string",
        "value": "50%"
    },
    "centery": {
        "type": "string",
        "value": "50%"
    },
    "clipbounds": false,
    "containerweight": 0,
    "dataDiffs": {
        "CustomPopup": {
            "__events__": {},
            "__info__": {
                "isRoot": true,
                "kuid": "b675dfd8747145c3a74749974f424a15",
                "srcKUID": "eb2d311dcb4744a7b05aa4f5428a6c53",
                "wType": "FlexContainer"
            },
            "centerX": {
                "Default": {
                    "type": "string",
                    "value": "50%"
                }
            },
            "centerY": {
                "Default": {
                    "type": "string",
                    "value": "50%"
                }
            },
            "responsiveData": {
                "b3": {
                    "width": {
                        "type": "string",
                        "value": "85%"
                    }
                }
            },
            "width": {
                "Default": {
                    "type": "string",
                    "value": "43%"
                }
            }
        },
        "btnNo": {
            "__events__": {},
            "__info__": {
                "kuid": "cf1d9bd78fae455fa777588f868db023",
                "srcKUID": "h61577b4448c4e22a2636221e8fe0d6d",
                "wType": "Button"
            },
            "left": {
                "Default": {
                    "type": "string",
                    "value": ""
                }
            },
            "responsiveData": {
                "b3": {
                    "left": null,
                    "right": {
                        "type": "string",
                        "value": "160dp"
                    },
                    "width": {
                        "type": "string",
                        "value": "120dp"
                    }
                }
            },
            "right": {
                "Default": {
                    "type": "string",
                    "value": "190dp"
                }
            },
            "width": {
                "Default": {
                    "type": "string",
                    "value": "150dp"
                }
            }
        },
        "btnYes": {
            "__events__": {},
            "__info__": {
                "kuid": "dcec709d913b49719962ddcde3a982cf",
                "srcKUID": "e1c11d09edb846848d4aaf921cb1e5a0",
                "wType": "Button"
            },
            "responsiveData": {
                "b3": {
                    "right": null,
                    "width": {
                        "type": "string",
                        "value": "120dp"
                    }
                },
                "b4": {
                    "right": null
                }
            },
            "right": {
                "Default": {
                    "type": "string",
                    "value": "20dp"
                }
            },
            "width": {
                "Default": {
                    "type": "string",
                    "value": "150dp"
                }
            }
        },
        "flxCross": {
            "__events__": {},
            "__info__": {
                "kuid": "dd1eb7b77de7470ba701b2402ef51a1c",
                "srcKUID": "e896a8d6e1244397be41e1011101c6ec",
                "wType": "FlexContainer"
            },
            "autogrowMode": 0,
            "height": {
                "Default": {
                    "type": "string",
                    "value": "30dp"
                }
            },
            "isVisible": true,
            "responsiveData": {
                "b3": {
                    "right": null
                }
            },
            "right": {
                "Default": {
                    "type": "string",
                    "value": "10dp"
                }
            },
            "width": {
                "Default": {
                    "type": "string",
                    "value": "30dp"
                }
            },
            "zIndex": {
                "Default": 5
            }
        },
        "flxHeader": {
            "__events__": {},
            "__info__": {
                "kuid": "i4b807ce20e04501bb6dccd29ea259dc",
                "srcKUID": "b6d465d7232a428eba11c466c6843856",
                "wType": "FlexContainer"
            }
        },
        "flxSeperator": {
            "__events__": {},
            "__info__": {
                "kuid": "a5c0c79223fc4974966389dd98c9ec06",
                "srcKUID": "b469cc45156e429d8fa47b9786168d10",
                "wType": "FlexContainer"
            }
        },
        "flxSeperator2": {
            "__events__": {},
            "__info__": {
                "kuid": "gcfcfdb517334603b227ea717aa5a7d1",
                "srcKUID": "e909e4e4b4a145b1aa92b22ece7050d3",
                "wType": "FlexContainer"
            },
            "responsiveData": {
                "b3": {
                    "isVisible": false
                }
            }
        },
        "imgCross": {
            "__events__": {},
            "__info__": {
                "kuid": "cfb15375081342498ba1dd6ab8a6ee7b",
                "srcKUID": "ja13bba308404016b1cd223dbcdf01ae",
                "wType": "Image"
            },
            "height": {
                "Default": {
                    "type": "string",
                    "value": "15dp"
                }
            },
            "src": "bbcloseicon.png"
        },
        "lblHeading": {
            "__events__": {},
            "__info__": {
                "kuid": "f35b3b5557eb4dd2a2a37a09fe2ef0f4",
                "srcKUID": "f97c1408984847af9f3cd9984a260c74",
                "wType": "Label"
            },
            "i18n_text": "i18n.transfer.QuitTransfer",
            "left": {},
            "responsiveData": {
                "b3": {
                    "left": {
                        "type": "string",
                        "value": "30dp"
                    }
                }
            },
            "text": ""
        },
        "lblPopupMessage": {
            "__events__": {},
            "__info__": {
                "kuid": "e2fe770e7866438b9dc66554cbb0fd1f",
                "srcKUID": "f7c7509dccf24b88aeb13dc3d34fcc6b",
                "wType": "Label"
            },
            "i18n_text": "I18n.billPay.QuitTransactionMsg",
            "left": {},
            "responsiveData": {
                "b3": {
                    "left": {
                        "type": "string",
                        "value": "30dp"
                    }
                }
            }
        },
        "lblcross": {
            "__events__": {},
            "__info__": {
                "kuid": "cfe76a37f5aa4594a42df674a4235d62",
                "srcKUID": "fd30aa3a9d8f4077b98f3053f04a091b",
                "wType": "Label"
            }
        }
    },
    "id": "CustomPopup",
    "info": null,
    "isdatareferenced": false,
    "isvisible": true,
    "kuid": "idd1b62e1c9a4b08ac8c4771033228ee",
    "layouttype": 2,
    "masterType": 0,
    "name": "kony.ui.UserWidgetInstance",
    "parent": "flxPopup",
    "pf": "frmCustomerFeedbackSurvey",
    "snaptogrid": true,
    "sourceUserWidget": "eb2d311dcb4744a7b05aa4f5428a6c53",
    "vizprops": {
        "hidewidgethierarchy": false
    },
    "wType": "UserWidgetInstance"
}