{
    "@class": "com.kony.gen.viz.model.component.KVizUserWidget",
    "DNDConfig": null,
    "_children_": [],
    "_height_": {
        "type": "ref",
        "value": "preferred"
    },
    "_left_": {
        "type": "string",
        "value": "0dp"
    },
    "_margin_": [
        0,
        0,
        0,
        0
    ],
    "_orientation_": 1,
    "_padding_": [
        0,
        0,
        0,
        0
    ],
    "_percent_": true,
    "_render_": true,
    "_skin_": "s4d6392bface4761840338d65d827a61",
    "_top_": {
        "type": "string",
        "value": "0dp"
    },
    "_width_": {
        "type": "string",
        "value": "100%"
    },
    "areflexpropsreferenced": false,
    "autogrowmode": 1,
    "canUpdateUI": true,
    "clipbounds": true,
    "containerweight": 0,
    "dataDiffs": {
        "CustomerFeedbackDetails": {
            "__events__": {},
            "__info__": {
                "isRoot": true,
                "kuid": "f9147a1f41ca4145b736ff9ea900c1ee",
                "srcKUID": "h93b40cf133945b9baf0de71c04b12c8",
                "wType": "FlexContainer"
            }
        },
        "confirmHeaders": {
            "__events__": {},
            "__info__": {
                "kuid": "e76071b574284dafaf79103286a8394a",
                "srcKUID": "jb718b007ee44a168260fdea5f79af0d",
                "wType": "UserWidgetInstance"
            }
        },
        "confirmHeaders.flxHeader": {
            "__events__": {},
            "__info__": {
                "kuid": "b105ddac302b4a76af9a4c7ab17f0a3b",
                "srcKUID": "bfbfb9f59a6f415880f5ba35fbddd249",
                "wType": "FlexContainer"
            }
        },
        "confirmHeaders.lblHeading": {
            "__events__": {},
            "__info__": {
                "kuid": "e5b637534fe94263b2213fe15334d127",
                "srcKUID": "b632c5d3e7934929bf29a1aa5ab625f2",
                "wType": "Label"
            }
        },
        "flxComments": {
            "__events__": {},
            "__info__": {
                "kuid": "a7877cb837164015beb7504a72d46a6b",
                "srcKUID": "g8dbda9e424e4334b9d728e9755a8ed0",
                "wType": "FlexContainer"
            }
        },
        "flxHorizontalLine": {
            "__events__": {},
            "__info__": {
                "kuid": "fbd3759d70214448b2993f60befc0860",
                "srcKUID": "icff8fe3507441cab5dbb4d0f425a0f4",
                "wType": "FlexContainer"
            }
        },
        "flxMain": {
            "__events__": {},
            "__info__": {
                "kuid": "f1d392eff3bc4dd0bf5ff950bb9aa6de",
                "srcKUID": "c19e50a5cbff43c694de5f500a6ec3ce",
                "wType": "FlexContainer"
            }
        },
        "flxQuestion1": {
            "__events__": {},
            "__info__": {
                "kuid": "g027b0dcd7a84cdb8280f1a084ea59c4",
                "srcKUID": "h2a40b37e8164755a6f5132077764448",
                "wType": "FlexContainer"
            }
        },
        "flxQuestion2": {
            "__events__": {},
            "__info__": {
                "kuid": "a37551c0f6064d9bacab840dfec12dd3",
                "srcKUID": "bfd793d8c75c4b03b5cee95565f837fc",
                "wType": "FlexContainer"
            }
        },
        "flxQuestion3": {
            "__events__": {},
            "__info__": {
                "kuid": "e494d16465624bf9b0559a869f111797",
                "srcKUID": "e57c06688c214905a35aa4683bdd95a1",
                "wType": "FlexContainer"
            }
        },
        "flxRateYourExperience": {
            "__events__": {},
            "__info__": {
                "kuid": "f3d123d81348436d818994e3c856ab5f",
                "srcKUID": "b54d49bbed594297afeb43490823061c",
                "wType": "FlexContainer"
            }
        },
        "flxRatingimg": {
            "__events__": {},
            "__info__": {
                "kuid": "ef7dcaf2fa1146ab8e54f3a778662533",
                "srcKUID": "c3ea265627264cddb93ed75039e2f6b3",
                "wType": "FlexContainer"
            }
        },
        "flxScrollContainerCustomerFeedback": {
            "__events__": {},
            "__info__": {
                "kuid": "bbe46da876174aab80c2cf01864ec8ee",
                "srcKUID": "c47df74481cc429790e6b72f2e4d12bc",
                "wType": "FlexScrollContainer"
            }
        },
        "flxaddress": {
            "__events__": {},
            "__info__": {
                "kuid": "f684bff717ee4dddbbe61d2c6601dd8a",
                "srcKUID": "ib601e53804948a5b346ee1a9ca07cad",
                "wType": "FlexContainer"
            }
        },
        "imgRating1": {
            "__events__": {},
            "__info__": {
                "kuid": "b54804dcdbaf464db61ba6eca1d8b4d9",
                "srcKUID": "fc4859bd90064eaba61ebc3db33b346f",
                "wType": "Label"
            }
        },
        "imgRating2": {
            "__events__": {},
            "__info__": {
                "kuid": "g87003be848c4d88b4bc1137823b7342",
                "srcKUID": "bc72e3e20dd8443b8a10225234414446",
                "wType": "Label"
            }
        },
        "imgRating3": {
            "__events__": {},
            "__info__": {
                "kuid": "a7ebd55a0a3a431da906d438407f7775",
                "srcKUID": "a695212537b3492387b0e687b364d51b",
                "wType": "Label"
            }
        },
        "imgRating4": {
            "__events__": {},
            "__info__": {
                "kuid": "e5d3aa56074b42deabd40d0fa7123d62",
                "srcKUID": "e1e45eb2c8fe4fea9f136ea93ca08724",
                "wType": "Label"
            }
        },
        "imgRating5": {
            "__events__": {},
            "__info__": {
                "kuid": "eb16aebac9f94f1a9b8984d7199b0caf",
                "srcKUID": "fb3c5ece4d7047baa06404c645f7bf31",
                "wType": "Label"
            }
        },
        "lblAddYourComments": {
            "__events__": {},
            "__info__": {
                "kuid": "h7116cd609d7416392992ca48ab10205",
                "srcKUID": "f43ee1c3ca61470584c296068f00036e",
                "wType": "Label"
            }
        },
        "lblAnswer1": {
            "__events__": {},
            "__info__": {
                "kuid": "bf3b2449607f470bb070c853b2ea08e4",
                "srcKUID": "idf5ae7cf2634114a38f3c757b78a8bf",
                "wType": "Label"
            }
        },
        "lblAnswer2": {
            "__events__": {},
            "__info__": {
                "kuid": "ab2d4cf4e5e64b7c8cb15bc099ed12c4",
                "srcKUID": "j4d5e4b1616a45e4ae2a6b9019da3d29",
                "wType": "Label"
            }
        },
        "lblAnswer3": {
            "__events__": {},
            "__info__": {
                "kuid": "d9d8ec0b3db9497dac699be6fac5127c",
                "srcKUID": "d8b1060a8780494e98a995f1d2fdb1c1",
                "wType": "Label"
            }
        },
        "lblQuestion1": {
            "__events__": {},
            "__info__": {
                "kuid": "icf6c3f5d865483bbca189e6b1139415",
                "srcKUID": "b8fb66250bcc4cf2928f6099d3ed351b",
                "wType": "Label"
            }
        },
        "lblQuestion2": {
            "__events__": {},
            "__info__": {
                "kuid": "h741c55f13c248298248eff617ab984f",
                "srcKUID": "i110e0adf66f4f278c34eb90388449db",
                "wType": "Label"
            }
        },
        "lblQuestion3": {
            "__events__": {},
            "__info__": {
                "kuid": "d9d64d08b517466f8dcce1a3aafad556",
                "srcKUID": "e4f90f81b314440b9423b2c9625e3d83",
                "wType": "Label"
            }
        },
        "lblRateYourExpeience": {
            "__events__": {},
            "__info__": {
                "kuid": "a874c1e58a344feebea9059ed7d3fb71",
                "srcKUID": "f7b7d185e60e41128b86e2a775d5893a",
                "wType": "Label"
            }
        },
        "lblcomments": {
            "__events__": {},
            "__info__": {
                "kuid": "b86efe2a385b485dbfbf99064eb0b6f2",
                "srcKUID": "c5107942216f4301b9dc9de13b3cd40d",
                "wType": "Label"
            }
        }
    },
    "id": "CustomerFeedbackDetails",
    "info": null,
    "isdatareferenced": false,
    "isvisible": true,
    "kuid": "ie7c9b0fab7541378555faf610e69095",
    "layouttype": 2,
    "masterType": 0,
    "name": "kony.ui.UserWidgetInstance",
    "parent": "flxTransactionDetails",
    "pf": "frmCustomerFeedbackSurvey",
    "snaptogrid": true,
    "sourceUserWidget": "h93b40cf133945b9baf0de71c04b12c8",
    "vizprops": {
        "hidewidgethierarchy": false
    },
    "wType": "UserWidgetInstance"
}