{
    "@class": "com.kony.gen.viz.model.component.KVizUserWidget",
    "DNDConfig": null,
    "_children_": [],
    "_height_": {
        "type": "string",
        "value": "268px"
    },
    "_left_": {
        "type": "string",
        "value": ""
    },
    "_margin_": [
        0,
        0,
        0,
        0
    ],
    "_orientation_": 1,
    "_padding_": [
        0,
        0,
        0,
        0
    ],
    "_percent_": true,
    "_skin_": "s701065f11074080832b59947e731160",
    "_top_": {
        "type": "string",
        "value": ""
    },
    "_width_": {
        "type": "string",
        "value": "500px"
    },
    "areflexpropsreferenced": true,
    "canUpdateUI": true,
    "centerx": {
        "type": "string",
        "value": "50%"
    },
    "centery": {
        "type": "string",
        "value": "50%"
    },
    "clipbounds": false,
    "containerweight": 0,
    "dataDiffs": {
        "CustomPopup": {
            "__events__": {},
            "__info__": {
                "isRoot": true,
                "kuid": "i1d723189ecd4fdb94d6757ad092a972",
                "srcKUID": "eb2d311dcb4744a7b05aa4f5428a6c53",
                "wType": "FlexContainer"
            }
        },
        "btnNo": {
            "__events__": {},
            "__info__": {
                "kuid": "fdbd6ceaf9454aa9b3deda3820d715ee",
                "srcKUID": "h61577b4448c4e22a2636221e8fe0d6d",
                "wType": "Button"
            }
        },
        "btnYes": {
            "__events__": {},
            "__info__": {
                "kuid": "c3a546d2a272444b8fc633e18886cfbc",
                "srcKUID": "e1c11d09edb846848d4aaf921cb1e5a0",
                "wType": "Button"
            }
        },
        "flxCross": {
            "__events__": {},
            "__info__": {
                "kuid": "jab240e64dd943118ae0f20c368978b8",
                "srcKUID": "h0a23469e8f44a2a81ff2a93652c5ead",
                "wType": "Button"
            }
        },
        "flxHeader": {
            "__events__": {},
            "__info__": {
                "kuid": "bc93a8788fc94709be87c1298a4b805e",
                "srcKUID": "b6d465d7232a428eba11c466c6843856",
                "wType": "FlexContainer"
            }
        },
        "flxSeperator": {
            "__events__": {},
            "__info__": {
                "kuid": "jc5d93450da7473896f5a2ebb2791cc4",
                "srcKUID": "b469cc45156e429d8fa47b9786168d10",
                "wType": "FlexContainer"
            }
        },
        "flxSeperator2": {
            "__events__": {},
            "__info__": {
                "kuid": "i4025fb13512463099dfca2801e06160",
                "srcKUID": "e909e4e4b4a145b1aa92b22ece7050d3",
                "wType": "FlexContainer"
            }
        },
        "lblHeading": {
            "__events__": {},
            "__info__": {
                "kuid": "b8f49b8663dd45a2901befe4790a2b6c",
                "srcKUID": "f97c1408984847af9f3cd9984a260c74",
                "wType": "Label"
            }
        },
        "lblPopupMessage": {
            "__events__": {},
            "__info__": {
                "kuid": "f7c0d0a99d7b44deaf57733e2d8ce047",
                "srcKUID": "f7c7509dccf24b88aeb13dc3d34fcc6b",
                "wType": "Label"
            }
        }
    },
    "enablescrolling": true,
    "id": "CustomPopupLogout",
    "info": null,
    "isdatareferenced": false,
    "isvisible": true,
    "kuid": "i1d723189ecd4fdb94d6757ad092a972",
    "layouttype": 2,
    "masterType": 0,
    "name": "kony.ui.UserWidgetInstance",
    "parent": "flxLogout",
    "pf": "frmCustomerFeedbackSurvey",
    "snapgridsize": 10,
    "snaptogrid": true,
    "sourceUserWidget": "eb2d311dcb4744a7b05aa4f5428a6c53",
    "wType": "UserWidgetInstance"
}