{
    "@class": "com.kony.gen.viz.model.component.KVizUserWidget",
    "DNDConfig": null,
    "_children_": [],
    "_height_": {
        "type": "ref",
        "value": "preferred"
    },
    "_left_": {
        "type": "string",
        "value": "0dp"
    },
    "_margin_": [
        0,
        0,
        0,
        0
    ],
    "_orientation_": 1,
    "_padding_": [
        0,
        0,
        0,
        0
    ],
    "_percent_": true,
    "_render_": true,
    "_skin_": "s4d6392bface4761840338d65d827a61",
    "_top_": {
        "type": "string",
        "value": "0dp"
    },
    "_width_": {
        "type": "string",
        "value": "100%"
    },
    "areflexpropsreferenced": false,
    "autogrowmode": 1,
    "canUpdateUI": true,
    "clipbounds": true,
    "containerweight": 0,
    "dataDiffs": {
        "FeedbackSurveymod": {
            "__events__": {},
            "__info__": {
                "isRoot": true,
                "kuid": "b335547c7d9b4bf7aaa3c9125e86046d",
                "srcKUID": "e0ae4a7802be4589b82b5242afe6d131",
                "wType": "FlexContainer"
            },
            "responsiveData": {
                "b3": {},
                "b4": {
                    "width": {
                        "type": "string",
                        "value": "100%"
                    }
                }
            },
            "top": {
                "Default": {
                    "type": "string",
                    "value": "0dp"
                }
            },
            "width": {}
        },
        "confirmButtons": {
            "__events__": {},
            "__info__": {
                "kuid": "af7e8683024347dbbdd4b765e09c6336",
                "srcKUID": "dddd91f7dc2542239c6cace1abfca629",
                "wType": "UserWidgetInstance"
            },
            "autogrowMode": {
                "Default": 0
            },
            "height": {},
            "left": {
                "Default": {
                    "type": "string",
                    "value": "0dp"
                }
            },
            "responsiveData": {
                "b2": {
                    "left": {
                        "type": "string",
                        "value": "0px"
                    }
                },
                "b3": {
                    "height": {
                        "type": "string",
                        "value": "140px"
                    }
                }
            }
        },
        "confirmButtons.btnCancel": {
            "__events__": {},
            "__info__": {
                "kuid": "d2ff189ba89d436480645caff9fd91fc",
                "srcKUID": "c69dd70537134dca91d79ecfae2ab801",
                "wType": "Button"
            },
            "isVisible": false,
            "responsiveData": {
                "b3": {
                    "centerY": {
                        "type": "string",
                        "value": "60%"
                    }
                }
            }
        },
        "confirmButtons.btnConfirm": {
            "__events__": {},
            "__info__": {
                "kuid": "b068b4088191479a9c16c399cb845f94",
                "srcKUID": "id4ed79fda4946d7b788005be824b480",
                "wType": "Button"
            },
            "centerY": {},
            "i18n_text": "i18n.CustomerFeedback.Submit",
            "left": {},
            "responsiveData": {
                "b1": {
                    "right": {
                        "type": "string",
                        "value": "2%"
                    },
                    "width": {
                        "type": "string",
                        "value": "147px"
                    }
                },
                "b2": {
                    "width": {
                        "type": "string",
                        "value": "147px"
                    }
                },
                "b3": {
                    "centerY": {
                        "type": "string",
                        "value": ""
                    },
                    "left": {
                        "type": "string",
                        "value": "10dp"
                    },
                    "right": {
                        "type": "string",
                        "value": "10dp"
                    },
                    "top": {
                        "type": "string",
                        "value": "20dp"
                    },
                    "width": {
                        "type": "string",
                        "value": ""
                    }
                },
                "b4": {
                    "width": {
                        "type": "string",
                        "value": "15%"
                    }
                }
            },
            "right": {
                "Default": {
                    "type": "string",
                    "value": "2.20%"
                }
            },
            "top": {},
            "width": {
                "Default": {
                    "type": "string",
                    "value": "21.41%"
                }
            }
        },
        "confirmButtons.btnModify": {
            "__events__": {},
            "__info__": {
                "kuid": "b776654e4fbf4499b1f6684860f80671",
                "srcKUID": "ib356fc7a2664bdfa2d82ba1e6d9bf5a",
                "wType": "Button"
            },
            "centerY": {},
            "i18n_text": "i18n.transfers.Cancel",
            "left": {},
            "responsiveData": {
                "b1": {
                    "right": {
                        "type": "string",
                        "value": "200px"
                    },
                    "width": {
                        "type": "string",
                        "value": "147px"
                    }
                },
                "b2": {
                    "right": {
                        "type": "string",
                        "value": "200px"
                    },
                    "width": {
                        "type": "string",
                        "value": "147px"
                    }
                },
                "b3": {
                    "centerY": {
                        "type": "string",
                        "value": ""
                    },
                    "left": {
                        "type": "string",
                        "value": "10dp"
                    },
                    "right": {
                        "type": "string",
                        "value": "10dp"
                    },
                    "top": {
                        "type": "string",
                        "value": "80dp"
                    },
                    "width": {
                        "type": "string",
                        "value": ""
                    }
                },
                "b4": {
                    "right": {
                        "type": "string",
                        "value": "20%"
                    },
                    "width": {
                        "type": "string",
                        "value": "15%"
                    }
                }
            },
            "right": {},
            "top": {},
            "width": {}
        },
        "confirmButtons.flxHorizontalLine": {
            "__events__": {},
            "__info__": {
                "kuid": "hdaa8cbbc7ee46b6b6f22a9efaf7a872",
                "srcKUID": "daa090bb00594a999e8dd106a8d4f9ec",
                "wType": "FlexContainer"
            },
            "centerX": {},
            "left": {},
            "responsiveData": {
                "b1": {
                    "left": {
                        "type": "string",
                        "value": "20px"
                    },
                    "right": {
                        "type": "string",
                        "value": "20px"
                    }
                },
                "b2": {
                    "left": {
                        "type": "string",
                        "value": "20px"
                    },
                    "right": {
                        "type": "string",
                        "value": "20px"
                    }
                },
                "b3": {
                    "left": {
                        "type": "string",
                        "value": "10px"
                    },
                    "right": {
                        "type": "string",
                        "value": "10px"
                    }
                },
                "b4": {
                    "centerX": {
                        "type": "string",
                        "value": "50%"
                    },
                    "left": {
                        "type": "string",
                        "value": ""
                    },
                    "right": {
                        "type": "string",
                        "value": ""
                    },
                    "width": {
                        "type": "string",
                        "value": "97%"
                    }
                }
            },
            "right": {},
            "width": {}
        },
        "flxHeader": {
            "__events__": {},
            "__info__": {
                "kuid": "g71a4d5bf580477d9ab8b42ae7b33dbd",
                "srcKUID": "c08871b8956d44f88dc37ada170d1421",
                "wType": "FlexContainer"
            },
            "autogrowMode": {
                "Default": 0
            },
            "centerX": {
                "Default": {
                    "type": "string",
                    "value": ""
                }
            },
            "height": {},
            "isVisible": false,
            "left": {
                "Default": {
                    "type": "string",
                    "value": "0dp"
                }
            },
            "responsiveData": {
                "b3": {
                    "height": {
                        "type": "string",
                        "value": "60dp"
                    }
                },
                "b4": {
                    "height": {
                        "type": "string",
                        "value": "60dp"
                    }
                }
            },
            "width": {
                "Default": {
                    "type": "string",
                    "value": "110%"
                }
            }
        },
        "flxHorizontalLine": {
            "__events__": {},
            "__info__": {
                "kuid": "d419099cda1a4e2992472a8ebc3684e5",
                "srcKUID": "d9f8a5f692534f1db8bd5f50ecb06a3c",
                "wType": "FlexContainer"
            },
            "isVisible": false,
            "responsiveData": {
                "b3": {}
            }
        },
        "flxMain": {
            "__events__": {},
            "__info__": {
                "kuid": "jf46b10457614f7cbaad339457b8c0a9",
                "srcKUID": "b15afc672e0648339ac45938d7386d3b",
                "wType": "FlexContainer"
            },
            "left": {},
            "responsiveData": {
                "b2": {
                    "left": {
                        "type": "string",
                        "value": "0dp"
                    },
                    "width": {
                        "type": "string",
                        "value": "100%"
                    }
                },
                "b4": {
                    "left": {
                        "type": "string",
                        "value": "0dp"
                    }
                }
            },
            "width": {
                "Default": {
                    "type": "string",
                    "value": "100%"
                }
            }
        },
        "lblHeading": {
            "__events__": {},
            "__info__": {
                "kuid": "ie7830354d8c4655af834a191d1192db",
                "srcKUID": "gd9dbb703f184057bed42be05c834baa",
                "wType": "Label"
            },
            "responsiveData": {
                "b4": {
                    "top": {
                        "type": "string",
                        "value": "20dp"
                    }
                }
            },
            "top": {}
        },
        "segSurveyQuestion1": {
            "__events__": {},
            "__info__": {
                "kuid": "ja08f79d97c24b85ae0635a705545c72",
                "srcKUID": "c76a433782194707b58294903c72f2a4",
                "wType": "Segment"
            },
            "left": {
                "Default": {
                    "type": "string",
                    "value": "0dp"
                }
            },
            "responsiveData": {
                "b2": {
                    "left": {
                        "type": "string",
                        "value": "0px"
                    },
                    "top": {
                        "type": "string",
                        "value": "0dp"
                    },
                    "width": {
                        "type": "string",
                        "value": "100%"
                    }
                },
                "b3": {
                    "top": {
                        "type": "string",
                        "value": "0dp"
                    }
                }
            },
            "top": {},
            "width": {
                "Default": {
                    "type": "string",
                    "value": "100%"
                }
            }
        }
    },
    "id": "FeedbackSurvey",
    "info": null,
    "isdatareferenced": false,
    "isvisible": true,
    "kuid": "b335547c7d9b4bf7aaa3c9125e86046d",
    "layouttype": 2,
    "masterType": 0,
    "name": "kony.ui.UserWidgetInstance",
    "parent": "flxFeedbackSurvey",
    "pf": "frmCustomerFeedbackSurvey",
    "snaptogrid": true,
    "sourceUserWidget": "e0ae4a7802be4589b82b5242afe6d131",
    "vizprops": {
        "hidewidgethierarchy": false
    },
    "wType": "UserWidgetInstance"
}