{
    "DNDConfig": null,
    "_height_": {
        "type": "ref",
        "value": "preferred"
    },
    "_left_": {
        "type": "string",
        "value": "5dp"
    },
    "_margin_": [
        0,
        0,
        0,
        0
    ],
    "_orientation_": 6,
    "_padding_": [
        0,
        0,
        0,
        0
    ],
    "_percent_": true,
    "_right_": {
        "type": "number",
        "value": ""
    },
    "_skin_": "sd16ce1e169e41989424e7544cbf4816",
    "_top_": {
        "type": "string",
        "value": "0dp"
    },
    "_width_": {
        "type": "string",
        "value": "99.10%"
    },
    "accessibilityconfig": {
        "a11yARIA": {
            "tabindex": -1
        }
    },
    "allboxes": [],
    "autogrowmode": 1,
    "canUpdateUI": true,
    "children": [
        "flxThankyouWrapper"
    ],
    "clipbounds": false,
    "containerweight": 100,
    "enablescrolling": true,
    "id": "flxAcknowledgementThankyouMessage",
    "info": null,
    "isvisible": true,
    "kuid": "f669f6f80e214733ab4ab9dd3600da8f",
    "layouttype": 4,
    "name": "kony.ui.FlexContainer",
    "parent": "flxFeedbackAcknowledgementSurvey",
    "pf": "frmCustomerFeedbackSurvey",
    "responsiveData": {
        "b3": {
            "right": {
                "type": "string",
                "value": ""
            },
            "width": {
                "type": "string",
                "value": "98.70%"
            }
        },
        "b4": {}
    },
    "snapgridsize": 10,
    "snaptogrid": true,
    "wType": "FlexContainer",
    "widgetalignment": 1,
    "zindex": 1
}