{
    "DNDConfig": null,
    "_height_": {
        "type": "string",
        "value": "605dp"
    },
    "_left_": {
        "type": "string",
        "value": "0dp"
    },
    "_margin_": [
        0,
        0,
        0,
        0
    ],
    "_orientation_": 6,
    "_padding_": [
        0,
        0,
        0,
        0
    ],
    "_percent_": true,
    "_skin_": "sb75f187c17c456fb0450d66550451bb",
    "_top_": {
        "type": "string",
        "value": "0dp"
    },
    "_width_": {
        "type": "string",
        "value": "100%"
    },
    "accessibilityconfig": {
        "a11yARIA": {
            "tabindex": -1
        }
    },
    "allboxes": [],
    "canUpdateUI": true,
    "centerx": {
        "type": "string",
        "value": "50%"
    },
    "children": [
        "flxAcknowledgementMain",
        "flxTransactionDetails",
        "btnAddAnotherAccount",
        "flxSpace"
    ],
    "clipbounds": false,
    "containerweight": 100,
    "enablescrolling": true,
    "id": "flxAcknowledgementContainer",
    "info": null,
    "isvisible": false,
    "kuid": "e08b9c2e8acf4dceaeac5f6daec53050",
    "layouttype": 2,
    "name": "kony.ui.FlexContainer",
    "parent": "flxMainContainer",
    "pf": "frmCustomerFeedbackSurvey",
    "responsiveData": {
        "b1": {
            "centerX": {
                "type": "string",
                "value": "51%"
            }
        },
        "b2": {},
        "b3": {
            "height": {
                "type": "ref",
                "value": "preferred"
            },
            "left": {
                "type": "string",
                "value": "0dp"
            }
        },
        "b4": {}
    },
    "snapgridsize": 10,
    "snaptogrid": true,
    "wType": "FlexContainer",
    "widgetalignment": 1,
    "zindex": 1
}