{
    "DNDConfig": null,
    "_height_": {
        "type": "ref",
        "value": "preferred"
    },
    "_left_": {
        "type": "string",
        "value": "0dp"
    },
    "_margin_": [
        0,
        0,
        0,
        0
    ],
    "_orientation_": 6,
    "_padding_": [
        0,
        0,
        0,
        0
    ],
    "_percent_": true,
    "_skin_": "sb75f187c17c456fb0450d66550451bb",
    "_top_": {
        "type": "string",
        "value": "0dp"
    },
    "_width_": {
        "type": "string",
        "value": "1366dp"
    },
    "accessibilityconfig": {
        "a11yARIA": {
            "tabindex": -1
        }
    },
    "allboxes": [],
    "autogrowmode": 1,
    "canUpdateUI": true,
    "centerx": {
        "type": "string",
        "value": ""
    },
    "children": [
        "flxFSSurvey",
        "flxFeedbackSurvey"
    ],
    "clipbounds": false,
    "containerweight": 100,
    "enablescrolling": true,
    "id": "flxFeedbackSurveyContainer",
    "info": null,
    "isvisible": true,
    "kuid": "h6a3167ab49a4c3db90008f6d5459b9b",
    "layouttype": 4,
    "name": "kony.ui.FlexContainer",
    "parent": "flxMainContainer",
    "pf": "frmCustomerFeedbackSurvey",
    "responsiveData": {
        "b1": {},
        "b2": {
            "height": {
                "type": "ref",
                "value": "preferred"
            },
            "top": {
                "type": "string",
                "value": "0dp"
            },
            "width": {
                "type": "string",
                "value": "100%"
            }
        },
        "b3": {
            "top": {
                "type": "string",
                "value": "10dp"
            },
            "width": {
                "type": "string",
                "value": "100%"
            }
        },
        "b4": {
            "width": {
                "type": "string",
                "value": "100%"
            }
        }
    },
    "snapgridsize": 10,
    "snaptogrid": true,
    "wType": "FlexContainer",
    "widgetalignment": 1,
    "zindex": 1
}