{
    "DNDConfig": null,
    "_height_": {
        "type": "ref",
        "value": "preferred"
    },
    "_left_": {
        "type": "number",
        "value": ""
    },
    "_margin_": [
        0,
        0,
        0,
        0
    ],
    "_orientation_": 6,
    "_padding_": [
        0,
        0,
        0,
        0
    ],
    "_percent_": true,
    "_right_": {
        "type": "number",
        "value": ""
    },
    "_skin_": "sb75f187c17c456fb0450d66550451bb",
    "_top_": {
        "type": "string",
        "value": "0dp"
    },
    "_width_": {
        "type": "string",
        "value": "1366dp"
    },
    "accessibilityconfig": {
        "a11yARIA": {
            "tabindex": -1
        }
    },
    "allboxes": [],
    "autogrowmode": 1,
    "canUpdateUI": true,
    "centerx": {
        "type": "string",
        "value": "50%"
    },
    "children": [
        "flxAcknowledgementThankyouMessage",
        "flxFeedbackDetails"
    ],
    "clipbounds": false,
    "containerweight": 100,
    "enablescrolling": true,
    "id": "flxFeedbackAcknowledgementSurvey",
    "info": null,
    "isvisible": true,
    "kuid": "c131f06f706d42518f0991404efa01d3",
    "layouttype": 4,
    "name": "kony.ui.FlexContainer",
    "parent": "flxFeedbackAcknowledgement",
    "pf": "frmCustomerFeedbackSurvey",
    "responsiveData": {
        "b1": {
            "centerX": {
                "type": "string",
                "value": ""
            },
            "width": {
                "type": "string",
                "value": "100%"
            }
        },
        "b2": {
            "left": {
                "type": "string",
                "value": "83dp"
            },
            "right": {
                "type": "string",
                "value": "85dp"
            },
            "width": {
                "type": "string",
                "value": ""
            }
        },
        "b3": {
            "left": {
                "type": "string",
                "value": "10dp"
            },
            "right": {
                "type": "string",
                "value": "10dp"
            },
            "width": {
                "type": "string",
                "value": ""
            }
        },
        "b4": {
            "left": {
                "type": "string",
                "value": "24dp"
            },
            "right": {
                "type": "string",
                "value": "24dp"
            },
            "width": {
                "type": "string",
                "value": ""
            }
        }
    },
    "snapgridsize": 10,
    "snaptogrid": true,
    "wType": "FlexContainer",
    "widgetalignment": 1,
    "zindex": 1
}