{
    "DNDConfig": null,
    "_height_": {
        "type": "string",
        "value": "75dp"
    },
    "_left_": {
        "type": "number",
        "value": ""
    },
    "_margin_": [
        0,
        0,
        0,
        0
    ],
    "_orientation_": 6,
    "_padding_": [
        0,
        0,
        0,
        0
    ],
    "_percent_": true,
    "_right_": {
        "type": "number",
        "value": ""
    },
    "_skin_": "s24c92fc23b14f5484b693ee9b8a9b35",
    "_top_": {
        "type": "string",
        "value": "0dp"
    },
    "_width_": {
        "type": "string",
        "value": "100%"
    },
    "accessibilityconfig": {
        "a11yARIA": {
            "tabindex": -1
        }
    },
    "allboxes": [],
    "canUpdateUI": true,
    "children": [
        "lblFSSurvey"
    ],
    "clipbounds": true,
    "containerweight": 100,
    "enablescrolling": true,
    "id": "flxFSSurvey",
    "info": null,
    "isvisible": true,
    "kuid": "j6d4a02d459b453b93c383b601562546",
    "layouttype": 2,
    "name": "kony.ui.FlexContainer",
    "parent": "flxFeedbackSurveyContainer",
    "pf": "frmCustomerFeedbackSurvey",
    "responsiveData": {
        "b1": {
            "height": {
                "type": "string",
                "value": "65dp"
            }
        },
        "b2": {
            "height": {
                "type": "string",
                "value": "65dp"
            }
        },
        "b3": {
            "isVisible": false
        },
        "b4": {
            "height": {
                "type": "string",
                "value": "60dp"
            },
            "left": {
                "type": "string",
                "value": ""
            },
            "right": {
                "type": "string",
                "value": ""
            },
            "top": {
                "type": "string",
                "value": "0dp"
            }
        }
    },
    "snapgridsize": 10,
    "snaptogrid": true,
    "wType": "FlexContainer",
    "widgetalignment": 1,
    "zindex": 20
}