{
    "DNDConfig": null,
    "_bottom_": {
        "type": "string",
        "value": ""
    },
    "_height_": {
        "type": "ref",
        "value": "preferred"
    },
    "_left_": {
        "type": "string",
        "value": ""
    },
    "_margin_": [
        0,
        0,
        0,
        0
    ],
    "_orientation_": 6,
    "_padding_": [
        0,
        0,
        0,
        0
    ],
    "_percent_": true,
    "_right_": {
        "type": "string",
        "value": ""
    },
    "_skin_": "s99953ae6fb84054bcfed3d722884526",
    "_top_": {
        "type": "string",
        "value": "0dp"
    },
    "_width_": {
        "type": "string",
        "value": "100%"
    },
    "accessibilityconfig": {
        "a11yARIA": {
            "tabindex": -1
        }
    },
    "allboxes": [],
    "autogrowmode": 1,
    "canUpdateUI": true,
    "centerx": {
        "type": "string",
        "value": ""
    },
    "children": [
        "FeedbackSurvey"
    ],
    "clipbounds": false,
    "containerweight": 100,
    "enablescrolling": true,
    "id": "flxFeedbackSurvey",
    "info": null,
    "isvisible": true,
    "kuid": "ad7243f6b8294f569922e2738fd12366",
    "layouttype": 4,
    "name": "kony.ui.FlexContainer",
    "parent": "flxFeedbackSurveyContainer",
    "pf": "frmCustomerFeedbackSurvey",
    "responsiveData": {
        "b1": {},
        "b2": {
            "height": {
                "type": "ref",
                "value": "preferred"
            },
            "isVisible": true
        },
        "b3": {},
        "b4": {
            "top": {
                "type": "string",
                "value": "20dp"
            }
        }
    },
    "snapgridsize": 10,
    "snaptogrid": true,
    "wType": "FlexContainer",
    "widgetalignment": 1,
    "zindex": 1
}