{
    "DNDConfig": null,
    "_height_": {
        "type": "string",
        "value": "150dp"
    },
    "_left_": {
        "type": "string",
        "value": "0dp"
    },
    "_margin_": [
        0,
        0,
        0,
        0
    ],
    "_orientation_": 6,
    "_padding_": [
        0,
        0,
        0,
        0
    ],
    "_percent_": true,
    "_skin_": "scbd4cac3526468089bf3013adff0549",
    "_top_": {
        "type": "string",
        "value": "20dp"
    },
    "_width_": {
        "type": "string",
        "value": "100%"
    },
    "accessibilityconfig": {
        "a11yARIA": {
            "tabindex": -1
        }
    },
    "allboxes": [],
    "canUpdateUI": true,
    "children": [
        "CustomFooterMain"
    ],
    "clipbounds": false,
    "containerweight": 100,
    "enablescrolling": true,
    "id": "flxFooter",
    "info": null,
    "isvisible": true,
    "kuid": "c70773fb0b3a454298fe17f4513ae777",
    "layouttype": 2,
    "name": "kony.ui.FlexContainer",
    "parent": "flxMainScroll",
    "pf": "frmCustomerFeedbackSurvey",
    "responsiveData": {
        "b2": {},
        "b3": {
            "isVisible": true,
            "top": {
                "type": "string",
                "value": "90dp"
            },
            "zIndex": 1
        },
        "b4": {
            "zIndex": 1
        }
    },
    "snapgridsize": 10,
    "snaptogrid": true,
    "wType": "FlexContainer",
    "widgetalignment": 1,
    "zindex": 1
}