{
    "DNDConfig": null,
    "_height_": {
        "type": "ref",
        "value": "preferred"
    },
    "_left_": {
        "type": "string",
        "value": "53dp"
    },
    "_margin_": [
        0,
        0,
        0,
        0
    ],
    "_orientation_": 6,
    "_padding_": [
        0,
        0,
        0,
        0
    ],
    "_percent_": true,
    "_skin_": "s24c92fc23b14f5484b693ee9b8a9b35",
    "_top_": {
        "type": "string",
        "value": "5dp"
    },
    "_width_": {
        "type": "string",
        "value": "100%"
    },
    "accessibilityconfig": {
        "a11yARIA": {
            "tabindex": -1
        }
    },
    "allboxes": [],
    "autogrowmode": 1,
    "canUpdateUI": true,
    "children": [
        "lblAck",
        "flxHorizontalLine2"
    ],
    "clipbounds": true,
    "containerweight": 100,
    "enablescrolling": true,
    "id": "flxHeaderAck",
    "info": null,
    "iscustomlayout": false,
    "isvisible": true,
    "kuid": "a7a393a5a49d493a881bfb854772513c",
    "layouttype": 4,
    "name": "kony.ui.FlexContainer",
    "parent": "flxThankyouWrapper",
    "pf": "frmCustomerFeedbackSurvey",
    "responsiveData": {
        "b1": {
            "isVisible": false
        },
        "b2": {
            "isVisible": false
        },
        "b3": {
            "isVisible": true,
            "left": {
                "type": "string",
                "value": "0dp"
            }
        },
        "b4": {
            "isVisible": true,
            "left": {
                "type": "string",
                "value": "0dp"
            }
        }
    },
    "retaincontentalignment": false,
    "retainflexpositionproperties": false,
    "snapgridsize": 10,
    "snaptogrid": true,
    "wType": "FlexContainer",
    "widgetalignment": 1,
    "zindex": 1
}