{
    "DNDConfig": null,
    "_bottom_": {
        "type": "number",
        "value": ""
    },
    "_height_": {
        "type": "ref",
        "value": "preferred"
    },
    "_left_": {
        "type": "string",
        "value": "0dp"
    },
    "_margin_": [
        0,
        0,
        0,
        0
    ],
    "_orientation_": 6,
    "_padding_": [
        0,
        0,
        0,
        0
    ],
    "_percent_": true,
    "_skin_": "s24c92fc23b14f5484b693ee9b8a9b35",
    "_top_": {
        "type": "string",
        "value": "0dp"
    },
    "_width_": {
        "type": "string",
        "value": "100%"
    },
    "accessibilityconfig": {
        "a11yARIA": {
            "tabindex": -1
        }
    },
    "allboxes": [],
    "autogrowmode": 1,
    "canUpdateUI": true,
    "children": [
        "customheader",
        "flxLoginMobile"
    ],
    "clipbounds": false,
    "containerweight": 100,
    "enablescrolling": true,
    "id": "flxHeaderPostLogin",
    "info": null,
    "isvisible": true,
    "kuid": "jacdbe929447434eb1eee9798001d28f",
    "layouttype": 4,
    "name": "kony.ui.FlexContainer",
    "parent": "frmCustomerFeedbackSurvey",
    "pf": "frmCustomerFeedbackSurvey",
    "responsiveData": {
        "b1": {
            "height": {
                "type": "ref",
                "value": "preferred"
            },
            "isVisible": true
        },
        "b2": {
            "bottom": {
                "type": "string",
                "value": ""
            },
            "height": {
                "type": "ref",
                "value": "preferred"
            },
            "isVisible": true
        },
        "b3": {
            "height": {
                "type": "string",
                "value": "51dp"
            },
            "isVisible": true,
            "layoutType": 2
        }
    },
    "snapgridsize": 10,
    "snaptogrid": true,
    "wType": "FlexContainer",
    "widgetalignment": 1,
    "zindex": 1000
}