{
    "DNDConfig": null,
    "_height_": {
        "type": "string",
        "value": "42dp"
    },
    "_left_": {
        "type": "string",
        "value": "6%"
    },
    "_margin_": [
        0,
        0,
        0,
        0
    ],
    "_orientation_": 6,
    "_padding_": [
        0,
        0,
        0,
        0
    ],
    "_percent_": true,
    "_skin_": "s8ebbf74819f4e4bbe88880431c74818",
    "_width_": {
        "type": "string",
        "value": "160dp"
    },
    "allboxes": [],
    "autogrowmode": 0,
    "canUpdateUI": true,
    "centery": {
        "type": "string",
        "value": "50%"
    },
    "children": [
        "imgKony"
    ],
    "clipbounds": false,
    "containerweight": 100,
    "enablescrolling": true,
    "id": "flxImgKony",
    "info": null,
    "iscustomlayout": false,
    "isvisible": true,
    "kuid": "ab815a83637a4cb3a4731b6f0c4c2093",
    "layouttype": 2,
    "name": "kony.ui.FlexContainer",
    "parent": "flxMainHeader",
    "pf": "frmCustomerFeedbackSurvey",
    "responsiveData": {
        "b3": {
            "isVisible": false
        },
        "b4": {
            "left": {
                "type": "string",
                "value": "2.50%"
            }
        }
    },
    "retaincontentalignment": false,
    "retainflexpositionproperties": false,
    "retainflowhorizontalalignment": false,
    "snapgridsize": 10,
    "snaptogrid": true,
    "wType": "FlexContainer",
    "widgetalignment": 1
}