{
    "DNDConfig": null,
    "_height_": {
        "type": "string",
        "value": "70px"
    },
    "_left_": {
        "type": "string",
        "value": "0%"
    },
    "_margin_": [
        0,
        0,
        0,
        0
    ],
    "_orientation_": 6,
    "_padding_": [
        0,
        0,
        0,
        0
    ],
    "_percent_": true,
    "_skin_": "s24c92fc23b14f5484b693ee9b8a9b35",
    "_top_": {
        "type": "string",
        "value": "0dp"
    },
    "_width_": {
        "type": "string",
        "value": "1366dp"
    },
    "accessibilityconfig": {
        "a11yARIA": {
            "tabindex": -1
        }
    },
    "allboxes": [],
    "canUpdateUI": true,
    "centerx": {
        "type": "string",
        "value": "50%"
    },
    "children": [
        "btnSkip",
        "flxImgKony",
        "imgReminder",
        "lblKonyBank",
        "lblSeperator",
        "btnLogin",
        "flxPreLogout"
    ],
    "clipbounds": false,
    "containerweight": 100,
    "enablescrolling": true,
    "id": "flxMainHeader",
    "info": null,
    "isvisible": true,
    "kuid": "c29af78e48a1408897c84e79a0108c0f",
    "layouttype": 2,
    "name": "kony.ui.FlexContainer",
    "parent": "flxHeaderPreLogin",
    "pf": "frmCustomerFeedbackSurvey",
    "responsiveData": {
        "b2": {
            "width": {
                "type": "string",
                "value": "100%"
            }
        },
        "b3": {
            "height": {
                "type": "string",
                "value": "100%"
            },
            "width": {
                "type": "string",
                "value": "100%"
            }
        },
        "b4": {
            "width": {
                "type": "string",
                "value": "100%"
            }
        }
    },
    "snapgridsize": 10,
    "snaptogrid": true,
    "wType": "FlexContainer",
    "widgetalignment": 1,
    "zindex": 3
}