{
    "DNDConfig": null,
    "_height_": {
        "type": "string",
        "value": "500dp"
    },
    "_left_": {
        "type": "string",
        "value": "0dp"
    },
    "_margin_": [
        0,
        0,
        0,
        0
    ],
    "_orientation_": 6,
    "_padding_": [
        0,
        0,
        0,
        0
    ],
    "_percent_": true,
    "_skin_": "sf87b9fc198b4b73b0e9ab6daf815143",
    "_top_": {
        "type": "string",
        "value": "0dp"
    },
    "_width_": {
        "type": "string",
        "value": "100%"
    },
    "accessibilityconfig": {
        "a11yARIA": {
            "tabindex": -1
        }
    },
    "allboxes": [],
    "autogrowmode": 0,
    "canUpdateUI": true,
    "children": [
        "CustomPopup"
    ],
    "clipbounds": false,
    "containerweight": 100,
    "enablescrolling": true,
    "id": "flxPopup",
    "info": null,
    "isvisible": false,
    "kuid": "f7222a5a92ce41938f085d0503454b08",
    "layouttype": 2,
    "name": "kony.ui.FlexContainer",
    "parent": "frmCustomerFeedbackSurvey",
    "pf": "frmCustomerFeedbackSurvey",
    "snapgridsize": 10,
    "snaptogrid": true,
    "wType": "FlexContainer",
    "widgetalignment": 1,
    "zindex": 1200
}