{
    "DNDConfig": null,
    "_height_": {
        "type": "string",
        "value": "1dp"
    },
    "_left_": {
        "type": "number",
        "value": ""
    },
    "_margin_": [
        0,
        0,
        0,
        0
    ],
    "_orientation_": 6,
    "_padding_": [
        0,
        0,
        0,
        0
    ],
    "_percent_": true,
    "_skin_": "s2f1930e68bc4b258cfe821e7f0122cd",
    "_top_": {
        "type": "string",
        "value": "40dp"
    },
    "_width_": {
        "type": "string",
        "value": "95%"
    },
    "accessibilityconfig": {
        "a11yARIA": {
            "tabindex": -1
        },
        "a11yHidden": true
    },
    "allboxes": [],
    "autogrowmode": 0,
    "canUpdateUI": true,
    "centerx": {
        "type": "string",
        "value": "50%"
    },
    "children": [],
    "clipbounds": true,
    "containerweight": 100,
    "enablescrolling": true,
    "id": "flxSeperatorhor",
    "info": null,
    "isvisible": true,
    "kuid": "d38ec905bf00470c934e3c33065db28b",
    "layouttype": 4,
    "name": "kony.ui.FlexContainer",
    "parent": "flxFeedbackDetails",
    "pf": "frmCustomerFeedbackSurvey",
    "responsiveData": {
        "b1": {
            "top": {
                "type": "string",
                "value": "37dp"
            }
        },
        "b2": {
            "centerX": {
                "type": "string",
                "value": ""
            },
            "left": {
                "type": "string",
                "value": "2.20%"
            },
            "width": {
                "type": "string",
                "value": "95%"
            }
        }
    },
    "snapgridsize": 10,
    "snaptogrid": true,
    "wType": "FlexContainer",
    "widgetalignment": 1,
    "zindex": 5
}