{
    "DNDConfig": null,
    "_height_": {
        "type": "string",
        "value": "18dp"
    },
    "_left_": {
        "type": "string",
        "value": "0"
    },
    "_margin_": [
        0,
        0,
        0,
        0
    ],
    "_orientation_": 6,
    "_padding_": [
        0,
        0,
        0,
        0
    ],
    "_percent_": true,
    "_skin_": "s3efebb76857444bbcfc6ec4e6b773c7",
    "_top_": {
        "type": "string",
        "value": "2dp"
    },
    "_width_": {
        "type": "string",
        "value": "100%"
    },
    "accessibilityconfig": {
        "a11yARIA": {
            "tabindex": -1
        },
        "a11yHidden": true
    },
    "allboxes": [],
    "autogrowmode": 0,
    "canUpdateUI": true,
    "children": [],
    "clipbounds": false,
    "containerweight": 100,
    "enablescrolling": true,
    "id": "flxSeperator3",
    "info": null,
    "iscustomlayout": false,
    "isvisible": true,
    "kuid": "c1b17017c5e748f6aa26d328f4913e86",
    "layouttype": 2,
    "name": "kony.ui.FlexContainer",
    "parent": "flxThankyouWrapper",
    "pf": "frmCustomerFeedbackSurvey",
    "retaincontentalignment": false,
    "retainflexpositionproperties": false,
    "retainflowhorizontalalignment": false,
    "snapgridsize": 10,
    "snaptogrid": true,
    "wType": "FlexContainer",
    "widgetalignment": 1
}