{
    "DNDConfig": null,
    "_height_": {
        "type": "string",
        "value": "36dp"
    },
    "_left_": {
        "type": "string",
        "value": "0dp"
    },
    "_margin_": [
        0,
        0,
        0,
        0
    ],
    "_orientation_": 6,
    "_padding_": [
        0,
        0,
        0,
        0
    ],
    "_percent_": true,
    "_skin_": "s24c92fc23b14f5484b693ee9b8a9b35",
    "_top_": {
        "type": "string",
        "value": "667dp"
    },
    "_width_": {
        "type": "string",
        "value": "100%"
    },
    "accessibilityconfig": {
        "a11yARIA": {
            "tabindex": -1
        },
        "a11yHidden": true
    },
    "allboxes": [],
    "autogrowmode": 0,
    "canUpdateUI": true,
    "children": [],
    "clipbounds": true,
    "containerweight": 100,
    "enablescrolling": true,
    "id": "flxSpace",
    "info": null,
    "isvisible": true,
    "kuid": "bbc59c3d4b02474f9ad1d365b8665304",
    "layouttype": 2,
    "name": "kony.ui.FlexContainer",
    "parent": "flxAcknowledgementContainer",
    "pf": "frmCustomerFeedbackSurvey",
    "snapgridsize": 10,
    "snaptogrid": true,
    "wType": "FlexContainer",
    "widgetalignment": 1,
    "zindex": 1
}