{
    "DNDConfig": null,
    "_height_": {
        "type": "string",
        "value": "8dp"
    },
    "_left_": {
        "type": "string",
        "value": "0%"
    },
    "_margin_": [
        0,
        0,
        0,
        0
    ],
    "_orientation_": 6,
    "_padding_": [
        0,
        0,
        0,
        0
    ],
    "_percent_": true,
    "_skin_": "s0fa73f078e247aca7c561229c33c48f",
    "_top_": {
        "type": "string",
        "value": "70dp"
    },
    "_width_": {
        "type": "string",
        "value": "100%"
    },
    "accessibilityconfig": {
        "a11yARIA": {
            "tabindex": -1
        },
        "a11yHidden": true
    },
    "allboxes": [],
    "autogrowmode": 0,
    "canUpdateUI": true,
    "children": [],
    "clipbounds": true,
    "containerweight": 100,
    "desktopweb": {
        "psp": {
            "hoverSkin": "sc0dea09ed144cb08ae038da5e206ec9"
        }
    },
    "enablescrolling": true,
    "id": "flxSeperatorHor2",
    "info": null,
    "isvisible": true,
    "kuid": "g6aa014dc92541918d25b7438c0cee03",
    "layouttype": 4,
    "name": "kony.ui.FlexContainer",
    "parent": "flxHeaderPreLogin",
    "pf": "frmCustomerFeedbackSurvey",
    "snapgridsize": 10,
    "snaptogrid": true,
    "wType": "FlexContainer",
    "widgetalignment": 1,
    "zindex": 100
}