{
    "DNDConfig": null,
    "_height_": {
        "type": "string",
        "value": "410dp"
    },
    "_left_": {
        "type": "string",
        "value": "50.59%"
    },
    "_margin_": [
        0,
        0,
        0,
        0
    ],
    "_orientation_": 6,
    "_padding_": [
        0,
        0,
        0,
        0
    ],
    "_percent_": true,
    "_right_": {
        "type": "number",
        "value": ""
    },
    "_skin_": "s99953ae6fb84054bcfed3d722884526",
    "_top_": {
        "type": "string",
        "value": "68dp"
    },
    "_width_": {
        "type": "string",
        "value": "43.27%"
    },
    "accessibilityconfig": {
        "a11yARIA": {
            "tabindex": -1
        }
    },
    "allboxes": [],
    "autogrowmode": 0,
    "canUpdateUI": true,
    "children": [
        "CustomerFeedbackDetails"
    ],
    "clipbounds": false,
    "containerweight": 100,
    "enablescrolling": true,
    "id": "flxTransactionDetails",
    "info": null,
    "isvisible": true,
    "kuid": "ic2554358ab24c96bea69257b1e1f294",
    "layouttype": 2,
    "name": "kony.ui.FlexContainer",
    "parent": "flxAcknowledgementContainer",
    "pf": "frmCustomerFeedbackSurvey",
    "responsiveData": {
        "b3": {
            "left": {
                "type": "string",
                "value": "10dp"
            },
            "right": {
                "type": "string",
                "value": "10dp"
            },
            "width": {
                "type": "string",
                "value": ""
            }
        }
    },
    "snapgridsize": 10,
    "snaptogrid": true,
    "wType": "FlexContainer",
    "widgetalignment": 1,
    "zindex": 1
}