{
    "DNDConfig": null,
    "_height_": {
        "type": "ref",
        "value": "preferred"
    },
    "_left_": {
        "type": "string",
        "value": "0dp"
    },
    "_margin_": [
        0,
        0,
        0,
        0
    ],
    "_orientation_": 6,
    "_padding_": [
        0,
        0,
        0,
        0
    ],
    "_percent_": true,
    "_skin_": "s8ebbf74819f4e4bbe88880431c74818",
    "_top_": {
        "type": "string",
        "value": "0dp"
    },
    "_width_": {
        "type": "string",
        "value": "100%"
    },
    "accessibilityconfig": {
        "a11yARIA": {
            "tabindex": -1
        }
    },
    "allboxes": [],
    "autogrowmode": 1,
    "canUpdateUI": true,
    "children": [
        "flxHeaderAck",
        "imgSuccessGreen",
        "lblWeValue",
        "flxThankyouMsg",
        "flxSeperator3"
    ],
    "clipbounds": false,
    "containerweight": 100,
    "enablescrolling": true,
    "id": "flxThankyouWrapper",
    "info": null,
    "iscustomlayout": false,
    "isvisible": true,
    "kuid": "d6a59eb63f4a489d8525e7903285317e",
    "layouttype": 4,
    "name": "kony.ui.FlexContainer",
    "parent": "flxAcknowledgementThankyouMessage",
    "pf": "frmCustomerFeedbackSurvey",
    "responsiveData": {
        "b2": {
            "top": {
                "type": "string",
                "value": "0dp"
            }
        }
    },
    "retaincontentalignment": false,
    "retainflexpositionproperties": false,
    "retainflowhorizontalalignment": false,
    "snapgridsize": 10,
    "snaptogrid": true,
    "wType": "FlexContainer",
    "widgetalignment": 1
}