{
    "@class": "com.kony.gen.viz.model.container.KVizScrollFlexForm",
    "DNDConfig": null,
    "_margin_": [
        0,
        0,
        0,
        0
    ],
    "_orientation_": 1,
    "_padding_": [
        0,
        0,
        0,
        0
    ],
    "_percent_": true,
    "_pxMenuIndex": [
        2,
        1,
        3,
        0
    ],
    "_skin_": "s2f58a140c5647b8a643edf5a6309600",
    "_title_": null,
    "addWidgetsdone": false,
    "allboxes": [],
    "android": {
        "psp": {
            "windowSoftInputMode": 2
        }
    },
    "breakpointInfo": {
        "b1": {
            "width": 1380
        },
        "b2": {
            "width": 1366
        },
        "b3": {
            "width": 640
        },
        "b4": {
            "width": 1024
        }
    },
    "canUpdateUI": true,
    "canvasWidth": 2000,
    "children": [
        "flxHeaderPreLogin",
        "flxHeaderPostLogin",
        "flxMainScroll",
        "flxPopup",
        "flxLogout",
        "flxLoading"
    ],
    "containerweight": 100,
    "controllerInfo": {
        "default": {
            "channel": "desktop",
            "name": "frmCustomerFeedbackSurveyController"
        }
    },
    "currentBreakpoint": {
        "kuid": "b2",
        "width": 1366
    },
    "currentLocale": "default",
    "desktopweb": {
        "needAppMenu": false
    },
    "device": "desktopweb",
    "displayorientation": 1,
    "enabledforidletimeout": true,
    "friendlyName": "frmCustomerFeedbackSurvey",
    "id": "frmCustomerFeedbackSurvey",
    "ide_onDeviceBack": "AS_Form_cff6396449ed4cc2b41260d8f6c11c19",
    "ide_postShow": "AS_Form_acc658fee64f4e6e885e132742097d23",
    "ide_preShow": "AS_Form_ac690e6844694c50ad78fdfc95f09c7f",
    "info": null,
    "initdone": false,
    "inputaccessoryviewtype": 4,
    "ipad": {
        "psp": {
            "inputAccessoryViewType": 4
        }
    },
    "iphone": {
        "psp": {
            "inputAccessoryViewType": 4
        }
    },
    "isvisible": true,
    "kuid": "ad9d39604a4348e1b3724c4bc446e1b4",
    "layouttype": 2,
    "name": "kony.ui.Form2",
    "needappmenu": true,
    "paddinginpixel": false,
    "platform": "desktopweb",
    "prevDevice": "desktopweb",
    "prevPlatform": "desktopweb",
    "responsiveData": {
        "b3": {
            "layoutType": 2
        }
    },
    "retainscrollposition": false,
    "snapgridsize": 10,
    "snaptogrid": true,
    "texti18n": "i18n.common.FeedbackSurvey",
    "titleBarSkin": "s2e24ee0a8ca46b089d8a5bea8a1a32e",
    "titlebar": true,
    "type": 3,
    "vizProps": {
        "globalRespDesignEnabled": false
    },
    "wType": "Form"
}