{
    "@class": "com.kony.gen.viz.model.component.KVizImage2",
    "DNDConfig": null,
    "_base64_": null,
    "_height_": {
        "type": "string",
        "value": "100%"
    },
    "_margin_": [
        0,
        0,
        0,
        0
    ],
    "_padding_": [
        0,
        0,
        0,
        0
    ],
    "_skin_": "s78a5f26c9f14cec9ebed1bb46098f80",
    "_src_": "login_icon_locateus.png",
    "_width_": {
        "type": "string",
        "value": "100%"
    },
    "accessibilityconfig": {
        "a11yARIA": {
            "tabindex": -1
        },
        "a11yHidden": true,
        "a11yValue": ""
    },
    "canUpdateUI": true,
    "containerweight": 100,
    "id": "imgLogout",
    "imagescalemode": 1,
    "imagewhiledownloading": "img_transparent.png",
    "info": null,
    "invokedProperty": "src",
    "isvisible": true,
    "kuid": "cb19b094550041e29acd9c55cfddaf8e",
    "name": "kony.ui.Image2",
    "parent": "flxPreLogout",
    "pf": "frmCustomerFeedbackSurvey",
    "srcType": 1,
    "tooltip": "Sign In",
    "wType": "Image",
    "widgetalignment": 5,
    "zindex": 1
}