{
    "@class": "com.kony.gen.viz.model.component.KVizImage2",
    "DNDConfig": null,
    "_base64_": null,
    "_height_": {
        "type": "string",
        "value": "28dp"
    },
    "_left_": {
        "type": "string",
        "value": "75.30%"
    },
    "_margin_": [
        0,
        0,
        0,
        0
    ],
    "_padding_": [
        0,
        0,
        0,
        0
    ],
    "_skin_": "s78a5f26c9f14cec9ebed1bb46098f80",
    "_src_": "error_yellow.png",
    "_width_": {
        "type": "string",
        "value": "28dp"
    },
    "accessibilityconfig": {
        "a11yARIA": {
            "tabindex": -1
        },
        "a11yHidden": true,
        "a11yValue": ""
    },
    "canUpdateUI": true,
    "centery": {
        "type": "string",
        "value": "50%"
    },
    "containerweight": 100,
    "id": "imgReminder",
    "imagescalemode": 1,
    "info": null,
    "invokedProperty": "src",
    "isvisible": true,
    "kuid": "ef84fcc234db428487376047d444b54a",
    "name": "kony.ui.Image2",
    "parent": "flxMainHeader",
    "pf": "frmCustomerFeedbackSurvey",
    "responsiveData": {
        "b1": {
            "left": {
                "type": "string",
                "value": "69.20%"
            }
        },
        "b2": {
            "left": {
                "type": "string",
                "value": "69.50%"
            }
        },
        "b3": {
            "isVisible": false,
            "left": {
                "type": "string",
                "value": "64%"
            }
        },
        "b4": {
            "left": {
                "type": "string",
                "value": "70%"
            }
        }
    },
    "srcType": 1,
    "tooltip": "",
    "wType": "Image",
    "widgetalignment": 5,
    "zindex": 1
}