{
    "@class": "com.kony.gen.viz.model.component.KVizImage2",
    "DNDConfig": null,
    "_base64_": null,
    "_height_": {
        "type": "string",
        "value": "60dp"
    },
    "_left_": {
        "type": "string",
        "value": "2.35%"
    },
    "_margin_": [
        0,
        0,
        0,
        0
    ],
    "_padding_": [
        0,
        0,
        0,
        0
    ],
    "_skin_": "s78a5f26c9f14cec9ebed1bb46098f80",
    "_src_": "success_green.png",
    "_top_": {
        "type": "string",
        "value": "50dp"
    },
    "_width_": {
        "type": "string",
        "value": "60dp"
    },
    "accessibilityconfig": {
        "a11yARIA": {
            "tabindex": -1
        },
        "a11yHidden": true,
        "a11yValue": ""
    },
    "canUpdateUI": true,
    "centerx": {
        "type": "number",
        "value": ""
    },
    "centery": {
        "type": "string",
        "value": ""
    },
    "containerweight": 100,
    "id": "imgSuccessGreen",
    "imagescalemode": 1,
    "info": null,
    "invokedProperty": "src",
    "isvisible": true,
    "kuid": "ic903840276a4a6f9d98edb986d9ea55",
    "name": "kony.ui.Image2",
    "parent": "flxThankyouWrapper",
    "pf": "frmCustomerFeedbackSurvey",
    "responsiveData": {
        "b1": {
            "top": {
                "type": "string",
                "value": "20dp"
            }
        },
        "b2": {
            "top": {
                "type": "string",
                "value": "20dp"
            }
        },
        "b3": {
            "centerX": {
                "type": "string",
                "value": "50%"
            },
            "left": {
                "type": "string",
                "value": ""
            }
        },
        "b4": {
            "centerX": {
                "type": "string",
                "value": "50%"
            },
            "left": {
                "type": "string",
                "value": ""
            }
        }
    },
    "srcType": 1,
    "tooltip": "",
    "wType": "Image",
    "widgetalignment": 5,
    "zindex": 1
}