{
    "@class": "com.kony.gen.viz.model.component.KVizLabel",
    "DNDConfig": null,
    "_height_": {
        "type": "ref",
        "value": "preferred"
    },
    "_left_": {
        "type": "number",
        "value": ""
    },
    "_margin_": [
        1,
        1,
        1,
        1
    ],
    "_padding_": [
        0,
        0,
        0,
        0
    ],
    "_skin_": "s7c5481167ef4f8dbefb3f332c9b7aca",
    "_text_": "Survey",
    "_top_": {
        "type": "string",
        "value": "0dp"
    },
    "_width_": {
        "type": "string",
        "value": "1200dp"
    },
    "_wrapping_": 2,
    "accessibilityconfig": {
        "a11yARIA": {
            "tabindex": -1
        },
        "tagName": "span"
    },
    "android": {
        "textStyle": {
            "letterSpacing": 0,
            "strikeThrough": false
        }
    },
    "canUpdateUI": true,
    "centerx": {
        "type": "string",
        "value": "50%"
    },
    "centery": {
        "type": "string",
        "value": ""
    },
    "containerweight": 100,
    "contentalignment": 4,
    "id": "lblAck",
    "info": null,
    "ipad": {
        "psp": {
            "wrapping": 2
        }
    },
    "iphone": {
        "psp": {
            "wrapping": 2
        }
    },
    "isvisible": true,
    "kuid": "e70f8a67d17d49b2870076592f66f16a",
    "name": "kony.ui.Label",
    "parent": "flxHeaderAck",
    "pf": "frmCustomerFeedbackSurvey",
    "responsiveData": {
        "b3": {
            "centerX": {
                "type": "string",
                "value": ""
            },
            "isVisible": true,
            "left": {
                "type": "string",
                "value": "10dp"
            },
            "text": "Survey",
            "width": {
                "type": "ref",
                "value": "preferred"
            }
        },
        "b4": {
            "centerX": {
                "type": "string",
                "value": ""
            },
            "left": {
                "type": "string",
                "value": "10dp"
            },
            "skin": "s415be662ebd4bc8b09a3193c2067ba6",
            "text": "Acknowledgement"
        }
    },
    "texti18n": "i18n.transfers.Acknowledgement",
    "tooltip": "",
    "wType": "Label",
    "zindex": 10
}