{
    "@class": "com.kony.gen.viz.model.component.KVizLabel",
    "DNDConfig": null,
    "_height_": {
        "type": "string",
        "value": "20dp"
    },
    "_margin_": [
        1,
        1,
        1,
        1
    ],
    "_padding_": [
        0,
        0,
        0,
        0
    ],
    "_right_": {
        "type": "string",
        "value": "13%"
    },
    "_skin_": "s10e8b1e874b43f8b3545d6a1375c8b5",
    "_text_": "You haven't signed in",
    "_width_": {
        "type": "ref",
        "value": "preferred"
    },
    "_wrapping_": 2,
    "accessibilityconfig": {
        "a11yARIA": {
            "tabindex": -1
        },
        "tagName": "span"
    },
    "android": {
        "textStyle": {
            "letterSpacing": 0,
            "strikeThrough": false
        }
    },
    "canUpdateUI": true,
    "centerx": {
        "type": "number",
        "value": ""
    },
    "centery": {
        "type": "string",
        "value": "50%"
    },
    "containerweight": 100,
    "contentalignment": 4,
    "id": "lblKonyBank",
    "info": null,
    "ipad": {
        "psp": {
            "wrapping": 2
        }
    },
    "iphone": {
        "psp": {
            "wrapping": 2
        }
    },
    "isvisible": true,
    "kuid": "e90b3523b34142039898b0c6bceba0bd",
    "name": "kony.ui.Label",
    "parent": "flxMainHeader",
    "pf": "frmCustomerFeedbackSurvey",
    "responsiveData": {
        "b1": {
            "height": {
                "type": "ref",
                "value": "preferred"
            },
            "width": {
                "type": "string",
                "value": "15%"
            }
        },
        "b2": {
            "height": {
                "type": "ref",
                "value": "preferred"
            },
            "width": {
                "type": "string",
                "value": "15%"
            }
        },
        "b3": {
            "centerX": {
                "type": "string",
                "value": "50%"
            },
            "height": {
                "type": "ref",
                "value": "preferred"
            },
            "text": "Feedback",
            "width": {
                "type": "ref",
                "value": "preferred"
            }
        },
        "b4": {
            "height": {
                "type": "ref",
                "value": "preferred"
            },
            "width": {
                "type": "string",
                "value": "14%"
            }
        }
    },
    "texti18n": "i18n.CustomerFeedback.YouHaveNotLoggedIn",
    "tooltip": "",
    "wType": "Label",
    "zindex": 3
}