{
    "@class": "com.kony.gen.viz.model.component.KVizLabel",
    "DNDConfig": null,
    "_height_": {
        "type": "ref",
        "value": "preferred"
    },
    "_margin_": [
        1,
        1,
        1,
        1
    ],
    "_padding_": [
        0,
        0,
        0,
        0
    ],
    "_right_": {
        "type": "string",
        "value": "0dp"
    },
    "_skin_": "s83048e293c44d249c76558e6c1f206f",
    "_text_": "HELP",
    "_width_": {
        "type": "string",
        "value": "65%"
    },
    "_wrapping_": 2,
    "accessibilityconfig": {
        "a11yARIA": {
            "tabindex": -1
        },
        "tagName": "span"
    },
    "android": {
        "textStyle": {
            "letterSpacing": 0,
            "strikeThrough": false
        }
    },
    "canUpdateUI": true,
    "centery": {
        "type": "string",
        "value": "50%"
    },
    "containerweight": 100,
    "contentalignment": 4,
    "id": "lblLoginMobile",
    "info": null,
    "ipad": {
        "psp": {
            "wrapping": 2
        }
    },
    "iphone": {
        "psp": {
            "wrapping": 2
        }
    },
    "isvisible": true,
    "kuid": "db638c431cd6436180c679d7ef6d7d3f",
    "name": "kony.ui.Label",
    "parent": "flxLoginMobile",
    "pf": "frmCustomerFeedbackSurvey",
    "responsiveData": {
        "b3": {
            "text": "Log in",
            "width": {
                "type": "ref",
                "value": "preferred"
            }
        }
    },
    "texti18n": "i18n.common.login",
    "tooltip": "Help",
    "wType": "Label",
    "zindex": 1
}