{
    "@class": "com.kony.gen.viz.model.component.KVizLabel",
    "DNDConfig": null,
    "_height_": {
        "type": "string",
        "value": "25dp"
    },
    "_margin_": [
        1,
        1,
        1,
        1
    ],
    "_padding_": [
        0,
        0,
        0,
        0
    ],
    "_right_": {
        "type": "string",
        "value": "10.90%"
    },
    "_skin_": "sda58c303fab471b9b3923168682901d",
    "_text_": "-",
    "_width_": {
        "type": "string",
        "value": "1dp"
    },
    "_wrapping_": 2,
    "accessibilityconfig": {
        "a11yARIA": {
            "tabindex": -1
        },
        "a11yHidden": true
    },
    "android": {
        "textStyle": {
            "letterSpacing": 0,
            "strikeThrough": false
        }
    },
    "canUpdateUI": true,
    "centery": {
        "type": "number",
        "value": "37"
    },
    "containerweight": 100,
    "contentalignment": 4,
    "id": "lblSeperator",
    "info": null,
    "ipad": {
        "psp": {
            "wrapping": 2
        }
    },
    "iphone": {
        "psp": {
            "wrapping": 2
        }
    },
    "isvisible": true,
    "kuid": "a6956b5fc7754690afaed4f3de12ef60",
    "name": "kony.ui.Label",
    "parent": "flxMainHeader",
    "pf": "frmCustomerFeedbackSurvey",
    "responsiveData": {
        "b3": {
            "isVisible": false,
            "right": {
                "type": "string",
                "value": "70dp"
            }
        },
        "b4": {
            "right": {
                "type": "string",
                "value": "8.90%"
            }
        }
    },
    "tooltip": "",
    "wType": "Label",
    "zindex": 3
}