{
    "@class": "com.kony.gen.viz.model.component.KVizLabel",
    "DNDConfig": null,
    "_height_": {
        "type": "ref",
        "value": "preferred"
    },
    "_left_": {
        "type": "string",
        "value": "9%"
    },
    "_margin_": [
        1,
        1,
        1,
        1
    ],
    "_padding_": [
        0,
        0,
        2,
        0
    ],
    "_right_": {
        "type": "number",
        "value": ""
    },
    "_skin_": "s18d3552bc4143569a7c5aef6bd5eaa1",
    "_text_": "",
    "_top_": {
        "type": "string",
        "value": "0dp"
    },
    "_width_": {
        "type": "string",
        "value": "90%"
    },
    "_wrapping_": 2,
    "accessibilityconfig": {
        "a11yARIA": {
            "tabindex": -1
        },
        "tagName": "span"
    },
    "android": {
        "textStyle": {
            "letterSpacing": 0,
            "strikeThrough": false
        }
    },
    "canUpdateUI": true,
    "centerx": {
        "type": "number",
        "value": ""
    },
    "centery": {
        "type": "string",
        "value": ""
    },
    "containerweight": 100,
    "contentalignment": 1,
    "id": "lblThankYouMsg",
    "info": null,
    "ipad": {
        "psp": {
            "wrapping": 2
        }
    },
    "iphone": {
        "psp": {
            "wrapping": 2
        }
    },
    "isvisible": true,
    "kuid": "h62b3f0dce2847e6b33fad847c4142b6",
    "name": "kony.ui.Label",
    "paddinginpixel": false,
    "parent": "flxThankyouMsg",
    "pf": "frmCustomerFeedbackSurvey",
    "responsiveData": {
        "b1": {
            "skin": "s7facb3c022b4bb38d1e831ad35515b6"
        },
        "b2": {
            "skin": "s7facb3c022b4bb38d1e831ad35515b6"
        },
        "b3": {
            "centerX": {
                "type": "string",
                "value": "50%"
            },
            "contentAlignment": 2,
            "left": {
                "type": "string",
                "value": ""
            }
        },
        "b4": {
            "centerX": {
                "type": "string",
                "value": "50%"
            },
            "contentAlignment": 2,
            "left": {
                "type": "string",
                "value": ""
            },
            "right": {
                "type": "string",
                "value": ""
            },
            "skin": "s18d3552bc4143569a7c5aef6bd5eaa1"
        }
    },
    "texti18n": "i18.CustomerFeedback.ThankyouForCompletingTheSurvey",
    "tooltip": "",
    "wType": "Label",
    "zindex": 1
}