{
    "@class": "com.kony.gen.viz.model.component.KVizLabel",
    "DNDConfig": null,
    "_height_": {
        "type": "ref",
        "value": "preferred"
    },
    "_left_": {
        "type": "string",
        "value": "9%"
    },
    "_margin_": [
        1,
        1,
        1,
        1
    ],
    "_padding_": [
        0,
        0,
        2,
        0
    ],
    "_skin_": "saba7a95163a455f8f2f131435e16122",
    "_text_": "",
    "_top_": {
        "type": "string",
        "value": "15dp"
    },
    "_width_": {
        "type": "string",
        "value": "90%"
    },
    "_wrapping_": 2,
    "accessibilityconfig": {
        "a11yARIA": {
            "tabindex": -1
        },
        "tagName": "span"
    },
    "android": {
        "textStyle": {
            "letterSpacing": 0,
            "strikeThrough": false
        }
    },
    "canUpdateUI": true,
    "centerx": {
        "type": "number",
        "value": ""
    },
    "containerweight": 100,
    "contentalignment": 1,
    "id": "lblWeValue",
    "info": null,
    "ipad": {
        "psp": {
            "wrapping": 2
        }
    },
    "iphone": {
        "psp": {
            "wrapping": 2
        }
    },
    "isvisible": false,
    "kuid": "f50ba963510048a9bacb94c032fc76e9",
    "name": "kony.ui.Label",
    "paddinginpixel": false,
    "parent": "flxThankyouWrapper",
    "pf": "frmCustomerFeedbackSurvey",
    "responsiveData": {
        "b1": {},
        "b2": {},
        "b3": {
            "centerX": {
                "type": "string",
                "value": "50%"
            },
            "contentAlignment": 2,
            "left": {
                "type": "string",
                "value": ""
            }
        },
        "b4": {
            "centerX": {
                "type": "string",
                "value": "50%"
            },
            "contentAlignment": 2,
            "isVisible": true,
            "left": {
                "type": "string",
                "value": ""
            },
            "skin": "saba7a95163a455f8f2f131435e16122",
            "text": "We value your feedback."
        }
    },
    "tooltip": "",
    "wType": "Label",
    "zindex": 1
}