{
    "@class": "com.kony.gen.viz.model.container.KVizSegment2",
    "DNDConfig": null,
    "_data_": [],
    "_height_": {
        "type": "ref",
        "value": "preferred"
    },
    "_indicator_": "none",
    "_left_": {
        "type": "string",
        "value": "0dp"
    },
    "_margin_": [
        0,
        0,
        0,
        0
    ],
    "_orientation_": 2,
    "_padding_": [
        0,
        0,
        0,
        0
    ],
    "_top_": {
        "type": "string",
        "value": "0dp"
    },
    "_width_": {
        "type": "string",
        "value": "100%"
    },
    "accessibilityconfig": {
        "a11yARIA": {
            "tabindex": -1
        }
    },
    "autogrowmode": 1,
    "canUpdateUI": true,
    "containerweight": 100,
    "counter": "02",
    "desktop": {
        "_data_": [
            {
                "imgRating1": {
                    "@class": "com.viz.ide.model.segment.ImageSegmentData",
                    "src": "circle_blue_filled.png"
                },
                "imgRating2": {
                    "@class": "com.viz.ide.model.segment.ImageSegmentData",
                    "src": "circle_blue_filled.png"
                },
                "imgRating3": {
                    "@class": "com.viz.ide.model.segment.ImageSegmentData",
                    "src": "circle_blue_filled.png"
                },
                "imgRating4": {
                    "@class": "com.viz.ide.model.segment.ImageSegmentData",
                    "src": "circle_blue_filled.png"
                },
                "imgRating5": {
                    "@class": "com.viz.ide.model.segment.ImageSegmentData",
                    "src": "circle_unfilled.png"
                },
                "lblRateYourExpeience": {
                    "@class": "com.viz.ide.model.segment.SimpleTextSegmentData",
                    "i18nkey": "i18n.CustomerFeedback.HowEasyWasTheMoneyTransferProcess?",
                    "text": "Label"
                },
                "lblVeryEasy": {
                    "@class": "com.viz.ide.model.segment.SimpleTextSegmentData",
                    "i18nkey": "i18n.CustomerFeedback.VERYEASY",
                    "text": "Label"
                },
                "lblVeryHard": {
                    "@class": "com.viz.ide.model.segment.SimpleTextSegmentData",
                    "i18nkey": "i18n.CustomerFeedback.VeryHard",
                    "text": "Label"
                }
            },
            {
                "imgRating1": {
                    "@class": "com.viz.ide.model.segment.ImageSegmentData",
                    "src": "circle_blue_filled.png"
                },
                "imgRating2": {
                    "@class": "com.viz.ide.model.segment.ImageSegmentData",
                    "src": "circle_blue_filled.png"
                },
                "imgRating3": {
                    "@class": "com.viz.ide.model.segment.ImageSegmentData",
                    "src": "circle_blue_filled.png"
                },
                "imgRating4": {
                    "@class": "com.viz.ide.model.segment.ImageSegmentData",
                    "src": "circle_blue_filled.png"
                },
                "imgRating5": {
                    "@class": "com.viz.ide.model.segment.ImageSegmentData",
                    "src": "circle_unfilled.png"
                },
                "lblRateYourExpeience": {
                    "@class": "com.viz.ide.model.segment.SimpleTextSegmentData",
                    "i18nkey": "i18n.CustomerFeedback.HowEasyWasTheMoneyTransferProcess?",
                    "text": "Label"
                },
                "lblVeryEasy": {
                    "@class": "com.viz.ide.model.segment.SimpleTextSegmentData",
                    "i18nkey": "i18n.CustomerFeedback.VERYEASY",
                    "text": "Label"
                },
                "lblVeryHard": {
                    "@class": "com.viz.ide.model.segment.SimpleTextSegmentData",
                    "i18nkey": "i18n.CustomerFeedback.VeryHard",
                    "text": "Label"
                }
            }
        ],
        "rowTemplateId": "a19ed45f43da40b49afef12af7b0aa60",
        "rowtemplate": "flxRowSurvey",
        "widgetdatamap": {
            "flxRating1": "flxRating1",
            "flxRating2": "flxRating2",
            "flxRating3": "flxRating3",
            "flxRating4": "flxRating4",
            "flxRating5": "flxRating5",
            "flxRatingimg": "flxRatingimg",
            "flxRowSurvey": "flxRowSurvey",
            "flxSurveyQuestion1Wrapper": "flxSurveyQuestion1Wrapper",
            "flxaddress": "flxaddress",
            "imgRating1": "imgRating1",
            "imgRating2": "imgRating2",
            "imgRating3": "imgRating3",
            "imgRating4": "imgRating4",
            "imgRating5": "imgRating5",
            "lblRateYourExpeience": "lblRateYourExpeience",
            "lblVeryEasy": "lblVeryEasy",
            "lblVeryHard": "lblVeryHard"
        }
    },
    "focusedindex": null,
    "focuseditem": null,
    "groupcells": false,
    "hasSections": false,
    "id": "segSurveyQuestion",
    "info": null,
    "ipad": {
        "psp": {
            "indicator": "rowselect"
        }
    },
    "iphone": {
        "psp": {
            "indicator": "rowselect"
        }
    },
    "isvisible": true,
    "kuid": "fc88ba5794ab4b11be00e6c96273fd70",
    "masterdata": {},
    "mobile": {
        "rowTemplateId": null,
        "rowtemplate": null,
        "sectionHeaderTemplateId": null
    },
    "name": "kony.ui.SegmentedUI2",
    "needpageindicator": true,
    "pageoffdotimage": "pageoffdot.png",
    "pageondotimage": "pageondot.png",
    "paginationconfig": {
        "position": "bottom"
    },
    "parent": "flxaddress",
    "pf": "frmCustomerFeedbackSurvey",
    "retainselection": false,
    "rowTemplateId": "e04b7974f4e04ac4bc6b95835dadb36b",
    "rowcounter": 2,
    "rowfocusskin": "s9f69e977910472eb44c62ae28c41fe1",
    "rowskin": "scf5f90f6ac04976ab88b2a4f7153285",
    "rowtemplate": "flxRowFeedbackSurveyQuestion",
    "screenlevelwidget": false,
    "seccounter": 0,
    "sectionheaderskin": "sdc4ff4ed1584272be2ae69045dfb29d",
    "selectedRows": null,
    "selectedState": false,
    "selectedindex": null,
    "selectedindices": null,
    "selecteditems": null,
    "selectedsectionindex": 0,
    "selectionbehavior": "default",
    "separatorcolor": "64646400",
    "separatorrequired": false,
    "separatorthickness": 1,
    "showscrollbars": false,
    "viewtype": "tableview",
    "vizProps": {},
    "wType": "Segment",
    "widgetalignment": 5,
    "widgetdatamap": {
        "flxQuestion1": "flxQuestion1",
        "flxRowFeedbackSurveyQuestion": "flxRowFeedbackSurveyQuestion",
        "flxSurveyQuestionWrapper": "flxSurveyQuestionWrapper",
        "lblAnswer1": "lblAnswer1",
        "lblQuestion1": "lblQuestion1",
        "lblQuestionNo1": "lblQuestionNo1"
    },
    "zindex": 1
}